<?xml version='1.0' encoding='utf-8'?>
<kml xmlns="http://www.opengis.net/kml/2.2">
  <Document>
    <name>Minneapolis Mayor 2025 - RCV Final Round Results</name>
    <Placemark>
      <name>Minneapolis W-1 P-1</name>
      <description>&lt;![CDATA[
&lt;h3&gt;Minneapolis W-1 P-1&lt;/h3&gt;
&lt;b&gt;RCV Final Round Results:&lt;/b&gt;&lt;br/&gt;
&lt;b style="color:blue;"&gt;Jacob Frey:&lt;/b&gt; 296 (50.2%)&lt;br/&gt;
&lt;b style="color:red;"&gt;Omar Fateh:&lt;/b&gt; 259 (43.9%)&lt;br/&gt;
&lt;b&gt;Exhausted:&lt;/b&gt; 35 (5.9%)&lt;br/&gt;
&lt;b&gt;Total Ballots:&lt;/b&gt; 590&lt;br/&gt;
&lt;br/&gt;
&lt;b&gt;Winner: Frey&lt;/b&gt;
]]&gt;</description>
      <Polygon>
        <outerBoundaryIs>
          <LinearRing>
            <coordinates>-93.2677142207616,45.0355339236874 -93.2472038919357,45.0355161822105 -93.2472853812819,45.0258286324971 -93.2474413800897,45.02578063115 -93.2474453801609,45.0256876322034 -93.2477583789698,45.0256586312412 -93.2481473782983,45.0255326309742 -93.2486123762606,45.0252426296599 -93.2495003731034,45.0247606283713 -93.2503693702538,45.0244606280022 -93.2510963717019,45.0242896275483 -93.2515803714768,45.0242326269336 -93.2519793713226,45.024232627276 -93.2524073713299,45.0242756261879 -93.2532043735225,45.0245176247844 -93.2542733743177,45.0247036237205 -93.2554173756191,45.0247166223262 -93.2561273756511,45.0246746220908 -93.2575613767668,45.024670620579 -93.2580573766021,45.0247086207633 -93.258515378363,45.0248346198793 -93.258729376955,45.0249266194394 -93.2590873785169,45.025170618909 -93.2599403801126,45.0261216164846 -93.2600313807527,45.0263766159765 -93.2600313809604,45.0266376154136 -93.2598673812508,45.0270376153408 -93.2598493813891,45.0272376149222 -93.2600713815874,45.0275966144612 -93.2776873961986,45.0275735972563 -93.2780963963125,45.0276295969997 -93.2783823965053,45.0277275964591 -93.2785713971208,45.0278715965581 -93.279304398322,45.0288705939626 -93.2801074005485,45.0297315916362 -93.2804864011734,45.0302025912374 -93.2807254018665,45.0308845901966 -93.2811484036329,45.0317865885675 -93.2811564035865,45.0319715887111 -93.2811194037636,45.0320925883851 -93.280946404385,45.0322765875039 -93.2808944046916,45.0324525875984 -93.2810224054765,45.032715587015 -93.2811444048891,45.0328605866188 -93.2815104057329,45.0327045870497 -93.2826894054661,45.0324205859002 -93.283208407936,45.0334455840458 -93.2834023650178,45.034519895369 -93.2834793391776,45.0354664317498 -93.2768601926245,45.0354703447981 -93.2677142207616,45.0355339236874</coordinates>
          </LinearRing>
        </outerBoundaryIs>
      </Polygon>
      <Style>
        <PolyStyle>
          <color>cc644040</color>
          <fill>1</fill>
          <outline>1</outline>
        </PolyStyle>
        <LineStyle>
          <color>ff000000</color>
          <width>1</width>
        </LineStyle>
      </Style>
    </Placemark>
    <Placemark>
      <name>Minneapolis W-1 P-2</name>
      <description>&lt;![CDATA[
&lt;h3&gt;Minneapolis W-1 P-2&lt;/h3&gt;
&lt;b&gt;RCV Final Round Results:&lt;/b&gt;&lt;br/&gt;
&lt;b style="color:blue;"&gt;Jacob Frey:&lt;/b&gt; 265 (44.4%)&lt;br/&gt;
&lt;b style="color:red;"&gt;Omar Fateh:&lt;/b&gt; 285 (47.7%)&lt;br/&gt;
&lt;b&gt;Exhausted:&lt;/b&gt; 47 (7.9%)&lt;br/&gt;
&lt;b&gt;Total Ballots:&lt;/b&gt; 597&lt;br/&gt;
&lt;br/&gt;
&lt;b&gt;Winner: Fateh&lt;/b&gt;
]]&gt;</description>
      <Polygon>
        <outerBoundaryIs>
          <LinearRing>
            <coordinates>-93.2630883849991,45.0275966119565 -93.2630313835401,45.0271856124799 -93.2626403829618,45.0260386135682 -93.2626393824967,45.0257566141296 -93.2626883762054,45.0208026214405 -93.2627263752343,45.0205166215755 -93.263116374802,45.0190406231931 -93.2631463732828,45.0187316237165 -93.2630773676626,45.0131546316141 -93.2728663742205,45.0131586216301 -93.2748823766875,45.0131196201689 -93.2750663790075,45.0147336180379 -93.2758863795451,45.0159046154909 -93.2765963826308,45.0177046120891 -93.2774593892892,45.0219216048762 -93.277924390386,45.0229536033856 -93.2781393918616,45.0238376025879 -93.2786223936791,45.0249756006577 -93.2800183969636,45.0271695957196 -93.2811774007292,45.0287555926282 -93.2821854033345,45.0307445889287 -93.2826894054661,45.0324205859002 -93.2815104057329,45.0327045870497 -93.2811444048891,45.0328605866188 -93.2810224054765,45.032715587015 -93.2808944046916,45.0324525875984 -93.280946404385,45.0322765875039 -93.2811194037636,45.0320925883851 -93.2811564035865,45.0319715887111 -93.2811484036329,45.0317865885675 -93.2807254018665,45.0308845901966 -93.2804864011734,45.0302025912374 -93.2801074005485,45.0297315916362 -93.279304398322,45.0288705939626 -93.2785713971208,45.0278715965581 -93.2783823965053,45.0277275964591 -93.2780963963125,45.0276295969997 -93.2776873961986,45.0275735972563 -93.2630883849991,45.0275966119565</coordinates>
          </LinearRing>
        </outerBoundaryIs>
      </Polygon>
      <Style>
        <PolyStyle>
          <color>cc40405c</color>
          <fill>1</fill>
          <outline>1</outline>
        </PolyStyle>
        <LineStyle>
          <color>ff000000</color>
          <width>1</width>
        </LineStyle>
      </Style>
    </Placemark>
    <Placemark>
      <name>Minneapolis W-1 P-3</name>
      <description>&lt;![CDATA[
&lt;h3&gt;Minneapolis W-1 P-3&lt;/h3&gt;
&lt;b&gt;RCV Final Round Results:&lt;/b&gt;&lt;br/&gt;
&lt;b style="color:blue;"&gt;Jacob Frey:&lt;/b&gt; 192 (30.1%)&lt;br/&gt;
&lt;b style="color:red;"&gt;Omar Fateh:&lt;/b&gt; 411 (64.5%)&lt;br/&gt;
&lt;b&gt;Exhausted:&lt;/b&gt; 34 (5.3%)&lt;br/&gt;
&lt;b&gt;Total Ballots:&lt;/b&gt; 637&lt;br/&gt;
&lt;br/&gt;
&lt;b&gt;Winner: Fateh&lt;/b&gt;
]]&gt;</description>
      <Polygon>
        <outerBoundaryIs>
          <LinearRing>
            <coordinates>-93.2630773676626,45.0131546316141 -93.2630623574733,45.0052806418187 -93.2676633614294,45.0052926375973 -93.2676633608536,45.0050326381953 -93.2688653613935,45.0050346367516 -93.2688533629825,45.0060476352283 -93.2727463654559,45.0060226317192 -93.2744293669918,45.0059366296043 -93.2748823766875,45.0131196201689 -93.2728663742205,45.0131586216301 -93.2630773676626,45.0131546316141</coordinates>
          </LinearRing>
        </outerBoundaryIs>
      </Polygon>
      <Style>
        <PolyStyle>
          <color>cc404091</color>
          <fill>1</fill>
          <outline>1</outline>
        </PolyStyle>
        <LineStyle>
          <color>ff000000</color>
          <width>1</width>
        </LineStyle>
      </Style>
    </Placemark>
    <Placemark>
      <name>Minneapolis W-1 P-4</name>
      <description>&lt;![CDATA[
&lt;h3&gt;Minneapolis W-1 P-4&lt;/h3&gt;
&lt;b&gt;RCV Final Round Results:&lt;/b&gt;&lt;br/&gt;
&lt;b style="color:blue;"&gt;Jacob Frey:&lt;/b&gt; 600 (37.7%)&lt;br/&gt;
&lt;b style="color:red;"&gt;Omar Fateh:&lt;/b&gt; 887 (55.8%)&lt;br/&gt;
&lt;b&gt;Exhausted:&lt;/b&gt; 103 (6.5%)&lt;br/&gt;
&lt;b&gt;Total Ballots:&lt;/b&gt; 1,590&lt;br/&gt;
&lt;br/&gt;
&lt;b&gt;Winner: Fateh&lt;/b&gt;
]]&gt;</description>
      <Polygon>
        <outerBoundaryIs>
          <LinearRing>
            <coordinates>-93.2477583789698,45.0256586312412 -93.2472783812983,45.0256896326105 -93.2472783790192,45.0240146345298 -93.247337376255,45.0221986367374 -93.2473383733327,45.0203796395337 -93.2472833714714,45.0185536417432 -93.2472893690743,45.0168986442608 -93.2473383694518,45.0167626446225 -93.2473303582612,45.0078896574357 -93.2524423519976,45.0079056486857 -93.2524423511385,45.0074976491003 -93.2569593548372,45.0074706444609 -93.2570133540058,45.0065146457203 -93.2573053536963,45.0062426461743 -93.2575623537929,45.0059256459947 -93.2575463529303,45.0052346470919 -93.2615523567848,45.0052466428728 -93.2615593558932,45.0052736433616 -93.2630623574733,45.0052806418187 -93.2630773676626,45.0131546316141 -93.2631463732828,45.0187316237165 -93.263116374802,45.0190406231931 -93.2627263752343,45.0205166215755 -93.2626883762054,45.0208026214405 -93.2626393824967,45.0257566141296 -93.2626403829618,45.0260386135682 -93.2630313835401,45.0271856124799 -93.2630883849991,45.0275966119565 -93.2600713815874,45.0275966144612 -93.2598493813891,45.0272376149222 -93.2598673812508,45.0270376153408 -93.2600013812504,45.0267286152733 -93.260037381019,45.0265456160969 -93.2600013798857,45.0262666165919 -93.259861380295,45.0260056163489 -93.2590873785169,45.025170618909 -93.2589193782238,45.0250406187032 -93.258515378363,45.0248346198793 -93.2580573766021,45.0247086207633 -93.2578053764081,45.0246786206791 -93.2568443765957,45.0246636212577 -93.2554173756191,45.0247166223262 -93.2542733743177,45.0247036237205 -93.2532043735225,45.0245176247844 -93.2524073713299,45.0242756261879 -93.2519793713226,45.024232627276 -93.2515803714768,45.0242326269336 -93.2510963717019,45.0242896275483 -93.2503693702538,45.0244606280022 -93.2499273709773,45.0246036282724 -93.2495003731034,45.0247606283713 -93.2486123762606,45.0252426296599 -93.2481473782983,45.0255326309742 -93.2477583789698,45.0256586312412</coordinates>
          </LinearRing>
        </outerBoundaryIs>
      </Polygon>
      <Style>
        <PolyStyle>
          <color>cc404075</color>
          <fill>1</fill>
          <outline>1</outline>
        </PolyStyle>
        <LineStyle>
          <color>ff000000</color>
          <width>1</width>
        </LineStyle>
      </Style>
    </Placemark>
    <Placemark>
      <name>Minneapolis W-1 P-5</name>
      <description>&lt;![CDATA[
&lt;h3&gt;Minneapolis W-1 P-5&lt;/h3&gt;
&lt;b&gt;RCV Final Round Results:&lt;/b&gt;&lt;br/&gt;
&lt;b style="color:blue;"&gt;Jacob Frey:&lt;/b&gt; 698 (51.2%)&lt;br/&gt;
&lt;b style="color:red;"&gt;Omar Fateh:&lt;/b&gt; 577 (42.4%)&lt;br/&gt;
&lt;b&gt;Exhausted:&lt;/b&gt; 87 (6.4%)&lt;br/&gt;
&lt;b&gt;Total Ballots:&lt;/b&gt; 1,362&lt;br/&gt;
&lt;br/&gt;
&lt;b&gt;Winner: Frey&lt;/b&gt;
]]&gt;</description>
      <Polygon>
        <outerBoundaryIs>
          <LinearRing>
            <coordinates>-93.2268914501482,45.0277226716951 -93.2472723824531,45.0276046295239 -93.2472038919357,45.0355161822105 -93.2269224633366,45.0356328091076 -93.2268914501482,45.0277226716951</coordinates>
          </LinearRing>
        </outerBoundaryIs>
      </Polygon>
      <Style>
        <PolyStyle>
          <color>cc674040</color>
          <fill>1</fill>
          <outline>1</outline>
        </PolyStyle>
        <LineStyle>
          <color>ff000000</color>
          <width>1</width>
        </LineStyle>
      </Style>
    </Placemark>
    <Placemark>
      <name>Minneapolis W-1 P-6</name>
      <description>&lt;![CDATA[
&lt;h3&gt;Minneapolis W-1 P-6&lt;/h3&gt;
&lt;b&gt;RCV Final Round Results:&lt;/b&gt;&lt;br/&gt;
&lt;b style="color:blue;"&gt;Jacob Frey:&lt;/b&gt; 955 (53.3%)&lt;br/&gt;
&lt;b style="color:red;"&gt;Omar Fateh:&lt;/b&gt; 738 (41.2%)&lt;br/&gt;
&lt;b&gt;Exhausted:&lt;/b&gt; 99 (5.5%)&lt;br/&gt;
&lt;b&gt;Total Ballots:&lt;/b&gt; 1,792&lt;br/&gt;
&lt;br/&gt;
&lt;b&gt;Winner: Frey&lt;/b&gt;
]]&gt;</description>
      <Polygon>
        <outerBoundaryIs>
          <LinearRing>
            <coordinates>-93.2268914501482,45.0277226716951 -93.226861437604,45.0204666827677 -93.2473383733327,45.0203796395337 -93.2472783812983,45.0256896326105 -93.2474453801609,45.0256876322034 -93.2474413800897,45.02578063115 -93.2472853812819,45.0258286324971 -93.2472723824531,45.0276046295239 -93.2268914501482,45.0277226716951</coordinates>
          </LinearRing>
        </outerBoundaryIs>
      </Polygon>
      <Style>
        <PolyStyle>
          <color>cc6e4040</color>
          <fill>1</fill>
          <outline>1</outline>
        </PolyStyle>
        <LineStyle>
          <color>ff000000</color>
          <width>1</width>
        </LineStyle>
      </Style>
    </Placemark>
    <Placemark>
      <name>Minneapolis W-1 P-7</name>
      <description>&lt;![CDATA[
&lt;h3&gt;Minneapolis W-1 P-7&lt;/h3&gt;
&lt;b&gt;RCV Final Round Results:&lt;/b&gt;&lt;br/&gt;
&lt;b style="color:blue;"&gt;Jacob Frey:&lt;/b&gt; 936 (51.1%)&lt;br/&gt;
&lt;b style="color:red;"&gt;Omar Fateh:&lt;/b&gt; 796 (43.5%)&lt;br/&gt;
&lt;b&gt;Exhausted:&lt;/b&gt; 98 (5.4%)&lt;br/&gt;
&lt;b&gt;Total Ballots:&lt;/b&gt; 1,830&lt;br/&gt;
&lt;br/&gt;
&lt;b&gt;Winner: Frey&lt;/b&gt;
]]&gt;</description>
      <Polygon>
        <outerBoundaryIs>
          <LinearRing>
            <coordinates>-93.226861437604,45.0204666827677 -93.2268384246677,45.0132076928455 -93.2473303644469,45.0131546495519 -93.2473383694518,45.0167626446225 -93.2472893690743,45.0168986442608 -93.2472833714714,45.0185536417432 -93.2473383733327,45.0203796395337 -93.226861437604,45.0204666827677</coordinates>
          </LinearRing>
        </outerBoundaryIs>
      </Polygon>
      <Style>
        <PolyStyle>
          <color>cc674040</color>
          <fill>1</fill>
          <outline>1</outline>
        </PolyStyle>
        <LineStyle>
          <color>ff000000</color>
          <width>1</width>
        </LineStyle>
      </Style>
    </Placemark>
    <Placemark>
      <name>Minneapolis W-1 P-8</name>
      <description>&lt;![CDATA[
&lt;h3&gt;Minneapolis W-1 P-8&lt;/h3&gt;
&lt;b&gt;RCV Final Round Results:&lt;/b&gt;&lt;br/&gt;
&lt;b style="color:blue;"&gt;Jacob Frey:&lt;/b&gt; 383 (43.9%)&lt;br/&gt;
&lt;b style="color:red;"&gt;Omar Fateh:&lt;/b&gt; 451 (51.7%)&lt;br/&gt;
&lt;b&gt;Exhausted:&lt;/b&gt; 39 (4.5%)&lt;br/&gt;
&lt;b&gt;Total Ballots:&lt;/b&gt; 873&lt;br/&gt;
&lt;br/&gt;
&lt;b&gt;Winner: Fateh&lt;/b&gt;
]]&gt;</description>
      <Polygon>
        <outerBoundaryIs>
          <LinearRing>
            <coordinates>-93.2473303582612,45.0078896574357 -93.2473603487634,45.0002836675968 -93.2474243460553,44.9998676670085 -93.2474073348318,44.9987076664672 -93.2575233337946,44.9987046535887 -93.2575623537929,45.0059256459947 -93.2573053536963,45.0062426461743 -93.2570133540058,45.0065146457203 -93.2569593548372,45.0074706444609 -93.2524423511385,45.0074976491003 -93.2524423519976,45.0079056486857 -93.2473303582612,45.0078896574357</coordinates>
          </LinearRing>
        </outerBoundaryIs>
      </Polygon>
      <Style>
        <PolyStyle>
          <color>cc404069</color>
          <fill>1</fill>
          <outline>1</outline>
        </PolyStyle>
        <LineStyle>
          <color>ff000000</color>
          <width>1</width>
        </LineStyle>
      </Style>
    </Placemark>
    <Placemark>
      <name>Minneapolis W-1 P-9</name>
      <description>&lt;![CDATA[
&lt;h3&gt;Minneapolis W-1 P-9&lt;/h3&gt;
&lt;b&gt;RCV Final Round Results:&lt;/b&gt;&lt;br/&gt;
&lt;b style="color:blue;"&gt;Jacob Frey:&lt;/b&gt; 572 (41.4%)&lt;br/&gt;
&lt;b style="color:red;"&gt;Omar Fateh:&lt;/b&gt; 735 (53.1%)&lt;br/&gt;
&lt;b&gt;Exhausted:&lt;/b&gt; 76 (5.5%)&lt;br/&gt;
&lt;b&gt;Total Ballots:&lt;/b&gt; 1,383&lt;br/&gt;
&lt;br/&gt;
&lt;b&gt;Winner: Fateh&lt;/b&gt;
]]&gt;</description>
      <Polygon>
        <outerBoundaryIs>
          <LinearRing>
            <coordinates>-93.2368403764923,45.0010086895666 -93.2373473736705,45.0002576890928 -93.2376413701014,44.9997456884453 -93.2381523593289,44.9987046866312 -93.2474073348318,44.9987076664672 -93.2474243460553,44.9998676670085 -93.2473603487634,45.0002836675968 -93.2473303644469,45.0131546495519 -93.2371453947952,45.0131886713394 -93.2371683831324,45.0059746814858 -93.2372223834982,45.0058416812719 -93.2371883827821,45.0056636816539 -93.2372403790195,45.0032746848657 -93.2372103765307,45.0017156872737 -93.2371253763501,45.0014766876522 -93.2368403764923,45.0010086895666</coordinates>
          </LinearRing>
        </outerBoundaryIs>
      </Polygon>
      <Style>
        <PolyStyle>
          <color>cc40406d</color>
          <fill>1</fill>
          <outline>1</outline>
        </PolyStyle>
        <LineStyle>
          <color>ff000000</color>
          <width>1</width>
        </LineStyle>
      </Style>
    </Placemark>
    <Placemark>
      <name>Minneapolis W-1 P-10</name>
      <description>&lt;![CDATA[
&lt;h3&gt;Minneapolis W-1 P-10&lt;/h3&gt;
&lt;b&gt;RCV Final Round Results:&lt;/b&gt;&lt;br/&gt;
&lt;b style="color:blue;"&gt;Jacob Frey:&lt;/b&gt; 695 (56.2%)&lt;br/&gt;
&lt;b style="color:red;"&gt;Omar Fateh:&lt;/b&gt; 463 (37.5%)&lt;br/&gt;
&lt;b&gt;Exhausted:&lt;/b&gt; 78 (6.3%)&lt;br/&gt;
&lt;b&gt;Total Ballots:&lt;/b&gt; 1,236&lt;br/&gt;
&lt;br/&gt;
&lt;b&gt;Winner: Frey&lt;/b&gt;
]]&gt;</description>
      <Polygon>
        <outerBoundaryIs>
          <LinearRing>
            <coordinates>-93.2077817132796,45.0061313967889 -93.2082994613015,45.0059337437674 -93.2134114443091,45.0037487358917 -93.2168044313999,45.002239731566 -93.218255426569,45.0016847288072 -93.2193424226427,45.0013587271607 -93.2200664202779,45.0011857247788 -93.22129141655,45.0010117227135 -93.22299341248,45.0008877196933 -93.224033409164,45.000911717316 -93.2246924081595,45.0009727153509 -93.2259864053243,45.0011617127938 -93.2266214026543,45.0012917108982 -93.2309393938135,45.0024737000773 -93.2318183924201,45.0026306974966 -93.2326353902028,45.0026846959046 -93.2333123874984,45.0026636936914 -93.2338713858657,45.0025956927981 -93.2347743835287,45.002390691913 -93.2351343831291,45.0022646906843 -93.2356123808929,45.0020376898764 -93.2360233796465,45.0017686895378 -93.2363603785961,45.0015006890261 -93.2368403764923,45.0010086895666 -93.2371253763501,45.0014766876522 -93.2372103765307,45.0017156872737 -93.2372403790195,45.0032746848657 -93.2371883827821,45.0056636816539 -93.2372223834982,45.0058416812719 -93.2371683831324,45.0059746814858 -93.2371453947952,45.0131886713394 -93.2268384246677,45.0132076928455 -93.2178805952235,45.0132781457461 -93.2178085883473,45.0060236540707 -93.2077817132796,45.0061313967889</coordinates>
          </LinearRing>
        </outerBoundaryIs>
      </Polygon>
      <Style>
        <PolyStyle>
          <color>cc774040</color>
          <fill>1</fill>
          <outline>1</outline>
        </PolyStyle>
        <LineStyle>
          <color>ff000000</color>
          <width>1</width>
        </LineStyle>
      </Style>
    </Placemark>
    <Placemark>
      <name>Minneapolis W-1 P-11</name>
      <description>&lt;![CDATA[
&lt;h3&gt;Minneapolis W-1 P-11&lt;/h3&gt;
&lt;b&gt;RCV Final Round Results:&lt;/b&gt;&lt;br/&gt;
&lt;b style="color:blue;"&gt;Jacob Frey:&lt;/b&gt; 322 (28.0%)&lt;br/&gt;
&lt;b style="color:red;"&gt;Omar Fateh:&lt;/b&gt; 774 (67.4%)&lt;br/&gt;
&lt;b&gt;Exhausted:&lt;/b&gt; 52 (4.5%)&lt;br/&gt;
&lt;b&gt;Total Ballots:&lt;/b&gt; 1,148&lt;br/&gt;
&lt;br/&gt;
&lt;b&gt;Winner: Fateh&lt;/b&gt;
]]&gt;</description>
      <Polygon>
        <outerBoundaryIs>
          <LinearRing>
            <coordinates>-93.2076372984044,45.0061341505872 -93.2075591181769,44.9916857479001 -93.2075863279115,44.9880727427172 -93.2176983204815,44.987919722142 -93.2269042913083,44.9878167014262 -93.2345832685047,44.9878346850976 -93.2355692651967,44.9878846828015 -93.2360652659422,44.9880406813057 -93.2361672658783,44.9881326817186 -93.235946270737,44.988445682383 -93.2358652726463,44.9887206822493 -93.2358282755811,44.9890326827428 -93.2358562976063,44.9914826851252 -93.2366112963781,44.9914876841148 -93.2367072978745,44.9917306834323 -93.2370013006275,44.9921876835051 -93.2376853071683,44.9929686827686 -93.2380973103812,44.9935366818704 -93.2382503133148,44.9938386820071 -93.2385023195959,44.9945546824015 -93.2386853275185,44.9954786832146 -93.2387133325526,44.9960396833302 -93.238655340782,44.9969256839771 -93.2384113517583,44.9979716849014 -93.2381523593289,44.9987046866312 -93.2376413701014,44.9997456884453 -93.2373473736705,45.0002576890928 -93.2368403764923,45.0010086895666 -93.2362073788386,45.0016326894987 -93.2356123808929,45.0020376898764 -93.2354023824036,45.0021536908385 -93.2347743835287,45.002390691913 -93.2338713858657,45.0025956927981 -93.2330303889269,45.0026776955202 -93.2322353920338,45.0026696972279 -93.2313743932238,45.0025666986863 -93.230829395272,45.0024487002454 -93.2266214026543,45.0012917108982 -93.2253434062915,45.0010567135744 -93.224033409164,45.000911717316 -93.22299341248,45.0008877196933 -93.22129141655,45.0010117227135 -93.2207044187357,45.0010837238776 -93.2200664202779,45.0011857247788 -93.2188274244265,45.0015037270486 -93.218255426569,45.0016847288072 -93.2168044313999,45.002239731566 -93.2134114443091,45.0037487358917 -93.2082994613015,45.0059337437674 -93.2077817132796,45.0061313967889 -93.2076372984044,45.0061341505872</coordinates>
          </LinearRing>
        </outerBoundaryIs>
      </Polygon>
      <Style>
        <PolyStyle>
          <color>cc40409a</color>
          <fill>1</fill>
          <outline>1</outline>
        </PolyStyle>
        <LineStyle>
          <color>ff000000</color>
          <width>1</width>
        </LineStyle>
      </Style>
    </Placemark>
    <Placemark>
      <name>Minneapolis W-2 P-1</name>
      <description>&lt;![CDATA[
&lt;h3&gt;Minneapolis W-2 P-1&lt;/h3&gt;
&lt;b&gt;RCV Final Round Results:&lt;/b&gt;&lt;br/&gt;
&lt;b style="color:blue;"&gt;Jacob Frey:&lt;/b&gt; 166 (29.1%)&lt;br/&gt;
&lt;b style="color:red;"&gt;Omar Fateh:&lt;/b&gt; 391 (68.5%)&lt;br/&gt;
&lt;b&gt;Exhausted:&lt;/b&gt; 14 (2.5%)&lt;br/&gt;
&lt;b&gt;Total Ballots:&lt;/b&gt; 571&lt;br/&gt;
&lt;br/&gt;
&lt;b&gt;Winner: Fateh&lt;/b&gt;
]]&gt;</description>
      <Polygon>
        <outerBoundaryIs>
          <LinearRing>
            <coordinates>-93.2328122194106,44.9818886837038 -93.2350931856713,44.9789366752843 -93.2407081868137,44.9811516654374 -93.2417631765786,44.9803646619571 -93.2418521747452,44.9803346623978 -93.2419601751769,44.9803446614192 -93.2421701702353,44.9799566604077 -93.2424121628059,44.9792296596541 -93.2428591539289,44.9784756581519 -93.2440021544567,44.9788576555071 -93.2453831494321,44.9788816525124 -93.2451711556894,44.9794626534261 -93.2440571802684,44.9816066577869 -93.2428102009597,44.9832856617748 -93.2411862242091,44.985290667606 -93.2406922306481,44.985808669145 -93.2400482373088,44.9862856706389 -93.2389332469589,44.9869156746548 -93.2386882461147,44.9868166744931 -93.2399582352893,44.9860816712645 -93.2406642282521,44.98550266881 -93.2410142241615,44.9851606683306 -93.2328122194106,44.9818886837038</coordinates>
          </LinearRing>
        </outerBoundaryIs>
      </Polygon>
      <Style>
        <PolyStyle>
          <color>cc40409d</color>
          <fill>1</fill>
          <outline>1</outline>
        </PolyStyle>
        <LineStyle>
          <color>ff000000</color>
          <width>1</width>
        </LineStyle>
      </Style>
    </Placemark>
    <Placemark>
      <name>Minneapolis W-2 P-2</name>
      <description>&lt;![CDATA[
&lt;h3&gt;Minneapolis W-2 P-2&lt;/h3&gt;
&lt;b&gt;RCV Final Round Results:&lt;/b&gt;&lt;br/&gt;
&lt;b style="color:blue;"&gt;Jacob Frey:&lt;/b&gt; 104 (24.1%)&lt;br/&gt;
&lt;b style="color:red;"&gt;Omar Fateh:&lt;/b&gt; 317 (73.4%)&lt;br/&gt;
&lt;b&gt;Exhausted:&lt;/b&gt; 11 (2.5%)&lt;br/&gt;
&lt;b&gt;Total Ballots:&lt;/b&gt; 432&lt;br/&gt;
&lt;br/&gt;
&lt;b&gt;Winner: Fateh&lt;/b&gt;
]]&gt;</description>
      <Polygon>
        <outerBoundaryIs>
          <LinearRing>
            <coordinates>-93.2372832608365,44.9879276787993 -93.2308442475644,44.9843716904357 -93.2328122194106,44.9818886837038 -93.2410142241615,44.9851606683306 -93.2406642282521,44.98550266881 -93.2399582352893,44.9860816712645 -93.2386882461147,44.9868166744931 -93.2389332469589,44.9869156746548 -93.2378242562246,44.9875416772376 -93.2372832608365,44.9879276787993</coordinates>
          </LinearRing>
        </outerBoundaryIs>
      </Polygon>
      <Style>
        <PolyStyle>
          <color>cc4040ac</color>
          <fill>1</fill>
          <outline>1</outline>
        </PolyStyle>
        <LineStyle>
          <color>ff000000</color>
          <width>1</width>
        </LineStyle>
      </Style>
    </Placemark>
    <Placemark>
      <name>Minneapolis W-2 P-3</name>
      <description>&lt;![CDATA[
&lt;h3&gt;Minneapolis W-2 P-3&lt;/h3&gt;
&lt;b&gt;RCV Final Round Results:&lt;/b&gt;&lt;br/&gt;
&lt;b style="color:blue;"&gt;Jacob Frey:&lt;/b&gt; 202 (25.4%)&lt;br/&gt;
&lt;b style="color:red;"&gt;Omar Fateh:&lt;/b&gt; 561 (70.6%)&lt;br/&gt;
&lt;b&gt;Exhausted:&lt;/b&gt; 32 (4.0%)&lt;br/&gt;
&lt;b&gt;Total Ballots:&lt;/b&gt; 795&lt;br/&gt;
&lt;br/&gt;
&lt;b&gt;Winner: Fateh&lt;/b&gt;
]]&gt;</description>
      <Polygon>
        <outerBoundaryIs>
          <LinearRing>
            <coordinates>-93.2269292905687,44.9878207016771 -93.2176983204815,44.987919722142 -93.2075863279115,44.9880727427172 -93.2076763686976,44.976318969868 -93.2084332550528,44.9766217343777 -93.2104122495278,44.9767537299094 -93.211416250675,44.9773587286972 -93.2239162394651,44.9809587027282 -93.2261242387528,44.9817286980304 -93.232102250664,44.9850786876151 -93.2367112599393,44.9876136798404 -93.2361672658783,44.9881326817186 -93.2360652659422,44.9880406813057 -93.2359032657319,44.9879706823427 -93.2355692651967,44.9878846828015 -93.2345832685047,44.9878346850976 -93.2269292905687,44.9878207016771</coordinates>
          </LinearRing>
        </outerBoundaryIs>
      </Polygon>
      <Style>
        <PolyStyle>
          <color>cc4040a3</color>
          <fill>1</fill>
          <outline>1</outline>
        </PolyStyle>
        <LineStyle>
          <color>ff000000</color>
          <width>1</width>
        </LineStyle>
      </Style>
    </Placemark>
    <Placemark>
      <name>Minneapolis W-2 P-4</name>
      <description>&lt;![CDATA[
&lt;h3&gt;Minneapolis W-2 P-4&lt;/h3&gt;
&lt;b&gt;RCV Final Round Results:&lt;/b&gt;&lt;br/&gt;
&lt;b style="color:blue;"&gt;Jacob Frey:&lt;/b&gt; 63 (15.9%)&lt;br/&gt;
&lt;b style="color:red;"&gt;Omar Fateh:&lt;/b&gt; 328 (82.6%)&lt;br/&gt;
&lt;b&gt;Exhausted:&lt;/b&gt; 6 (1.5%)&lt;br/&gt;
&lt;b&gt;Total Ballots:&lt;/b&gt; 397&lt;br/&gt;
&lt;br/&gt;
&lt;b&gt;Winner: Fateh&lt;/b&gt;
]]&gt;</description>
      <Polygon>
        <outerBoundaryIs>
          <LinearRing>
            <coordinates>-93.2308442475644,44.9843716904357 -93.2260232403021,44.9816736990458 -93.2260142293214,44.9804956980369 -93.2294382194475,44.9806646899434 -93.2301262158374,44.9806236882358 -93.2301562158801,44.9805596885414 -93.2272502209914,44.9800016945093 -93.2270262199149,44.979933694975 -93.2269292197918,44.9798666954955 -93.2268702187215,44.9796836957212 -93.2268602093921,44.9785416943268 -93.2270262078126,44.9785026943136 -93.2269552060104,44.9783206942365 -93.2268372049032,44.9782146939959 -93.2263302067462,44.9780056949917 -93.2270971945719,44.9770326922535 -93.2267701941737,44.9768576927019 -93.22647919244,44.9765786938644 -93.2262251898256,44.9762516934944 -93.2263701852576,44.9758046927937 -93.2266151820045,44.9755186925161 -93.2236111831893,44.9743096979931 -93.2239121752568,44.9736276965986 -93.2286701596044,44.9736756858567 -93.2303041523607,44.9736576821921 -93.2302381342585,44.9715656807181 -93.230340122721,44.9703336796025 -93.2303441025768,44.9681706773673 -93.2320301012727,44.9686746744264 -93.2344830954603,44.9690176689872 -93.2364450915619,44.969448664394 -93.2380420941692,44.9703156612038 -93.2389881043668,44.971676660785 -93.2392361101816,44.9724586606208 -93.239330138424,44.9755036631837 -93.2396201463579,44.9764606637307 -93.2406451508269,44.977356661773 -93.2410061518461,44.9775466613766 -93.2412331531682,44.9778056607205 -93.2428591539289,44.9784756581519 -93.2424121628059,44.9792296596541 -93.2421701702353,44.9799566604077 -93.2419601751769,44.9803446614192 -93.2418521747452,44.9803346623978 -93.2417631765786,44.9803646619571 -93.2407081868137,44.9811516654374 -93.2350931856713,44.9789366752843 -93.2338642036558,44.9805576805957 -93.2308442475644,44.9843716904357</coordinates>
          </LinearRing>
        </outerBoundaryIs>
      </Polygon>
      <Style>
        <PolyStyle>
          <color>cc4040c9</color>
          <fill>1</fill>
          <outline>1</outline>
        </PolyStyle>
        <LineStyle>
          <color>ff000000</color>
          <width>1</width>
        </LineStyle>
      </Style>
    </Placemark>
    <Placemark>
      <name>Minneapolis W-2 P-5</name>
      <description>&lt;![CDATA[
&lt;h3&gt;Minneapolis W-2 P-5&lt;/h3&gt;
&lt;b&gt;RCV Final Round Results:&lt;/b&gt;&lt;br/&gt;
&lt;b style="color:blue;"&gt;Jacob Frey:&lt;/b&gt; 732 (48.3%)&lt;br/&gt;
&lt;b style="color:red;"&gt;Omar Fateh:&lt;/b&gt; 711 (46.9%)&lt;br/&gt;
&lt;b&gt;Exhausted:&lt;/b&gt; 74 (4.9%)&lt;br/&gt;
&lt;b&gt;Total Ballots:&lt;/b&gt; 1,517&lt;br/&gt;
&lt;br/&gt;
&lt;b&gt;Winner: Frey&lt;/b&gt;
]]&gt;</description>
      <Polygon>
        <outerBoundaryIs>
          <LinearRing>
            <coordinates>-93.2239162394651,44.9809587027282 -93.211416250675,44.9773587286972 -93.2104122495278,44.9767537299094 -93.2084332550528,44.9766217343777 -93.2076763686976,44.976318969868 -93.207771154631,44.9596651898952 -93.2085421159462,44.959794721418 -93.2092751140224,44.9600347206096 -93.2099581138334,44.9603387186237 -93.2105891150449,44.9606867176023 -93.2120531167958,44.9615897140597 -93.2131321183668,44.9623617124991 -93.2160621261335,44.9646007073595 -93.2171891293414,44.9655267064255 -93.2178521301766,44.9659877041415 -93.2184671309073,44.9662907032919 -93.2193311301925,44.9666377012184 -93.2198791296633,44.9668167003367 -93.2205451296648,44.9669776988023 -93.2205441532455,44.9697817013357 -93.2205131548086,44.9699067015956 -93.2186061830696,44.9723257073909 -93.2213521820722,44.97339770185 -93.2266151820045,44.9755186925161 -93.2263701852576,44.9758046927937 -93.2262251898256,44.9762516934944 -93.22647919244,44.9765786938644 -93.2267701941737,44.9768576927019 -93.2270971945719,44.9770326922535 -93.2263302067462,44.9780056949917 -93.2268372049032,44.9782146939959 -93.2269552060104,44.9783206942365 -93.2270262078126,44.9785026943136 -93.2268602093921,44.9785416943268 -93.2268702187215,44.9796836957212 -93.2269292197918,44.9798666954955 -93.2270262199149,44.979933694975 -93.2272502209914,44.9800016945093 -93.2301562158801,44.9805596885414 -93.2301262158374,44.9806236882358 -93.2294382194475,44.9806646899434 -93.2260142293214,44.9804956980369 -93.2260232403021,44.9816736990458 -93.2261242387528,44.9817286980304 -93.2239162394651,44.9809587027282</coordinates>
          </LinearRing>
        </outerBoundaryIs>
      </Polygon>
      <Style>
        <PolyStyle>
          <color>cc5e4040</color>
          <fill>1</fill>
          <outline>1</outline>
        </PolyStyle>
        <LineStyle>
          <color>ff000000</color>
          <width>1</width>
        </LineStyle>
      </Style>
    </Placemark>
    <Placemark>
      <name>Minneapolis W-2 P-6</name>
      <description>&lt;![CDATA[
&lt;h3&gt;Minneapolis W-2 P-6&lt;/h3&gt;
&lt;b&gt;RCV Final Round Results:&lt;/b&gt;&lt;br/&gt;
&lt;b style="color:blue;"&gt;Jacob Frey:&lt;/b&gt; 182 (19.0%)&lt;br/&gt;
&lt;b style="color:red;"&gt;Omar Fateh:&lt;/b&gt; 752 (78.5%)&lt;br/&gt;
&lt;b&gt;Exhausted:&lt;/b&gt; 24 (2.5%)&lt;br/&gt;
&lt;b&gt;Total Ballots:&lt;/b&gt; 958&lt;br/&gt;
&lt;br/&gt;
&lt;b&gt;Winner: Fateh&lt;/b&gt;
]]&gt;</description>
      <Polygon>
        <outerBoundaryIs>
          <LinearRing>
            <coordinates>-93.2205451296648,44.9669776988023 -93.2212471281663,44.9670786973284 -93.222140124864,44.967106695297 -93.2226271219891,44.9670916946411 -93.2233901188195,44.9669956928499 -93.2239201154051,44.9668706917854 -93.2248191087226,44.9665616891983 -93.2257281021648,44.9661516862118 -93.2277971058286,44.9674216821812 -93.2303441025768,44.9681706773673 -93.230340122721,44.9703336796025 -93.2302381342585,44.9715656807181 -93.2303041523607,44.9736576821921 -93.2286701596044,44.9736756858567 -93.2239121752568,44.9736276965986 -93.2236111831893,44.9743096979931 -93.2186061830696,44.9723257073909 -93.2205131548086,44.9699067015956 -93.2205441532455,44.9697817013357 -93.2205451296648,44.9669776988023</coordinates>
          </LinearRing>
        </outerBoundaryIs>
      </Polygon>
      <Style>
        <PolyStyle>
          <color>cc4040bc</color>
          <fill>1</fill>
          <outline>1</outline>
        </PolyStyle>
        <LineStyle>
          <color>ff000000</color>
          <width>1</width>
        </LineStyle>
      </Style>
    </Placemark>
    <Placemark>
      <name>Minneapolis W-2 P-7</name>
      <description>&lt;![CDATA[
&lt;h3&gt;Minneapolis W-2 P-7&lt;/h3&gt;
&lt;b&gt;RCV Final Round Results:&lt;/b&gt;&lt;br/&gt;
&lt;b style="color:blue;"&gt;Jacob Frey:&lt;/b&gt; 113 (24.7%)&lt;br/&gt;
&lt;b style="color:red;"&gt;Omar Fateh:&lt;/b&gt; 330 (72.1%)&lt;br/&gt;
&lt;b&gt;Exhausted:&lt;/b&gt; 15 (3.3%)&lt;br/&gt;
&lt;b&gt;Total Ballots:&lt;/b&gt; 458&lt;br/&gt;
&lt;br/&gt;
&lt;b&gt;Winner: Fateh&lt;/b&gt;
]]&gt;</description>
      <Polygon>
        <outerBoundaryIs>
          <LinearRing>
            <coordinates>-93.2428591539289,44.9784756581519 -93.2412331531682,44.9778056607205 -93.2410061518461,44.9775466613766 -93.2406451508269,44.977356661773 -93.2396201463579,44.9764606637307 -93.239330138424,44.9755036631837 -93.2392361101816,44.9724586606208 -93.2389881043668,44.971676660785 -93.2380420941692,44.9703156612038 -93.2364450915619,44.969448664394 -93.2344830954603,44.9690176689872 -93.2320301012727,44.9686746744264 -93.2277971058286,44.9674216821812 -93.2257281021648,44.9661516862118 -93.227889084654,44.9651126799249 -93.2287740775196,44.9647416782504 -93.2297160725713,44.9644576761952 -93.230138068863,44.9643666751364 -93.2310140656496,44.9642436728014 -93.2318980610632,44.9642076706484 -93.2416500231655,44.9642256471773 -93.2421710213218,44.9642446464982 -93.2431990188379,44.9643506446042 -93.2442030159912,44.9645536425989 -93.2440880208078,44.9648946420279 -93.2440650219567,44.9651086433794 -93.2440640589715,44.9688856459024 -93.2456560582934,44.9695686437073 -93.24565207423,44.971150644677 -93.2456900795263,44.9717306451432 -93.2457680832348,44.9720936458478 -93.2458801029738,44.9742096464407 -93.2458111122604,44.9751086479005 -93.2456941172683,44.9755486482455 -93.2457841153232,44.975547648706 -93.2456501233866,44.976225649185 -93.2456291296782,44.976872650042 -93.2461871273399,44.9768616486016 -93.2458171351545,44.9775026496453 -93.2453831494321,44.9788816525124 -93.2440021544567,44.9788576555071 -93.2428591539289,44.9784756581519</coordinates>
          </LinearRing>
        </outerBoundaryIs>
      </Polygon>
      <Style>
        <PolyStyle>
          <color>cc4040a8</color>
          <fill>1</fill>
          <outline>1</outline>
        </PolyStyle>
        <LineStyle>
          <color>ff000000</color>
          <width>1</width>
        </LineStyle>
      </Style>
    </Placemark>
    <Placemark>
      <name>Minneapolis W-2 P-8</name>
      <description>&lt;![CDATA[
&lt;h3&gt;Minneapolis W-2 P-8&lt;/h3&gt;
&lt;b&gt;RCV Final Round Results:&lt;/b&gt;&lt;br/&gt;
&lt;b style="color:blue;"&gt;Jacob Frey:&lt;/b&gt; 538 (39.4%)&lt;br/&gt;
&lt;b style="color:red;"&gt;Omar Fateh:&lt;/b&gt; 728 (53.4%)&lt;br/&gt;
&lt;b&gt;Exhausted:&lt;/b&gt; 98 (7.2%)&lt;br/&gt;
&lt;b&gt;Total Ballots:&lt;/b&gt; 1,364&lt;br/&gt;
&lt;br/&gt;
&lt;b&gt;Winner: Fateh&lt;/b&gt;
]]&gt;</description>
      <Polygon>
        <outerBoundaryIs>
          <LinearRing>
            <coordinates>-93.2127530663159,44.9560947083845 -93.2136240585935,44.9555867067738 -93.214547050713,44.9549837033157 -93.2155690406793,44.9544577010838 -93.2161110376372,44.9542286995799 -93.2166680324626,44.9540186972499 -93.2178270246849,44.9536756943842 -93.2183390212426,44.9535536933329 -93.2194600159443,44.9533556906501 -93.2206730094773,44.9532446870685 -93.22187100473,44.9532216845196 -93.2299959726312,44.9535956651621 -93.2347039524887,44.9535876542658 -93.2351459502755,44.9535456534055 -93.2355429467481,44.9534086528346 -93.2359549431681,44.953160651172 -93.2362519385537,44.9528626505272 -93.2362779466073,44.9537116509587 -93.2381979385133,44.9537166463905 -93.2390649461067,44.9549606458485 -93.2401539378421,44.9545996419108 -93.2408379443735,44.9555466423619 -93.2432139337401,44.9555406363233 -93.2437419401982,44.9564556363335 -93.2446789501098,44.9577576346686 -93.2450789521734,44.9582166343411 -93.2459969573135,44.9591376328036 -93.2468419624954,44.9599236319989 -93.2466629640799,44.9600916319146 -93.2456819584738,44.9591386339068 -93.228257030091,44.9591716747633 -93.2282030629769,44.9627656782218 -93.2281730629572,44.962765677922 -93.2281880732068,44.9639566792164 -93.2325750558309,44.9639676693278 -93.2331670564388,44.9642206671677 -93.2318980610632,44.9642076706484 -93.2310140656496,44.9642436728014 -93.230138068863,44.9643666751364 -93.2297160725713,44.9644576761952 -93.2292250755615,44.9645906772365 -93.2283100822673,44.9649206789826 -93.2257281021648,44.9661516862118 -93.2149330683634,44.9573547041669 -93.2127530663159,44.9560947083845</coordinates>
          </LinearRing>
        </outerBoundaryIs>
      </Polygon>
      <Style>
        <PolyStyle>
          <color>cc40406e</color>
          <fill>1</fill>
          <outline>1</outline>
        </PolyStyle>
        <LineStyle>
          <color>ff000000</color>
          <width>1</width>
        </LineStyle>
      </Style>
    </Placemark>
    <Placemark>
      <name>Minneapolis W-2 P-9</name>
      <description>&lt;![CDATA[
&lt;h3&gt;Minneapolis W-2 P-9&lt;/h3&gt;
&lt;b&gt;RCV Final Round Results:&lt;/b&gt;&lt;br/&gt;
&lt;b style="color:blue;"&gt;Jacob Frey:&lt;/b&gt; 232 (50.1%)&lt;br/&gt;
&lt;b style="color:red;"&gt;Omar Fateh:&lt;/b&gt; 200 (43.2%)&lt;br/&gt;
&lt;b&gt;Exhausted:&lt;/b&gt; 31 (6.7%)&lt;br/&gt;
&lt;b&gt;Total Ballots:&lt;/b&gt; 463&lt;br/&gt;
&lt;br/&gt;
&lt;b&gt;Winner: Frey&lt;/b&gt;
]]&gt;</description>
      <Polygon>
        <outerBoundaryIs>
          <LinearRing>
            <coordinates>-93.207771154631,44.9596651898952 -93.2077430623895,44.9530287177169 -93.2100210665229,44.9546847140622 -93.2127530663159,44.9560947083845 -93.2149330683634,44.9573547041669 -93.2257281021648,44.9661516862118 -93.2248191087226,44.9665616891983 -93.2239201154051,44.9668706917854 -93.2233901188195,44.9669956928499 -93.2226271219891,44.9670916946411 -93.2216891266293,44.9671026963373 -93.2209481286127,44.9670456985781 -93.2203301292324,44.9669336993965 -93.2193311301925,44.9666377012184 -93.2182351317088,44.9661867036302 -93.2175241297909,44.9657757049348 -93.2160621261335,44.9646007073595 -93.2131321183668,44.9623617124991 -93.2120531167958,44.9615897140597 -93.2108841143533,44.9608557170669 -93.2099581138334,44.9603387186237 -93.2092751140224,44.9600347206096 -93.2085421159462,44.959794721418 -93.207771154631,44.9596651898952</coordinates>
          </LinearRing>
        </outerBoundaryIs>
      </Polygon>
      <Style>
        <PolyStyle>
          <color>cc644040</color>
          <fill>1</fill>
          <outline>1</outline>
        </PolyStyle>
        <LineStyle>
          <color>ff000000</color>
          <width>1</width>
        </LineStyle>
      </Style>
    </Placemark>
    <Placemark>
      <name>Minneapolis W-3 P-1</name>
      <description>&lt;![CDATA[
&lt;h3&gt;Minneapolis W-3 P-1&lt;/h3&gt;
&lt;b&gt;RCV Final Round Results:&lt;/b&gt;&lt;br/&gt;
&lt;b style="color:blue;"&gt;Jacob Frey:&lt;/b&gt; 467 (38.3%)&lt;br/&gt;
&lt;b style="color:red;"&gt;Omar Fateh:&lt;/b&gt; 695 (57.0%)&lt;br/&gt;
&lt;b&gt;Exhausted:&lt;/b&gt; 58 (4.8%)&lt;br/&gt;
&lt;b&gt;Total Ballots:&lt;/b&gt; 1,220&lt;br/&gt;
&lt;br/&gt;
&lt;b&gt;Winner: Fateh&lt;/b&gt;
]]&gt;</description>
      <Polygon>
        <outerBoundaryIs>
          <LinearRing>
            <coordinates>-93.2676633614294,45.0052926375973 -93.2615593558932,45.0052736433616 -93.2615523567848,45.0052466428728 -93.2575463529303,45.0052346470919 -93.2575233337946,44.9987046535887 -93.2708213442317,44.9986926411051 -93.2754243513646,44.9989816368128 -93.2747163632686,45.0025526347238 -93.2744173648092,45.0044036326526 -93.2744293669918,45.0059366296043 -93.2727463654559,45.0060226317192 -93.2688533629825,45.0060476352283 -93.2688653613935,45.0050346367516 -93.2676633608536,45.0050326381953 -93.2676633614294,45.0052926375973</coordinates>
          </LinearRing>
        </outerBoundaryIs>
      </Polygon>
      <Style>
        <PolyStyle>
          <color>cc404079</color>
          <fill>1</fill>
          <outline>1</outline>
        </PolyStyle>
        <LineStyle>
          <color>ff000000</color>
          <width>1</width>
        </LineStyle>
      </Style>
    </Placemark>
    <Placemark>
      <name>Minneapolis W-3 P-2</name>
      <description>&lt;![CDATA[
&lt;h3&gt;Minneapolis W-3 P-2&lt;/h3&gt;
&lt;b&gt;RCV Final Round Results:&lt;/b&gt;&lt;br/&gt;
&lt;b style="color:blue;"&gt;Jacob Frey:&lt;/b&gt; 637 (49.6%)&lt;br/&gt;
&lt;b style="color:red;"&gt;Omar Fateh:&lt;/b&gt; 578 (45.1%)&lt;br/&gt;
&lt;b&gt;Exhausted:&lt;/b&gt; 68 (5.3%)&lt;br/&gt;
&lt;b&gt;Total Ballots:&lt;/b&gt; 1,283&lt;br/&gt;
&lt;br/&gt;
&lt;b&gt;Winner: Frey&lt;/b&gt;
]]&gt;</description>
      <Polygon>
        <outerBoundaryIs>
          <LinearRing>
            <coordinates>-93.2575233337946,44.9987046535887 -93.2575082966516,44.9948246500066 -93.2549382584498,44.9910066485291 -93.2577712506938,44.9900136458311 -93.2584552613731,44.9909856459012 -93.2599072575215,44.9905316441622 -93.2613462554344,44.9900296426861 -93.2607062454256,44.9890856427043 -93.2613792439981,44.9888956415924 -93.2617052482652,44.9894126420425 -93.2620552529382,44.9897756413392 -93.2625422564294,44.9900626415433 -93.2633182601013,44.990400641013 -93.2642052642947,44.9906626404334 -93.2650182660876,44.9908126395684 -93.2660932655842,44.9906376390464 -93.2665172644348,44.990475638376 -93.2679802581379,44.9896536363661 -93.267639256294,44.9894796364224 -93.2703342704854,44.9907396349333 -93.2736382928074,44.9928576334672 -93.2757613294361,44.9965136350171 -93.2754243513646,44.9989816368128 -93.2708213442317,44.9986926411051 -93.2575233337946,44.9987046535887</coordinates>
          </LinearRing>
        </outerBoundaryIs>
      </Polygon>
      <Style>
        <PolyStyle>
          <color>cc624040</color>
          <fill>1</fill>
          <outline>1</outline>
        </PolyStyle>
        <LineStyle>
          <color>ff000000</color>
          <width>1</width>
        </LineStyle>
      </Style>
    </Placemark>
    <Placemark>
      <name>Minneapolis W-3 P-3</name>
      <description>&lt;![CDATA[
&lt;h3&gt;Minneapolis W-3 P-3&lt;/h3&gt;
&lt;b&gt;RCV Final Round Results:&lt;/b&gt;&lt;br/&gt;
&lt;b style="color:blue;"&gt;Jacob Frey:&lt;/b&gt; 229 (41.8%)&lt;br/&gt;
&lt;b style="color:red;"&gt;Omar Fateh:&lt;/b&gt; 287 (52.4%)&lt;br/&gt;
&lt;b&gt;Exhausted:&lt;/b&gt; 32 (5.8%)&lt;br/&gt;
&lt;b&gt;Total Ballots:&lt;/b&gt; 548&lt;br/&gt;
&lt;br/&gt;
&lt;b&gt;Winner: Fateh&lt;/b&gt;
]]&gt;</description>
      <Polygon>
        <outerBoundaryIs>
          <LinearRing>
            <coordinates>-93.2501992694497,44.9926276551421 -93.2549382584498,44.9910066485291 -93.2575082966516,44.9948246500066 -93.25751631642,44.996892651852 -93.2472913170803,44.9969056647457 -93.2473533136709,44.996490664146 -93.2474623098812,44.9961186637494 -93.247755304374,44.9956476628052 -93.2491672836983,44.9938476581766 -93.2493782813407,44.9936896576912 -93.2501992694497,44.9926276551421</coordinates>
          </LinearRing>
        </outerBoundaryIs>
      </Polygon>
      <Style>
        <PolyStyle>
          <color>cc40406b</color>
          <fill>1</fill>
          <outline>1</outline>
        </PolyStyle>
        <LineStyle>
          <color>ff000000</color>
          <width>1</width>
        </LineStyle>
      </Style>
    </Placemark>
    <Placemark>
      <name>Minneapolis W-3 P-4</name>
      <description>&lt;![CDATA[
&lt;h3&gt;Minneapolis W-3 P-4&lt;/h3&gt;
&lt;b&gt;RCV Final Round Results:&lt;/b&gt;&lt;br/&gt;
&lt;b style="color:blue;"&gt;Jacob Frey:&lt;/b&gt; 227 (40.0%)&lt;br/&gt;
&lt;b style="color:red;"&gt;Omar Fateh:&lt;/b&gt; 326 (57.4%)&lt;br/&gt;
&lt;b&gt;Exhausted:&lt;/b&gt; 15 (2.6%)&lt;br/&gt;
&lt;b&gt;Total Ballots:&lt;/b&gt; 568&lt;br/&gt;
&lt;br/&gt;
&lt;b&gt;Winner: Fateh&lt;/b&gt;
]]&gt;</description>
      <Polygon>
        <outerBoundaryIs>
          <LinearRing>
            <coordinates>-93.2575233337946,44.9987046535887 -93.2381523593289,44.9987046866312 -93.2385333477713,44.9975326843324 -93.2386923378478,44.9965966837306 -93.2386853275185,44.9954786832146 -93.2385023195959,44.9945546824015 -93.2382503133148,44.9938386820071 -93.2380973103812,44.9935366818704 -93.2376853071683,44.9929686827686 -93.2370013006275,44.9921876835051 -93.2367072978745,44.9917306834323 -93.2366112963781,44.9914876841148 -93.2461632688619,44.9914826620918 -93.248436254177,44.990701657014 -93.2509162613173,44.9917156530977 -93.2493782813407,44.9936896576912 -93.2491672836983,44.9938476581766 -93.247755304374,44.9956476628052 -93.2474623098812,44.9961186637494 -93.2473533136709,44.996490664146 -93.2472913170803,44.9969056647457 -93.25751631642,44.996892651852 -93.2575233337946,44.9987046535887</coordinates>
          </LinearRing>
        </outerBoundaryIs>
      </Polygon>
      <Style>
        <PolyStyle>
          <color>cc40407a</color>
          <fill>1</fill>
          <outline>1</outline>
        </PolyStyle>
        <LineStyle>
          <color>ff000000</color>
          <width>1</width>
        </LineStyle>
      </Style>
    </Placemark>
    <Placemark>
      <name>Minneapolis W-3 P-5</name>
      <description>&lt;![CDATA[
&lt;h3&gt;Minneapolis W-3 P-5&lt;/h3&gt;
&lt;b&gt;RCV Final Round Results:&lt;/b&gt;&lt;br/&gt;
&lt;b style="color:blue;"&gt;Jacob Frey:&lt;/b&gt; 700 (64.0%)&lt;br/&gt;
&lt;b style="color:red;"&gt;Omar Fateh:&lt;/b&gt; 347 (31.7%)&lt;br/&gt;
&lt;b&gt;Exhausted:&lt;/b&gt; 46 (4.2%)&lt;br/&gt;
&lt;b&gt;Total Ballots:&lt;/b&gt; 1,093&lt;br/&gt;
&lt;br/&gt;
&lt;b&gt;Winner: Frey&lt;/b&gt;
]]&gt;</description>
      <Polygon>
        <outerBoundaryIs>
          <LinearRing>
            <coordinates>-93.2713362219552,44.9853476304088 -93.2739042071999,44.9835186264383 -93.2744992094209,44.9836986264636 -93.2760852143854,44.9840716249595 -93.2770712195374,44.9844196248966 -93.276888220992,44.9845346251152 -93.2772782222782,44.9846806247342 -93.2781762281197,44.9852386239194 -93.2818912566936,44.9879086229078 -93.2828682646542,44.9886906229689 -93.2794122831445,44.9911016274571 -93.2713362219552,44.9853476304088</coordinates>
          </LinearRing>
        </outerBoundaryIs>
      </Polygon>
      <Style>
        <PolyStyle>
          <color>cc8f4040</color>
          <fill>1</fill>
          <outline>1</outline>
        </PolyStyle>
        <LineStyle>
          <color>ff000000</color>
          <width>1</width>
        </LineStyle>
      </Style>
    </Placemark>
    <Placemark>
      <name>Minneapolis W-3 P-6</name>
      <description>&lt;![CDATA[
&lt;h3&gt;Minneapolis W-3 P-6&lt;/h3&gt;
&lt;b&gt;RCV Final Round Results:&lt;/b&gt;&lt;br/&gt;
&lt;b style="color:blue;"&gt;Jacob Frey:&lt;/b&gt; 746 (72.5%)&lt;br/&gt;
&lt;b style="color:red;"&gt;Omar Fateh:&lt;/b&gt; 251 (24.4%)&lt;br/&gt;
&lt;b&gt;Exhausted:&lt;/b&gt; 32 (3.1%)&lt;br/&gt;
&lt;b&gt;Total Ballots:&lt;/b&gt; 1,029&lt;br/&gt;
&lt;br/&gt;
&lt;b&gt;Winner: Frey&lt;/b&gt;
]]&gt;</description>
      <Polygon>
        <outerBoundaryIs>
          <LinearRing>
            <coordinates>-93.2703342704854,44.9907396349333 -93.2673202546013,44.9893176366544 -93.2662262384516,44.9877016364943 -93.2670832365956,44.9874356352914 -93.2706592319361,44.9865036313738 -93.2701882285053,44.986169632125 -93.2713362219552,44.9853476304088 -93.2794122831445,44.9911016274571 -93.2798092906915,44.9918986273651 -93.279811291113,44.9919886275322 -93.2763682877941,44.9920136302993 -93.2736382928074,44.9928576334672 -93.2703342704854,44.9907396349333</coordinates>
          </LinearRing>
        </outerBoundaryIs>
      </Polygon>
      <Style>
        <PolyStyle>
          <color>cca94040</color>
          <fill>1</fill>
          <outline>1</outline>
        </PolyStyle>
        <LineStyle>
          <color>ff000000</color>
          <width>1</width>
        </LineStyle>
      </Style>
    </Placemark>
    <Placemark>
      <name>Minneapolis W-3 P-7</name>
      <description>&lt;![CDATA[
&lt;h3&gt;Minneapolis W-3 P-7&lt;/h3&gt;
&lt;b&gt;RCV Final Round Results:&lt;/b&gt;&lt;br/&gt;
&lt;b style="color:blue;"&gt;Jacob Frey:&lt;/b&gt; 1,639 (65.0%)&lt;br/&gt;
&lt;b style="color:red;"&gt;Omar Fateh:&lt;/b&gt; 801 (31.7%)&lt;br/&gt;
&lt;b&gt;Exhausted:&lt;/b&gt; 83 (3.3%)&lt;br/&gt;
&lt;b&gt;Total Ballots:&lt;/b&gt; 2,523&lt;br/&gt;
&lt;br/&gt;
&lt;b&gt;Winner: Frey&lt;/b&gt;
]]&gt;</description>
      <Polygon>
        <outerBoundaryIs>
          <LinearRing>
            <coordinates>-93.2495282556349,44.9911516542789 -93.2502982450894,44.990170651953 -93.2501462450246,44.990109653022 -93.2504172437555,44.9900186522644 -93.2526122178267,44.9872236477658 -93.2511992117863,44.9866516486955 -93.2519732035754,44.9856736463283 -93.2476661901835,44.9839226523294 -93.249192166869,44.9819536470444 -93.2498861577062,44.9812676438763 -93.2504511514198,44.9805846434243 -93.2514171430379,44.9796586418066 -93.2542851580736,44.9808456399428 -93.2571171719912,44.9818586388558 -93.2604681884681,44.9832146374133 -93.2635002095719,44.9850636361673 -93.2651812236755,44.9862776358315 -93.2664142403516,44.9879576366014 -93.2673202546013,44.9893176366544 -93.2679802581379,44.9896536363661 -93.2665172644348,44.990475638376 -93.2660932655842,44.9906376390464 -93.2650182660876,44.9908126395684 -93.2642052642947,44.9906626404334 -93.2633182601013,44.990400641013 -93.2625422564294,44.9900626415433 -93.2620552529382,44.9897756413392 -93.2617052482652,44.9894126420425 -93.2613792439981,44.9888956415924 -93.2607062454256,44.9890856427043 -93.2613462554344,44.9900296426861 -93.2599072575215,44.9905316441622 -93.2584552613731,44.9909856459012 -93.2577712506938,44.9900136458311 -93.2535332608462,44.9915016513278 -93.2501992694497,44.9926276551421 -93.2509162613173,44.9917156530977 -93.2495282556349,44.9911516542789</coordinates>
          </LinearRing>
        </outerBoundaryIs>
      </Polygon>
      <Style>
        <PolyStyle>
          <color>cc924040</color>
          <fill>1</fill>
          <outline>1</outline>
        </PolyStyle>
        <LineStyle>
          <color>ff000000</color>
          <width>1</width>
        </LineStyle>
      </Style>
    </Placemark>
    <Placemark>
      <name>Minneapolis W-3 P-8</name>
      <description>&lt;![CDATA[
&lt;h3&gt;Minneapolis W-3 P-8&lt;/h3&gt;
&lt;b&gt;RCV Final Round Results:&lt;/b&gt;&lt;br/&gt;
&lt;b style="color:blue;"&gt;Jacob Frey:&lt;/b&gt; 273 (34.3%)&lt;br/&gt;
&lt;b style="color:red;"&gt;Omar Fateh:&lt;/b&gt; 493 (61.9%)&lt;br/&gt;
&lt;b&gt;Exhausted:&lt;/b&gt; 30 (3.8%)&lt;br/&gt;
&lt;b&gt;Total Ballots:&lt;/b&gt; 796&lt;br/&gt;
&lt;br/&gt;
&lt;b&gt;Winner: Fateh&lt;/b&gt;
]]&gt;</description>
      <Polygon>
        <outerBoundaryIs>
          <LinearRing>
            <coordinates>-93.2434702757081,44.9914866685799 -93.2443782624024,44.9903656658613 -93.2429892621049,44.989812667709 -93.2468952023527,44.9849106548838 -93.2482852040351,44.9854696522243 -93.2490361912838,44.9844796495969 -93.2519732035754,44.9856736463283 -93.2511992117863,44.9866516486955 -93.2526122178267,44.9872236477658 -93.2504172437555,44.9900186522644 -93.2501462450246,44.990109653022 -93.2502982450894,44.990170651953 -93.2495282556349,44.9911516542789 -93.248436254177,44.990701657014 -93.2461632688619,44.9914826620918 -93.2434702757081,44.9914866685799</coordinates>
          </LinearRing>
        </outerBoundaryIs>
      </Polygon>
      <Style>
        <PolyStyle>
          <color>cc404088</color>
          <fill>1</fill>
          <outline>1</outline>
        </PolyStyle>
        <LineStyle>
          <color>ff000000</color>
          <width>1</width>
        </LineStyle>
      </Style>
    </Placemark>
    <Placemark>
      <name>Minneapolis W-3 P-9</name>
      <description>&lt;![CDATA[
&lt;h3&gt;Minneapolis W-3 P-9&lt;/h3&gt;
&lt;b&gt;RCV Final Round Results:&lt;/b&gt;&lt;br/&gt;
&lt;b style="color:blue;"&gt;Jacob Frey:&lt;/b&gt; 175 (24.6%)&lt;br/&gt;
&lt;b style="color:red;"&gt;Omar Fateh:&lt;/b&gt; 516 (72.7%)&lt;br/&gt;
&lt;b&gt;Exhausted:&lt;/b&gt; 19 (2.7%)&lt;br/&gt;
&lt;b&gt;Total Ballots:&lt;/b&gt; 710&lt;br/&gt;
&lt;br/&gt;
&lt;b&gt;Winner: Fateh&lt;/b&gt;
]]&gt;</description>
      <Polygon>
        <outerBoundaryIs>
          <LinearRing>
            <coordinates>-93.2434702757081,44.9914866685799 -93.2358562976063,44.9914826851252 -93.2358282755811,44.9890326827428 -93.2358652726463,44.9887206822493 -93.235946270737,44.988445682383 -93.2361672658783,44.9881326817186 -93.2367112599393,44.9876136798404 -93.2372832608365,44.9879276787993 -93.2378242562246,44.9875416772376 -93.2400482373088,44.9862856706389 -93.2404072333172,44.9860446704099 -93.2409562270906,44.985555669008 -93.2428102009597,44.9832856617748 -93.2440571802684,44.9816066577869 -93.2451711556894,44.9794626534261 -93.2454011497739,44.9788446517038 -93.2457481489602,44.9789056519594 -93.2478631412445,44.9788566471593 -93.2502321394528,44.979365642319 -93.2514171430379,44.9796586418066 -93.2504511514198,44.9805846434243 -93.2498861577062,44.9812676438763 -93.249192166869,44.9819536470444 -93.2476661901835,44.9839226523294 -93.2490361912838,44.9844796495969 -93.2482852040351,44.9854696522243 -93.2468952023527,44.9849106548838 -93.2429892621049,44.989812667709 -93.2443782624024,44.9903656658613 -93.2434702757081,44.9914866685799</coordinates>
          </LinearRing>
        </outerBoundaryIs>
      </Polygon>
      <Style>
        <PolyStyle>
          <color>cc4040aa</color>
          <fill>1</fill>
          <outline>1</outline>
        </PolyStyle>
        <LineStyle>
          <color>ff000000</color>
          <width>1</width>
        </LineStyle>
      </Style>
    </Placemark>
    <Placemark>
      <name>Minneapolis W-3 P-10</name>
      <description>&lt;![CDATA[
&lt;h3&gt;Minneapolis W-3 P-10&lt;/h3&gt;
&lt;b&gt;RCV Final Round Results:&lt;/b&gt;&lt;br/&gt;
&lt;b style="color:blue;"&gt;Jacob Frey:&lt;/b&gt; 1,022 (68.0%)&lt;br/&gt;
&lt;b style="color:red;"&gt;Omar Fateh:&lt;/b&gt; 417 (27.7%)&lt;br/&gt;
&lt;b&gt;Exhausted:&lt;/b&gt; 65 (4.3%)&lt;br/&gt;
&lt;b&gt;Total Ballots:&lt;/b&gt; 1,504&lt;br/&gt;
&lt;br/&gt;
&lt;b&gt;Winner: Frey&lt;/b&gt;
]]&gt;</description>
      <Polygon>
        <outerBoundaryIs>
          <LinearRing>
            <coordinates>-93.2599781864435,44.983034637548 -93.2613071845469,44.9825836359144 -93.2623301804827,44.9820916351573 -93.2648861540714,44.9790056303072 -93.2702261822061,44.9812906279406 -93.2714041919087,44.9820946282498 -93.2724992003826,44.9829296272417 -93.2748501886895,44.9812376239338 -93.2759711965565,44.9820376238359 -93.2765971925355,44.9815916234371 -93.2773831902419,44.9811946220162 -93.2786411880806,44.9807486213926 -93.2796811972485,44.9816096205603 -93.2774512082592,44.98309862396 -93.2764072128345,44.9838416252939 -93.277264218501,44.9843016240479 -93.2770712195374,44.9844196248966 -93.2760852143854,44.9840716249595 -93.2744992094209,44.9836986264636 -93.2739042071999,44.9835186264383 -93.2701882285053,44.986169632125 -93.2706592319361,44.9865036313738 -93.2670832365956,44.9874356352914 -93.2662262384516,44.9877016364943 -93.2651812236755,44.9862776358315 -93.2635002095719,44.9850636361673 -93.2604681884681,44.9832146374133 -93.2599781864435,44.983034637548</coordinates>
          </LinearRing>
        </outerBoundaryIs>
      </Polygon>
      <Style>
        <PolyStyle>
          <color>cc9b4040</color>
          <fill>1</fill>
          <outline>1</outline>
        </PolyStyle>
        <LineStyle>
          <color>ff000000</color>
          <width>1</width>
        </LineStyle>
      </Style>
    </Placemark>
    <Placemark>
      <name>Minneapolis W-3 P-11</name>
      <description>&lt;![CDATA[
&lt;h3&gt;Minneapolis W-3 P-11&lt;/h3&gt;
&lt;b&gt;RCV Final Round Results:&lt;/b&gt;&lt;br/&gt;
&lt;b style="color:blue;"&gt;Jacob Frey:&lt;/b&gt; 1,021 (75.0%)&lt;br/&gt;
&lt;b style="color:red;"&gt;Omar Fateh:&lt;/b&gt; 287 (21.1%)&lt;br/&gt;
&lt;b&gt;Exhausted:&lt;/b&gt; 54 (4.0%)&lt;br/&gt;
&lt;b&gt;Total Ballots:&lt;/b&gt; 1,362&lt;br/&gt;
&lt;br/&gt;
&lt;b&gt;Winner: Frey&lt;/b&gt;
]]&gt;</description>
      <Polygon>
        <outerBoundaryIs>
          <LinearRing>
            <coordinates>-93.2514171430379,44.9796586418066 -93.2502321394528,44.979365642319 -93.2478631412445,44.9788566471593 -93.2457481489602,44.9789056519594 -93.2454011497739,44.9788446517038 -93.2457441373098,44.9776966508812 -93.2465601354875,44.9777506484295 -93.246911133432,44.9776816480444 -93.247338129587,44.9775406469972 -93.2475591293291,44.9775136460297 -93.248948124932,44.9776056428743 -93.2499011211416,44.9775286412866 -93.2508091225221,44.9775936398872 -93.2511301231679,44.9776666405605 -93.2514001256133,44.9777826398409 -93.2517081228914,44.9774576399241 -93.251908117212,44.9769286389622 -93.2523081121217,44.9763596383884 -93.2531371045419,44.9753746363693 -93.2599651406154,44.9782576340902 -93.2607961328711,44.9772616322046 -93.2648861540714,44.9790056303072 -93.2623301804827,44.9820916351573 -93.2613071845469,44.9825836359144 -93.2599781864435,44.983034637548 -93.2571171719912,44.9818586388558 -93.2542851580736,44.9808456399428 -93.2514171430379,44.9796586418066</coordinates>
          </LinearRing>
        </outerBoundaryIs>
      </Polygon>
      <Style>
        <PolyStyle>
          <color>ccb14040</color>
          <fill>1</fill>
          <outline>1</outline>
        </PolyStyle>
        <LineStyle>
          <color>ff000000</color>
          <width>1</width>
        </LineStyle>
      </Style>
    </Placemark>
    <Placemark>
      <name>Minneapolis W-3 P-12</name>
      <description>&lt;![CDATA[
&lt;h3&gt;Minneapolis W-3 P-12&lt;/h3&gt;
&lt;b&gt;RCV Final Round Results:&lt;/b&gt;&lt;br/&gt;
&lt;b style="color:blue;"&gt;Jacob Frey:&lt;/b&gt; 750 (68.1%)&lt;br/&gt;
&lt;b style="color:red;"&gt;Omar Fateh:&lt;/b&gt; 314 (28.5%)&lt;br/&gt;
&lt;b&gt;Exhausted:&lt;/b&gt; 37 (3.4%)&lt;br/&gt;
&lt;b&gt;Total Ballots:&lt;/b&gt; 1,101&lt;br/&gt;
&lt;br/&gt;
&lt;b&gt;Winner: Frey&lt;/b&gt;
]]&gt;</description>
      <Polygon>
        <outerBoundaryIs>
          <LinearRing>
            <coordinates>-93.2457441373098,44.9776966508812 -93.2458851329382,44.9773616501445 -93.2461251293779,44.9769596491285 -93.2465511211117,44.9763496476378 -93.2471051140702,44.9758146454232 -93.2487140969792,44.9747166410269 -93.2499810833897,44.9736886374664 -93.250564078973,44.9730956359011 -93.2522310625197,44.9711856336294 -93.2527590563543,44.970499631945 -93.2530370521228,44.9699906309048 -93.2533580538295,44.970182630757 -93.2550440643041,44.9709486308666 -93.2618571013712,44.9738136284943 -93.2610531094023,44.9747706298836 -93.2624221168331,44.9753436293926 -93.2599651406154,44.9782576340902 -93.2531371045419,44.9753746363693 -93.2523081121217,44.9763596383884 -93.251908117212,44.9769286389622 -93.2517081228914,44.9774576399241 -93.2514001256133,44.9777826398409 -93.2511301231679,44.9776666405605 -93.2508091225221,44.9775936398872 -93.2499011211416,44.9775286412866 -93.248948124932,44.9776056428743 -93.2475591293291,44.9775136460297 -93.247338129587,44.9775406469972 -93.246911133432,44.9776816480444 -93.2465601354875,44.9777506484295 -93.2457441373098,44.9776966508812</coordinates>
          </LinearRing>
        </outerBoundaryIs>
      </Polygon>
      <Style>
        <PolyStyle>
          <color>cc9c4040</color>
          <fill>1</fill>
          <outline>1</outline>
        </PolyStyle>
        <LineStyle>
          <color>ff000000</color>
          <width>1</width>
        </LineStyle>
      </Style>
    </Placemark>
    <Placemark>
      <name>Minneapolis W-4 P-1</name>
      <description>&lt;![CDATA[
&lt;h3&gt;Minneapolis W-4 P-1&lt;/h3&gt;
&lt;b&gt;RCV Final Round Results:&lt;/b&gt;&lt;br/&gt;
&lt;b style="color:blue;"&gt;Jacob Frey:&lt;/b&gt; 386 (59.8%)&lt;br/&gt;
&lt;b style="color:red;"&gt;Omar Fateh:&lt;/b&gt; 208 (32.2%)&lt;br/&gt;
&lt;b&gt;Exhausted:&lt;/b&gt; 52 (8.0%)&lt;br/&gt;
&lt;b&gt;Total Ballots:&lt;/b&gt; 646&lt;br/&gt;
&lt;br/&gt;
&lt;b&gt;Winner: Frey&lt;/b&gt;
]]&gt;</description>
      <Polygon>
        <outerBoundaryIs>
          <LinearRing>
            <coordinates>-93.3194894568122,45.0512435252269 -93.3093734485282,45.0512285351904 -93.2991874411277,45.0511295448875 -93.2992414391188,45.0498215472638 -93.2991114380715,45.0488175483613 -93.2991194378622,45.048539548807 -93.2992334367921,45.0479935495274 -93.2993324364888,45.0477225497407 -93.2996924361147,45.0470585503414 -93.2993554355335,45.0468445506476 -93.299190435372,45.0466165515399 -93.2991274342012,45.0457125526026 -93.2991994327424,45.04479655407 -93.299299432531,45.0446535532828 -93.2995154336626,45.0446035531545 -93.2994814325244,45.0439105542112 -93.3194006677647,45.0439614472897 -93.3194894568122,45.0512435252269</coordinates>
          </LinearRing>
        </outerBoundaryIs>
      </Polygon>
      <Style>
        <PolyStyle>
          <color>cc824040</color>
          <fill>1</fill>
          <outline>1</outline>
        </PolyStyle>
        <LineStyle>
          <color>ff000000</color>
          <width>1</width>
        </LineStyle>
      </Style>
    </Placemark>
    <Placemark>
      <name>Minneapolis W-4 P-2</name>
      <description>&lt;![CDATA[
&lt;h3&gt;Minneapolis W-4 P-2&lt;/h3&gt;
&lt;b&gt;RCV Final Round Results:&lt;/b&gt;&lt;br/&gt;
&lt;b style="color:blue;"&gt;Jacob Frey:&lt;/b&gt; 553 (55.8%)&lt;br/&gt;
&lt;b style="color:red;"&gt;Omar Fateh:&lt;/b&gt; 315 (31.8%)&lt;br/&gt;
&lt;b&gt;Exhausted:&lt;/b&gt; 123 (12.4%)&lt;br/&gt;
&lt;b&gt;Total Ballots:&lt;/b&gt; 991&lt;br/&gt;
&lt;br/&gt;
&lt;b&gt;Winner: Frey&lt;/b&gt;
]]&gt;</description>
      <Polygon>
        <outerBoundaryIs>
          <LinearRing>
            <coordinates>-93.2991874411277,45.0511295448875 -93.2819441501173,45.051125038932 -93.2811074887032,45.0484187454754 -93.2807796335306,45.0458772603269 -93.2807108077998,45.0449163926862 -93.2809344252771,45.0426858078899 -93.2812359841232,45.0416247393444 -93.2821517518492,45.0388973587677 -93.2829391472173,45.037312451621 -93.2831980584607,45.0366830289776 -93.2834793391776,45.0354664317498 -93.2834023650178,45.034519895369 -93.283208407936,45.0334455840458 -93.2826894054661,45.0324205859002 -93.2863624075096,45.0315525842342 -93.2870064083144,45.0314885831577 -93.2881024083074,45.0314995818375 -93.2881014103597,45.032716580735 -93.2900634145407,45.0344475767373 -93.2903984147365,45.0347185758812 -93.2911464158461,45.0352145744179 -93.2915504168262,45.0354395737842 -93.293305419101,45.036202570525 -93.2943504192732,45.0365685691344 -93.2954344207521,45.0368735677693 -93.2990584245993,45.0376525631287 -93.2990554251224,45.0384765621702 -93.299000426576,45.0389985617597 -93.2991254270335,45.0402435597169 -93.2991644298428,45.0420885570214 -93.2994174319388,45.0434005559032 -93.2995154336626,45.0446035531545 -93.299299432531,45.0446535532828 -93.2991994327424,45.04479655407 -93.2991274342012,45.0457125526026 -93.299190435372,45.0466165515399 -93.2993554355335,45.0468445506476 -93.2996924361147,45.0470585503414 -93.2993324364888,45.0477225497407 -93.2992334367921,45.0479935495274 -93.2991194378622,45.048539548807 -93.2991114380715,45.0488175483613 -93.2992414391188,45.0498215472638 -93.2991874411277,45.0511295448875</coordinates>
          </LinearRing>
        </outerBoundaryIs>
      </Polygon>
      <Style>
        <PolyStyle>
          <color>cc754040</color>
          <fill>1</fill>
          <outline>1</outline>
        </PolyStyle>
        <LineStyle>
          <color>ff000000</color>
          <width>1</width>
        </LineStyle>
      </Style>
    </Placemark>
    <Placemark>
      <name>Minneapolis W-4 P-3</name>
      <description>&lt;![CDATA[
&lt;h3&gt;Minneapolis W-4 P-3&lt;/h3&gt;
&lt;b&gt;RCV Final Round Results:&lt;/b&gt;&lt;br/&gt;
&lt;b style="color:blue;"&gt;Jacob Frey:&lt;/b&gt; 1,000 (54.6%)&lt;br/&gt;
&lt;b style="color:red;"&gt;Omar Fateh:&lt;/b&gt; 704 (38.4%)&lt;br/&gt;
&lt;b&gt;Exhausted:&lt;/b&gt; 128 (7.0%)&lt;br/&gt;
&lt;b&gt;Total Ballots:&lt;/b&gt; 1,832&lt;br/&gt;
&lt;br/&gt;
&lt;b&gt;Winner: Frey&lt;/b&gt;
]]&gt;</description>
      <Polygon>
        <outerBoundaryIs>
          <LinearRing>
            <coordinates>-93.3085564290111,45.0354435570824 -93.3082664116574,45.020451577944 -93.3184371909159,45.0204665267912 -93.3187952118569,45.0354595450797 -93.319421212262,45.0354625446949 -93.3194282141134,45.0367105437501 -93.319375214418,45.036809543232 -93.3192252138504,45.036939543602 -93.3193062188427,45.0401815395601 -93.3231731090743,45.0402818641448 -93.3232143903594,45.042885669347 -93.319426444683,45.0420474112116 -93.3194264450285,45.0420155356608 -93.3193996926313,45.0439069303332 -93.3189404456894,45.0430545375458 -93.3183314445488,45.0422895390182 -93.3171964427025,45.041122541343 -93.3161764402349,45.0402375433286 -93.3154994395043,45.039712545008 -93.3142334382822,45.0388535474075 -93.3104034320484,45.0362675538864 -93.3090984302582,45.035443556401 -93.3085564290111,45.0354435570824</coordinates>
          </LinearRing>
        </outerBoundaryIs>
      </Polygon>
      <Style>
        <PolyStyle>
          <color>cc724040</color>
          <fill>1</fill>
          <outline>1</outline>
        </PolyStyle>
        <LineStyle>
          <color>ff000000</color>
          <width>1</width>
        </LineStyle>
      </Style>
    </Placemark>
    <Placemark>
      <name>Minneapolis W-4 P-4</name>
      <description>&lt;![CDATA[
&lt;h3&gt;Minneapolis W-4 P-4&lt;/h3&gt;
&lt;b&gt;RCV Final Round Results:&lt;/b&gt;&lt;br/&gt;
&lt;b style="color:blue;"&gt;Jacob Frey:&lt;/b&gt; 294 (49.5%)&lt;br/&gt;
&lt;b style="color:red;"&gt;Omar Fateh:&lt;/b&gt; 254 (42.8%)&lt;br/&gt;
&lt;b&gt;Exhausted:&lt;/b&gt; 46 (7.7%)&lt;br/&gt;
&lt;b&gt;Total Ballots:&lt;/b&gt; 594&lt;br/&gt;
&lt;br/&gt;
&lt;b&gt;Winner: Frey&lt;/b&gt;
]]&gt;</description>
      <Polygon>
        <outerBoundaryIs>
          <LinearRing>
            <coordinates>-93.2994814325244,45.0439105542112 -93.2993694320475,45.0430995555737 -93.2991644298428,45.0420885570214 -93.2991254270335,45.0402435597169 -93.299000426576,45.0389985617597 -93.2990674250633,45.0379805635946 -93.2990044214087,45.0354395662049 -93.298333421383,45.0354395671996 -93.2982954159374,45.0312395725885 -93.2980894068665,45.023995582897 -93.3083274147413,45.0240835731233 -93.3085564290111,45.0354435570824 -93.3090984302582,45.035443556401 -93.3104034320484,45.0362675538864 -93.3142334382822,45.0388535474075 -93.3154994395043,45.039712545008 -93.3161764402349,45.0402375433286 -93.3171964427025,45.041122541343 -93.3183314445488,45.0422895390182 -93.3189404456894,45.0430545375458 -93.3194006677647,45.0439614472897 -93.2994814325244,45.0439105542112</coordinates>
          </LinearRing>
        </outerBoundaryIs>
      </Polygon>
      <Style>
        <PolyStyle>
          <color>cc624040</color>
          <fill>1</fill>
          <outline>1</outline>
        </PolyStyle>
        <LineStyle>
          <color>ff000000</color>
          <width>1</width>
        </LineStyle>
      </Style>
    </Placemark>
    <Placemark>
      <name>Minneapolis W-4 P-5</name>
      <description>&lt;![CDATA[
&lt;h3&gt;Minneapolis W-4 P-5&lt;/h3&gt;
&lt;b&gt;RCV Final Round Results:&lt;/b&gt;&lt;br/&gt;
&lt;b style="color:blue;"&gt;Jacob Frey:&lt;/b&gt; 382 (56.4%)&lt;br/&gt;
&lt;b style="color:red;"&gt;Omar Fateh:&lt;/b&gt; 244 (36.0%)&lt;br/&gt;
&lt;b&gt;Exhausted:&lt;/b&gt; 51 (7.5%)&lt;br/&gt;
&lt;b&gt;Total Ballots:&lt;/b&gt; 677&lt;br/&gt;
&lt;br/&gt;
&lt;b&gt;Winner: Frey&lt;/b&gt;
]]&gt;</description>
      <Polygon>
        <outerBoundaryIs>
          <LinearRing>
            <coordinates>-93.2826894054661,45.0324205859002 -93.2821854033345,45.0307445889287 -93.2811774007292,45.0287555926282 -93.2800183969636,45.0271695957196 -93.2786223936791,45.0249756006577 -93.2781393918616,45.0238376025879 -93.2825783954381,45.0238275975963 -93.2826703952049,45.0239115977074 -93.2980894068665,45.023995582897 -93.2982954159374,45.0312395725885 -93.298333421383,45.0354395671996 -93.2990044214087,45.0354395662049 -93.2990584245993,45.0376525631287 -93.2954344207521,45.0368735677693 -93.2943504192732,45.0365685691344 -93.293305419101,45.036202570525 -93.2915504168262,45.0354395737842 -93.2911464158461,45.0352145744179 -93.2903984147365,45.0347185758812 -93.2900634145407,45.0344475767373 -93.2881014103597,45.032716580735 -93.2881024083074,45.0314995818375 -93.2870064083144,45.0314885831577 -93.2863624075096,45.0315525842342 -93.2826894054661,45.0324205859002</coordinates>
          </LinearRing>
        </outerBoundaryIs>
      </Polygon>
      <Style>
        <PolyStyle>
          <color>cc774040</color>
          <fill>1</fill>
          <outline>1</outline>
        </PolyStyle>
        <LineStyle>
          <color>ff000000</color>
          <width>1</width>
        </LineStyle>
      </Style>
    </Placemark>
    <Placemark>
      <name>Minneapolis W-4 P-6</name>
      <description>&lt;![CDATA[
&lt;h3&gt;Minneapolis W-4 P-6&lt;/h3&gt;
&lt;b&gt;RCV Final Round Results:&lt;/b&gt;&lt;br/&gt;
&lt;b style="color:blue;"&gt;Jacob Frey:&lt;/b&gt; 330 (46.9%)&lt;br/&gt;
&lt;b style="color:red;"&gt;Omar Fateh:&lt;/b&gt; 326 (46.3%)&lt;br/&gt;
&lt;b&gt;Exhausted:&lt;/b&gt; 48 (6.8%)&lt;br/&gt;
&lt;b&gt;Total Ballots:&lt;/b&gt; 704&lt;br/&gt;
&lt;br/&gt;
&lt;b&gt;Winner: Frey&lt;/b&gt;
]]&gt;</description>
      <Polygon>
        <outerBoundaryIs>
          <LinearRing>
            <coordinates>-93.3082664116574,45.020451577944 -93.3082284020513,45.0132345876418 -93.3095024037265,45.0132385863256 -93.3094793954323,45.0060205960391 -93.3115593958173,45.0060245939549 -93.312295398107,45.0065015933106 -93.3150344033204,45.0096375856197 -93.3151924047104,45.0097095860011 -93.3164294064064,45.0108915828616 -93.3175044086774,45.0118295810187 -93.3182094104646,45.0124915791531 -93.3184332028045,45.0127915302691 -93.3184371909159,45.0204665267912 -93.3082664116574,45.020451577944</coordinates>
          </LinearRing>
        </outerBoundaryIs>
      </Polygon>
      <Style>
        <PolyStyle>
          <color>cc5a4040</color>
          <fill>1</fill>
          <outline>1</outline>
        </PolyStyle>
        <LineStyle>
          <color>ff000000</color>
          <width>1</width>
        </LineStyle>
      </Style>
    </Placemark>
    <Placemark>
      <name>Minneapolis W-4 P-7</name>
      <description>&lt;![CDATA[
&lt;h3&gt;Minneapolis W-4 P-7&lt;/h3&gt;
&lt;b&gt;RCV Final Round Results:&lt;/b&gt;&lt;br/&gt;
&lt;b style="color:blue;"&gt;Jacob Frey:&lt;/b&gt; 451 (47.2%)&lt;br/&gt;
&lt;b style="color:red;"&gt;Omar Fateh:&lt;/b&gt; 436 (45.6%)&lt;br/&gt;
&lt;b&gt;Exhausted:&lt;/b&gt; 69 (7.2%)&lt;br/&gt;
&lt;b&gt;Total Ballots:&lt;/b&gt; 956&lt;br/&gt;
&lt;br/&gt;
&lt;b&gt;Winner: Frey&lt;/b&gt;
]]&gt;</description>
      <Polygon>
        <outerBoundaryIs>
          <LinearRing>
            <coordinates>-93.3083274147413,45.0240835731233 -93.29308440429,45.02396158806 -93.2930533896928,45.0131346025004 -93.3082284020513,45.0132345876418 -93.3082664116574,45.020451577944 -93.3083274147413,45.0240835731233</coordinates>
          </LinearRing>
        </outerBoundaryIs>
      </Polygon>
      <Style>
        <PolyStyle>
          <color>cc5b4040</color>
          <fill>1</fill>
          <outline>1</outline>
        </PolyStyle>
        <LineStyle>
          <color>ff000000</color>
          <width>1</width>
        </LineStyle>
      </Style>
    </Placemark>
    <Placemark>
      <name>Minneapolis W-4 P-8</name>
      <description>&lt;![CDATA[
&lt;h3&gt;Minneapolis W-4 P-8&lt;/h3&gt;
&lt;b&gt;RCV Final Round Results:&lt;/b&gt;&lt;br/&gt;
&lt;b style="color:blue;"&gt;Jacob Frey:&lt;/b&gt; 249 (57.0%)&lt;br/&gt;
&lt;b style="color:red;"&gt;Omar Fateh:&lt;/b&gt; 152 (34.8%)&lt;br/&gt;
&lt;b&gt;Exhausted:&lt;/b&gt; 36 (8.2%)&lt;br/&gt;
&lt;b&gt;Total Ballots:&lt;/b&gt; 437&lt;br/&gt;
&lt;br/&gt;
&lt;b&gt;Winner: Frey&lt;/b&gt;
]]&gt;</description>
      <Polygon>
        <outerBoundaryIs>
          <LinearRing>
            <coordinates>-93.2781393918616,45.0238376025879 -93.277924390386,45.0229536033856 -93.2774593892892,45.0219216048762 -93.2765963826308,45.0177046120891 -93.2758863795451,45.0159046154909 -93.2750663790075,45.0147336180379 -93.2748823766875,45.0131196201689 -93.2762153772739,45.0130936188407 -93.2930533896928,45.0131346025004 -93.29308440429,45.02396158806 -93.2826703952049,45.0239115977074 -93.2825783954381,45.0238275975963 -93.2781393918616,45.0238376025879</coordinates>
          </LinearRing>
        </outerBoundaryIs>
      </Polygon>
      <Style>
        <PolyStyle>
          <color>cc794040</color>
          <fill>1</fill>
          <outline>1</outline>
        </PolyStyle>
        <LineStyle>
          <color>ff000000</color>
          <width>1</width>
        </LineStyle>
      </Style>
    </Placemark>
    <Placemark>
      <name>Minneapolis W-4 P-9</name>
      <description>&lt;![CDATA[
&lt;h3&gt;Minneapolis W-4 P-9&lt;/h3&gt;
&lt;b&gt;RCV Final Round Results:&lt;/b&gt;&lt;br/&gt;
&lt;b style="color:blue;"&gt;Jacob Frey:&lt;/b&gt; 61 (62.2%)&lt;br/&gt;
&lt;b style="color:red;"&gt;Omar Fateh:&lt;/b&gt; 34 (34.7%)&lt;br/&gt;
&lt;b&gt;Exhausted:&lt;/b&gt; 3 (3.1%)&lt;br/&gt;
&lt;b&gt;Total Ballots:&lt;/b&gt; 98&lt;br/&gt;
&lt;br/&gt;
&lt;b&gt;Winner: Frey&lt;/b&gt;
]]&gt;</description>
      <Polygon>
        <outerBoundaryIs>
          <LinearRing>
            <coordinates>-93.3115593958173,45.0060245939549 -93.3184377313205,45.0060353036334 -93.3184332028045,45.0127915302691 -93.3182094104646,45.0124915791531 -93.3175044086774,45.0118295810187 -93.3164294064064,45.0108915828616 -93.3151924047104,45.0097095860011 -93.3150344033204,45.0096375856197 -93.312295398107,45.0065015933106 -93.3115593958173,45.0060245939549</coordinates>
          </LinearRing>
        </outerBoundaryIs>
      </Polygon>
      <Style>
        <PolyStyle>
          <color>cc894040</color>
          <fill>1</fill>
          <outline>1</outline>
        </PolyStyle>
        <LineStyle>
          <color>ff000000</color>
          <width>1</width>
        </LineStyle>
      </Style>
    </Placemark>
    <Placemark>
      <name>Minneapolis W-5 P-1</name>
      <description>&lt;![CDATA[
&lt;h3&gt;Minneapolis W-5 P-1&lt;/h3&gt;
&lt;b&gt;RCV Final Round Results:&lt;/b&gt;&lt;br/&gt;
&lt;b style="color:blue;"&gt;Jacob Frey:&lt;/b&gt; 233 (49.9%)&lt;br/&gt;
&lt;b style="color:red;"&gt;Omar Fateh:&lt;/b&gt; 189 (40.5%)&lt;br/&gt;
&lt;b&gt;Exhausted:&lt;/b&gt; 45 (9.6%)&lt;br/&gt;
&lt;b&gt;Total Ballots:&lt;/b&gt; 467&lt;br/&gt;
&lt;br/&gt;
&lt;b&gt;Winner: Frey&lt;/b&gt;
]]&gt;</description>
      <Polygon>
        <outerBoundaryIs>
          <LinearRing>
            <coordinates>-93.3095024037265,45.0132385863256 -93.2943053913071,45.0131426007813 -93.2943053834317,45.006221610048 -93.2941883835601,45.0059416111508 -93.3094793954323,45.0060205960391 -93.3095024037265,45.0132385863256</coordinates>
          </LinearRing>
        </outerBoundaryIs>
      </Polygon>
      <Style>
        <PolyStyle>
          <color>cc634040</color>
          <fill>1</fill>
          <outline>1</outline>
        </PolyStyle>
        <LineStyle>
          <color>ff000000</color>
          <width>1</width>
        </LineStyle>
      </Style>
    </Placemark>
    <Placemark>
      <name>Minneapolis W-5 P-2</name>
      <description>&lt;![CDATA[
&lt;h3&gt;Minneapolis W-5 P-2&lt;/h3&gt;
&lt;b&gt;RCV Final Round Results:&lt;/b&gt;&lt;br/&gt;
&lt;b style="color:blue;"&gt;Jacob Frey:&lt;/b&gt; 432 (51.0%)&lt;br/&gt;
&lt;b style="color:red;"&gt;Omar Fateh:&lt;/b&gt; 341 (40.3%)&lt;br/&gt;
&lt;b&gt;Exhausted:&lt;/b&gt; 74 (8.7%)&lt;br/&gt;
&lt;b&gt;Total Ballots:&lt;/b&gt; 847&lt;br/&gt;
&lt;br/&gt;
&lt;b&gt;Winner: Frey&lt;/b&gt;
]]&gt;</description>
      <Polygon>
        <outerBoundaryIs>
          <LinearRing>
            <coordinates>-93.3184377313205,45.0060353036334 -93.2941883835601,45.0059416111508 -93.2941163832701,45.0057246112657 -93.2940813809483,45.0048086132986 -93.2940823678679,44.9991366189798 -93.2977383713925,44.9991396155295 -93.2989513752537,44.9994706144113 -93.29922537352,44.9992536143004 -93.2993173718774,44.9991236138456 -93.299401370291,44.998841613221 -93.2993933685698,44.998727613897 -93.30825337599,44.9987546046486 -93.3171393846829,44.9988375965944 -93.3180273842884,44.9988155957456 -93.318250385968,44.9988395954989 -93.3184601549365,44.998902533585 -93.3184377313205,45.0060353036334</coordinates>
          </LinearRing>
        </outerBoundaryIs>
      </Polygon>
      <Style>
        <PolyStyle>
          <color>cc674040</color>
          <fill>1</fill>
          <outline>1</outline>
        </PolyStyle>
        <LineStyle>
          <color>ff000000</color>
          <width>1</width>
        </LineStyle>
      </Style>
    </Placemark>
    <Placemark>
      <name>Minneapolis W-5 P-3</name>
      <description>&lt;![CDATA[
&lt;h3&gt;Minneapolis W-5 P-3&lt;/h3&gt;
&lt;b&gt;RCV Final Round Results:&lt;/b&gt;&lt;br/&gt;
&lt;b style="color:blue;"&gt;Jacob Frey:&lt;/b&gt; 287 (46.4%)&lt;br/&gt;
&lt;b style="color:red;"&gt;Omar Fateh:&lt;/b&gt; 257 (41.5%)&lt;br/&gt;
&lt;b&gt;Exhausted:&lt;/b&gt; 75 (12.1%)&lt;br/&gt;
&lt;b&gt;Total Ballots:&lt;/b&gt; 619&lt;br/&gt;
&lt;br/&gt;
&lt;b&gt;Winner: Frey&lt;/b&gt;
]]&gt;</description>
      <Polygon>
        <outerBoundaryIs>
          <LinearRing>
            <coordinates>-93.2943053913071,45.0131426007813 -93.2762153772739,45.0130936188407 -93.2748823766875,45.0131196201689 -93.2744183668015,45.0057586298387 -93.2744173648092,45.0044036326526 -93.2747163632686,45.0025526347238 -93.2754243513646,44.9989816368128 -93.2766793528893,44.9990936350636 -93.283530358697,44.9991316288839 -93.2940823678679,44.9991366189798 -93.2940813809483,45.0048086132986 -93.2941163832701,45.0057246112657 -93.2943053834317,45.006221610048 -93.2943053913071,45.0131426007813</coordinates>
          </LinearRing>
        </outerBoundaryIs>
      </Polygon>
      <Style>
        <PolyStyle>
          <color>cc584040</color>
          <fill>1</fill>
          <outline>1</outline>
        </PolyStyle>
        <LineStyle>
          <color>ff000000</color>
          <width>1</width>
        </LineStyle>
      </Style>
    </Placemark>
    <Placemark>
      <name>Minneapolis W-5 P-4</name>
      <description>&lt;![CDATA[
&lt;h3&gt;Minneapolis W-5 P-4&lt;/h3&gt;
&lt;b&gt;RCV Final Round Results:&lt;/b&gt;&lt;br/&gt;
&lt;b style="color:blue;"&gt;Jacob Frey:&lt;/b&gt; 438 (51.4%)&lt;br/&gt;
&lt;b style="color:red;"&gt;Omar Fateh:&lt;/b&gt; 354 (41.5%)&lt;br/&gt;
&lt;b&gt;Exhausted:&lt;/b&gt; 60 (7.0%)&lt;br/&gt;
&lt;b&gt;Total Ballots:&lt;/b&gt; 852&lt;br/&gt;
&lt;br/&gt;
&lt;b&gt;Winner: Frey&lt;/b&gt;
]]&gt;</description>
      <Polygon>
        <outerBoundaryIs>
          <LinearRing>
            <coordinates>-93.2994163686918,44.9987276129887 -93.2994283580882,44.9974106126902 -93.3006903583972,44.9974106120102 -93.3006983398609,44.9952026098384 -93.301934340295,44.9952066094656 -93.3019193094764,44.9914946078431 -93.3184680602158,44.9915516792677 -93.3184601549365,44.998902533585 -93.318250385968,44.9988395954989 -93.3180273842884,44.9988155957456 -93.3171393846829,44.9988375965944 -93.30825337599,44.9987546046486 -93.2994163686918,44.9987276129887</coordinates>
          </LinearRing>
        </outerBoundaryIs>
      </Polygon>
      <Style>
        <PolyStyle>
          <color>cc684040</color>
          <fill>1</fill>
          <outline>1</outline>
        </PolyStyle>
        <LineStyle>
          <color>ff000000</color>
          <width>1</width>
        </LineStyle>
      </Style>
    </Placemark>
    <Placemark>
      <name>Minneapolis W-5 P-5</name>
      <description>&lt;![CDATA[
&lt;h3&gt;Minneapolis W-5 P-5&lt;/h3&gt;
&lt;b&gt;RCV Final Round Results:&lt;/b&gt;&lt;br/&gt;
&lt;b style="color:blue;"&gt;Jacob Frey:&lt;/b&gt; 310 (52.0%)&lt;br/&gt;
&lt;b style="color:red;"&gt;Omar Fateh:&lt;/b&gt; 236 (39.6%)&lt;br/&gt;
&lt;b&gt;Exhausted:&lt;/b&gt; 50 (8.4%)&lt;br/&gt;
&lt;b&gt;Total Ballots:&lt;/b&gt; 596&lt;br/&gt;
&lt;br/&gt;
&lt;b&gt;Winner: Frey&lt;/b&gt;
]]&gt;</description>
      <Polygon>
        <outerBoundaryIs>
          <LinearRing>
            <coordinates>-93.2977383713925,44.9991396155295 -93.283530358697,44.9991316288839 -93.2766793528893,44.9990936350636 -93.2754243513646,44.9989816368128 -93.2757613294361,44.9965136350171 -93.2736382928074,44.9928576334672 -93.2763682877941,44.9920136302993 -93.2860382965677,44.9919366221408 -93.2994163114931,44.9919826104177 -93.299416306759,44.9914906099647 -93.3019193094764,44.9914946078431 -93.301934340295,44.9952066094656 -93.3006983398609,44.9952026098384 -93.3006903583972,44.9974106120102 -93.2994283580882,44.9974106126902 -93.2994163686918,44.9987276129887 -93.2993703719674,44.998986613061 -93.29922537352,44.9992536143004 -93.2989513752537,44.9994706144113 -93.2977383713925,44.9991396155295</coordinates>
          </LinearRing>
        </outerBoundaryIs>
      </Polygon>
      <Style>
        <PolyStyle>
          <color>cc6a4040</color>
          <fill>1</fill>
          <outline>1</outline>
        </PolyStyle>
        <LineStyle>
          <color>ff000000</color>
          <width>1</width>
        </LineStyle>
      </Style>
    </Placemark>
    <Placemark>
      <name>Minneapolis W-5 P-6</name>
      <description>&lt;![CDATA[
&lt;h3&gt;Minneapolis W-5 P-6&lt;/h3&gt;
&lt;b&gt;RCV Final Round Results:&lt;/b&gt;&lt;br/&gt;
&lt;b style="color:blue;"&gt;Jacob Frey:&lt;/b&gt; 406 (59.6%)&lt;br/&gt;
&lt;b style="color:red;"&gt;Omar Fateh:&lt;/b&gt; 219 (32.2%)&lt;br/&gt;
&lt;b&gt;Exhausted:&lt;/b&gt; 56 (8.2%)&lt;br/&gt;
&lt;b&gt;Total Ballots:&lt;/b&gt; 681&lt;br/&gt;
&lt;br/&gt;
&lt;b&gt;Winner: Frey&lt;/b&gt;
]]&gt;</description>
      <Polygon>
        <outerBoundaryIs>
          <LinearRing>
            <coordinates>-93.3019193094764,44.9914946078431 -93.3019422746365,44.9875726056945 -93.3018732749533,44.9874966055375 -93.3018192727846,44.987321605422 -93.3018582713018,44.9871036055401 -93.301827269393,44.9868486054521 -93.301675266379,44.9865886049895 -93.3014152640009,44.9863486055778 -93.3013542608638,44.9860126057222 -93.3012062594864,44.9857396051108 -93.3008512542684,44.9852916055331 -93.3005302516433,44.9850016049759 -93.3005852504509,44.9848416052364 -93.3005912480509,44.984504605679 -93.3032312497972,44.9844806033678 -93.3057722530757,44.9845366003658 -93.3070222551032,44.9844965996028 -93.3096652582164,44.9845465977084 -93.3110482596452,44.9845285961294 -93.3123282598081,44.9844415958736 -93.3146812606018,44.9841375928884 -93.315827260448,44.984024591957 -93.3174462626241,44.9840025902955 -93.3184690949652,44.984045256527 -93.3184680602158,44.9915516792677 -93.3019193094764,44.9914946078431</coordinates>
          </LinearRing>
        </outerBoundaryIs>
      </Polygon>
      <Style>
        <PolyStyle>
          <color>cc814040</color>
          <fill>1</fill>
          <outline>1</outline>
        </PolyStyle>
        <LineStyle>
          <color>ff000000</color>
          <width>1</width>
        </LineStyle>
      </Style>
    </Placemark>
    <Placemark>
      <name>Minneapolis W-5 P-7</name>
      <description>&lt;![CDATA[
&lt;h3&gt;Minneapolis W-5 P-7&lt;/h3&gt;
&lt;b&gt;RCV Final Round Results:&lt;/b&gt;&lt;br/&gt;
&lt;b style="color:blue;"&gt;Jacob Frey:&lt;/b&gt; 182 (36.0%)&lt;br/&gt;
&lt;b style="color:red;"&gt;Omar Fateh:&lt;/b&gt; 307 (60.7%)&lt;br/&gt;
&lt;b&gt;Exhausted:&lt;/b&gt; 17 (3.4%)&lt;br/&gt;
&lt;b&gt;Total Ballots:&lt;/b&gt; 506&lt;br/&gt;
&lt;br/&gt;
&lt;b&gt;Winner: Fateh&lt;/b&gt;
]]&gt;</description>
      <Polygon>
        <outerBoundaryIs>
          <LinearRing>
            <coordinates>-93.279811291113,44.9919886275322 -93.2798092906915,44.9918986273651 -93.2794122831445,44.9911016274571 -93.2828682646542,44.9886906229689 -93.2818912566936,44.9879086229078 -93.2781762281197,44.9852386239194 -93.2796102205627,44.9842346223843 -93.2826362243076,44.9842056203277 -93.2828762259796,44.9843376202633 -93.2833222275644,44.984458619564 -93.2838152277591,44.9844386187349 -93.2875432321333,44.9844606159175 -93.2941442396556,44.9844486109918 -93.2981882437622,44.9844646075317 -93.3005912480509,44.984504605679 -93.3005852504509,44.9848416052364 -93.3005302516433,44.9850016049759 -93.3008512542684,44.9852916055331 -93.3012062594864,44.9857396051108 -93.3013542608638,44.9860126057222 -93.3014152640009,44.9863486055778 -93.301675266379,44.9865886049895 -93.301827269393,44.9868486054521 -93.3018582713018,44.9871036055401 -93.3018192727846,44.987321605422 -93.3018732749533,44.9874966055375 -93.3019422746365,44.9875726056945 -93.3019193094764,44.9914946078431 -93.299416306759,44.9914906099647 -93.2994163114931,44.9919826104177 -93.2860382965677,44.9919366221408 -93.279811291113,44.9919886275322</coordinates>
          </LinearRing>
        </outerBoundaryIs>
      </Polygon>
      <Style>
        <PolyStyle>
          <color>cc404085</color>
          <fill>1</fill>
          <outline>1</outline>
        </PolyStyle>
        <LineStyle>
          <color>ff000000</color>
          <width>1</width>
        </LineStyle>
      </Style>
    </Placemark>
    <Placemark>
      <name>Minneapolis W-5 P-8</name>
      <description>&lt;![CDATA[
&lt;h3&gt;Minneapolis W-5 P-8&lt;/h3&gt;
&lt;b&gt;RCV Final Round Results:&lt;/b&gt;&lt;br/&gt;
&lt;b style="color:blue;"&gt;Jacob Frey:&lt;/b&gt; 252 (45.8%)&lt;br/&gt;
&lt;b style="color:red;"&gt;Omar Fateh:&lt;/b&gt; 271 (49.3%)&lt;br/&gt;
&lt;b&gt;Exhausted:&lt;/b&gt; 27 (4.9%)&lt;br/&gt;
&lt;b&gt;Total Ballots:&lt;/b&gt; 550&lt;br/&gt;
&lt;br/&gt;
&lt;b&gt;Winner: Fateh&lt;/b&gt;
]]&gt;</description>
      <Polygon>
        <outerBoundaryIs>
          <LinearRing>
            <coordinates>-93.276888220992,44.9845346251152 -93.277264218501,44.9843016240479 -93.2764072128345,44.9838416252939 -93.2774512082592,44.98309862396 -93.2796811972485,44.9816096205603 -93.2786411880806,44.9807486213926 -93.2787631869909,44.9807146211097 -93.2794991846753,44.9802246198224 -93.2808861757087,44.979097618211 -93.281083175228,44.9790196174152 -93.2815261755846,44.9789236172211 -93.2828801765367,44.9789286160485 -93.2876501870152,44.9794426129815 -93.2930152006784,44.9801836087739 -93.2983102130967,44.9807906049831 -93.3007512162223,44.9808976030069 -93.3018732186015,44.980897601667 -93.3044972206167,44.9807866003888 -93.3083122245205,44.9807175969162 -93.3185050741477,44.9807406863011 -93.3184690949652,44.984045256527 -93.3174462626241,44.9840025902955 -93.315827260448,44.984024591957 -93.3146812606018,44.9841375928884 -93.3121042602286,44.9844645954123 -93.3103572592194,44.9845445971238 -93.3070222551032,44.9844965996028 -93.3057722530757,44.9845366003658 -93.3032312497972,44.9844806033678 -93.3005912480509,44.984504605679 -93.2981882437622,44.9844646075317 -93.2941442396556,44.9844486109918 -93.2875432321333,44.9844606159175 -93.2838152277591,44.9844386187349 -93.2833222275644,44.984458619564 -93.2828762259796,44.9843376202633 -93.2826362243076,44.9842056203277 -93.2796102205627,44.9842346223843 -93.2781762281197,44.9852386239194 -93.2772782222782,44.9846806247342 -93.276888220992,44.9845346251152</coordinates>
          </LinearRing>
        </outerBoundaryIs>
      </Polygon>
      <Style>
        <PolyStyle>
          <color>cc404061</color>
          <fill>1</fill>
          <outline>1</outline>
        </PolyStyle>
        <LineStyle>
          <color>ff000000</color>
          <width>1</width>
        </LineStyle>
      </Style>
    </Placemark>
    <Placemark>
      <name>Minneapolis W-5 P-9</name>
      <description>&lt;![CDATA[
&lt;h3&gt;Minneapolis W-5 P-9&lt;/h3&gt;
&lt;b&gt;RCV Final Round Results:&lt;/b&gt;&lt;br/&gt;
&lt;b style="color:blue;"&gt;Jacob Frey:&lt;/b&gt; 153 (33.6%)&lt;br/&gt;
&lt;b style="color:red;"&gt;Omar Fateh:&lt;/b&gt; 270 (59.2%)&lt;br/&gt;
&lt;b&gt;Exhausted:&lt;/b&gt; 33 (7.2%)&lt;br/&gt;
&lt;b&gt;Total Ballots:&lt;/b&gt; 456&lt;br/&gt;
&lt;br/&gt;
&lt;b&gt;Winner: Fateh&lt;/b&gt;
]]&gt;</description>
      <Polygon>
        <outerBoundaryIs>
          <LinearRing>
            <coordinates>-93.2815261755846,44.9789236172211 -93.2816011574425,44.9769716154132 -93.281517156015,44.9768706152191 -93.2813441520041,44.9764716161177 -93.2816761496854,44.9760976153415 -93.2820781472224,44.9758086146132 -93.2824721460969,44.9756236140375 -93.2827131453959,44.9755516138571 -93.2834191458372,44.9754226133193 -93.2875521487091,44.9751436100686 -93.2880421492347,44.9750846101091 -93.2880661710549,44.9776496108057 -93.289887168435,44.9770486093875 -93.2972821788404,44.9770826039099 -93.2975731794465,44.9770596037432 -93.2994651757186,44.9763746020122 -93.3005651759058,44.9760986006456 -93.3011611749855,44.976038600062 -93.3021771779854,44.9761075999875 -93.3025641779226,44.9761885992016 -93.3040061838903,44.9766345979472 -93.3050831854316,44.9766215978661 -93.3052711859522,44.9766645973575 -93.3054421882519,44.9768745979388 -93.3055871904247,44.9772325972016 -93.305836193693,44.9774045972037 -93.3061121944708,44.9774985978381 -93.3072721965648,44.9775695967528 -93.3090812007759,44.9778995950415 -93.3096082012873,44.9778075947367 -93.3102802026037,44.9778285940051 -93.3110002036176,44.9779285930699 -93.3116252078459,44.9782215934329 -93.3123302103504,44.9784355935322 -93.3128342129082,44.9786685924285 -93.3131662158411,44.9789525926415 -93.3135032176967,44.9791565920887 -93.3137822222831,44.979611592383 -93.3143392318903,44.9807295920086 -93.3083122245205,44.9807175969162 -93.3044972206167,44.9807866003888 -93.3018732186015,44.980897601667 -93.3007512162223,44.9808976030069 -93.2983102130967,44.9807906049831 -93.2930152006784,44.9801836087739 -93.2876501870152,44.9794426129815 -93.2828801765367,44.9789286160485 -93.2815261755846,44.9789236172211</coordinates>
          </LinearRing>
        </outerBoundaryIs>
      </Polygon>
      <Style>
        <PolyStyle>
          <color>cc404080</color>
          <fill>1</fill>
          <outline>1</outline>
        </PolyStyle>
        <LineStyle>
          <color>ff000000</color>
          <width>1</width>
        </LineStyle>
      </Style>
    </Placemark>
    <Placemark>
      <name>Minneapolis W-6 P-1</name>
      <description>&lt;![CDATA[
&lt;h3&gt;Minneapolis W-6 P-1&lt;/h3&gt;
&lt;b&gt;RCV Final Round Results:&lt;/b&gt;&lt;br/&gt;
&lt;b style="color:blue;"&gt;Jacob Frey:&lt;/b&gt; 274 (48.4%)&lt;br/&gt;
&lt;b style="color:red;"&gt;Omar Fateh:&lt;/b&gt; 274 (48.4%)&lt;br/&gt;
&lt;b&gt;Exhausted:&lt;/b&gt; 18 (3.2%)&lt;br/&gt;
&lt;b&gt;Total Ballots:&lt;/b&gt; 566&lt;br/&gt;
&lt;br/&gt;
&lt;b&gt;Winner: Fateh&lt;/b&gt;
]]&gt;</description>
      <Polygon>
        <outerBoundaryIs>
          <LinearRing>
            <coordinates>-93.2637821232554,44.9759156285969 -93.2610531094023,44.9747706298836 -93.2618571013712,44.9738136284943 -93.2550440643041,44.9709486308666 -93.2533580538295,44.970182630757 -93.2530370521228,44.9699906309048 -93.2533790448722,44.9691896301691 -93.2536430361817,44.9683466291163 -93.2539000312326,44.9677046284728 -93.2541172254954,44.967866575302 -93.2543106304863,44.9679635389505 -93.2567900482351,44.9690056275994 -93.2580380555295,44.9696186277729 -93.2621230773215,44.9713246261929 -93.2629480696622,44.9703606251302 -93.2625720619434,44.9696226248376 -93.2625200556613,44.9689686242367 -93.2630650578016,44.9689606236573 -93.2631290582112,44.969148623953 -93.2678690844231,44.971112621573 -93.2637821232554,44.9759156285969</coordinates>
          </LinearRing>
        </outerBoundaryIs>
      </Polygon>
      <Style>
        <PolyStyle>
          <color>cc40405f</color>
          <fill>1</fill>
          <outline>1</outline>
        </PolyStyle>
        <LineStyle>
          <color>ff000000</color>
          <width>1</width>
        </LineStyle>
      </Style>
    </Placemark>
    <Placemark>
      <name>Minneapolis W-6 P-2</name>
      <description>&lt;![CDATA[
&lt;h3&gt;Minneapolis W-6 P-2&lt;/h3&gt;
&lt;b&gt;RCV Final Round Results:&lt;/b&gt;&lt;br/&gt;
&lt;b style="color:blue;"&gt;Jacob Frey:&lt;/b&gt; 432 (45.4%)&lt;br/&gt;
&lt;b style="color:red;"&gt;Omar Fateh:&lt;/b&gt; 467 (49.1%)&lt;br/&gt;
&lt;b&gt;Exhausted:&lt;/b&gt; 52 (5.5%)&lt;br/&gt;
&lt;b&gt;Total Ballots:&lt;/b&gt; 951&lt;br/&gt;
&lt;br/&gt;
&lt;b&gt;Winner: Fateh&lt;/b&gt;
]]&gt;</description>
      <Polygon>
        <outerBoundaryIs>
          <LinearRing>
            <coordinates>-93.2541172254954,44.967866575302 -93.2537480296832,44.9675776287957 -93.2539760264077,44.9671886284212 -93.254275023883,44.9668506277583 -93.2547430209264,44.9664636277837 -93.2552130190669,44.9661976270447 -93.2558100167335,44.965938626082 -93.2566810161992,44.9657426251557 -93.2572040159375,44.9656986247444 -93.2581590180881,44.9656846244563 -93.2673360320965,44.9656976185136 -93.2677550325884,44.965648617313 -93.2682130316365,44.965496617617 -93.2699220390231,44.9659046164152 -93.2699300407312,44.9661246160116 -93.2697490392671,44.9660896164799 -93.2697690488966,44.9669776171416 -93.2697140585728,44.9680606176473 -93.2692290767299,44.970042620183 -93.2690520780829,44.9703416205978 -93.2687890802271,44.9705746208513 -93.2684600824674,44.9707906206291 -93.2678690844231,44.971112621573 -93.2631290582112,44.969148623953 -93.2630650578016,44.9689606236573 -93.2625200556613,44.9689686242367 -93.2625720619434,44.9696226248376 -93.2629480696622,44.9703606251302 -93.2621230773215,44.9713246261929 -93.2580380555295,44.9696186277729 -93.2567900482351,44.9690056275994 -93.2543106304863,44.9679635389505 -93.2541172254954,44.967866575302</coordinates>
          </LinearRing>
        </outerBoundaryIs>
      </Polygon>
      <Style>
        <PolyStyle>
          <color>cc404061</color>
          <fill>1</fill>
          <outline>1</outline>
        </PolyStyle>
        <LineStyle>
          <color>ff000000</color>
          <width>1</width>
        </LineStyle>
      </Style>
    </Placemark>
    <Placemark>
      <name>Minneapolis W-6 P-3</name>
      <description>&lt;![CDATA[
&lt;h3&gt;Minneapolis W-6 P-3&lt;/h3&gt;
&lt;b&gt;RCV Final Round Results:&lt;/b&gt;&lt;br/&gt;
&lt;b style="color:blue;"&gt;Jacob Frey:&lt;/b&gt; 204 (11.9%)&lt;br/&gt;
&lt;b style="color:red;"&gt;Omar Fateh:&lt;/b&gt; 1,458 (85.0%)&lt;br/&gt;
&lt;b&gt;Exhausted:&lt;/b&gt; 54 (3.1%)&lt;br/&gt;
&lt;b&gt;Total Ballots:&lt;/b&gt; 1,716&lt;br/&gt;
&lt;br/&gt;
&lt;b&gt;Winner: Fateh&lt;/b&gt;
]]&gt;</description>
      <Polygon>
        <outerBoundaryIs>
          <LinearRing>
            <coordinates>-93.2441400187787,44.9647146421451 -93.245030017789,44.9649676397841 -93.2454480174905,44.9651176388821 -93.2472510176338,44.9658536370323 -93.2472540153444,44.9656616360731 -93.2483410158024,44.9660546342839 -93.2489020134839,44.9661636320394 -93.2493550120515,44.9662096313712 -93.2503340109562,44.9662316293869 -93.2507850108824,44.9662046301392 -93.2549050123263,44.9656046266854 -93.2560410133251,44.9655066248538 -93.2566810161992,44.9657426251557 -93.2558100167335,44.965938626082 -93.2552130190669,44.9661976270447 -93.2546020212842,44.9665666271036 -93.2540660247402,44.9670716282748 -93.2537480296832,44.9675776287957 -93.2539000312326,44.9677046284728 -93.2536430361817,44.9683466291163 -93.2533790448722,44.9691896301691 -93.2529270539076,44.9702176319258 -93.2525370596055,44.9708096330059 -93.2514590696644,44.9720956347661 -93.250564078973,44.9730956359011 -93.2499810833897,44.9736886374664 -93.2487140969792,44.9747166410269 -93.2471051140702,44.9758146454232 -93.2465511211117,44.9763496476378 -93.2461871273399,44.9768616486016 -93.2456291296782,44.976872650042 -93.2456501233866,44.976225649185 -93.2457841153232,44.975547648706 -93.2456941172683,44.9755486482455 -93.2458111122604,44.9751086479005 -93.2458801029738,44.9742096464407 -93.2457680832348,44.9720936458478 -93.2456900795263,44.9717306451432 -93.24565207423,44.971150644677 -93.2456560582934,44.9695686437073 -93.2440640589715,44.9688856459024 -93.2440650219567,44.9651086433794 -93.2441400187787,44.9647146421451</coordinates>
          </LinearRing>
        </outerBoundaryIs>
      </Polygon>
      <Style>
        <PolyStyle>
          <color>cc4040d0</color>
          <fill>1</fill>
          <outline>1</outline>
        </PolyStyle>
        <LineStyle>
          <color>ff000000</color>
          <width>1</width>
        </LineStyle>
      </Style>
    </Placemark>
    <Placemark>
      <name>Minneapolis W-6 P-4</name>
      <description>&lt;![CDATA[
&lt;h3&gt;Minneapolis W-6 P-4&lt;/h3&gt;
&lt;b&gt;RCV Final Round Results:&lt;/b&gt;&lt;br/&gt;
&lt;b style="color:blue;"&gt;Jacob Frey:&lt;/b&gt; 182 (26.6%)&lt;br/&gt;
&lt;b style="color:red;"&gt;Omar Fateh:&lt;/b&gt; 466 (68.1%)&lt;br/&gt;
&lt;b&gt;Exhausted:&lt;/b&gt; 36 (5.3%)&lt;br/&gt;
&lt;b&gt;Total Ballots:&lt;/b&gt; 684&lt;br/&gt;
&lt;br/&gt;
&lt;b&gt;Winner: Fateh&lt;/b&gt;
]]&gt;</description>
      <Polygon>
        <outerBoundaryIs>
          <LinearRing>
            <coordinates>-93.2699300407312,44.9661246160116 -93.2699220390231,44.9659046164152 -93.2684720330849,44.9655416174474 -93.2689440299653,44.9652036160861 -93.2691680280767,44.9649466160936 -93.2692650267195,44.9647546161548 -93.2693470243503,44.964492616025 -93.2694340084413,44.9626856144822 -93.2778100210566,44.9626896083935 -93.2778100550697,44.9663876108118 -93.2771550563082,44.9665466123913 -93.2757770552079,44.9667686129269 -93.2747950551876,44.9668306134798 -93.2741530545109,44.9668166140688 -93.2726960512916,44.9666956149431 -93.2720190486947,44.9665776160494 -93.2699300407312,44.9661246160116</coordinates>
          </LinearRing>
        </outerBoundaryIs>
      </Polygon>
      <Style>
        <PolyStyle>
          <color>cc40409c</color>
          <fill>1</fill>
          <outline>1</outline>
        </PolyStyle>
        <LineStyle>
          <color>ff000000</color>
          <width>1</width>
        </LineStyle>
      </Style>
    </Placemark>
    <Placemark>
      <name>Minneapolis W-6 P-5</name>
      <description>&lt;![CDATA[
&lt;h3&gt;Minneapolis W-6 P-5&lt;/h3&gt;
&lt;b&gt;RCV Final Round Results:&lt;/b&gt;&lt;br/&gt;
&lt;b style="color:blue;"&gt;Jacob Frey:&lt;/b&gt; 154 (23.1%)&lt;br/&gt;
&lt;b style="color:red;"&gt;Omar Fateh:&lt;/b&gt; 485 (72.6%)&lt;br/&gt;
&lt;b&gt;Exhausted:&lt;/b&gt; 29 (4.3%)&lt;br/&gt;
&lt;b&gt;Total Ballots:&lt;/b&gt; 668&lt;br/&gt;
&lt;br/&gt;
&lt;b&gt;Winner: Fateh&lt;/b&gt;
]]&gt;</description>
      <Polygon>
        <outerBoundaryIs>
          <LinearRing>
            <coordinates>-93.2625300240581,44.9656826211012 -93.2625739291668,44.9555216128191 -93.2702029432516,44.9555216080764 -93.2698119473653,44.9561366090145 -93.2695719520299,44.9566136096897 -93.2694659540941,44.9569406092373 -93.2693599604633,44.957580610091 -93.2693409654364,44.9581026107834 -93.2693949682526,44.958518610785 -93.269570976386,44.959299611287 -93.2696789800044,44.9595666120913 -93.2697629835297,44.9600786120719 -93.2697629860637,44.9603246123725 -93.2696900088236,44.9626856140905 -93.2694340084413,44.9626856144822 -93.2693470243503,44.964492616025 -93.2691680280767,44.9649466160936 -93.2688330309399,44.9653006164953 -93.2684720330849,44.9655416174474 -93.2682130316365,44.965496617617 -93.2677550325884,44.965648617313 -93.2675050323603,44.9656876175399 -93.2625300240581,44.9656826211012</coordinates>
          </LinearRing>
        </outerBoundaryIs>
      </Polygon>
      <Style>
        <PolyStyle>
          <color>cc4040aa</color>
          <fill>1</fill>
          <outline>1</outline>
        </PolyStyle>
        <LineStyle>
          <color>ff000000</color>
          <width>1</width>
        </LineStyle>
      </Style>
    </Placemark>
    <Placemark>
      <name>Minneapolis W-6 P-6</name>
      <description>&lt;![CDATA[
&lt;h3&gt;Minneapolis W-6 P-6&lt;/h3&gt;
&lt;b&gt;RCV Final Round Results:&lt;/b&gt;&lt;br/&gt;
&lt;b style="color:blue;"&gt;Jacob Frey:&lt;/b&gt; 175 (31.1%)&lt;br/&gt;
&lt;b style="color:red;"&gt;Omar Fateh:&lt;/b&gt; 362 (64.4%)&lt;br/&gt;
&lt;b&gt;Exhausted:&lt;/b&gt; 25 (4.4%)&lt;br/&gt;
&lt;b&gt;Total Ballots:&lt;/b&gt; 562&lt;br/&gt;
&lt;br/&gt;
&lt;b&gt;Winner: Fateh&lt;/b&gt;
]]&gt;</description>
      <Polygon>
        <outerBoundaryIs>
          <LinearRing>
            <coordinates>-93.2625739291668,44.9555216128191 -93.2626648606709,44.9483506071632 -93.2746198842436,44.9483466004448 -93.2745908923866,44.949290601749 -93.2745438964579,44.9496636016209 -93.2744418996541,44.94999460154 -93.2739759069631,44.950941602721 -93.2734799131049,44.951613603757 -93.2731809150933,44.9519326036529 -93.2702029432516,44.9555216080764 -93.2625739291668,44.9555216128191</coordinates>
          </LinearRing>
        </outerBoundaryIs>
      </Polygon>
      <Style>
        <PolyStyle>
          <color>cc404090</color>
          <fill>1</fill>
          <outline>1</outline>
        </PolyStyle>
        <LineStyle>
          <color>ff000000</color>
          <width>1</width>
        </LineStyle>
      </Style>
    </Placemark>
    <Placemark>
      <name>Minneapolis W-6 P-7</name>
      <description>&lt;![CDATA[
&lt;h3&gt;Minneapolis W-6 P-7&lt;/h3&gt;
&lt;b&gt;RCV Final Round Results:&lt;/b&gt;&lt;br/&gt;
&lt;b style="color:blue;"&gt;Jacob Frey:&lt;/b&gt; 186 (20.7%)&lt;br/&gt;
&lt;b style="color:red;"&gt;Omar Fateh:&lt;/b&gt; 696 (77.3%)&lt;br/&gt;
&lt;b&gt;Exhausted:&lt;/b&gt; 18 (2.0%)&lt;br/&gt;
&lt;b&gt;Total Ballots:&lt;/b&gt; 900&lt;br/&gt;
&lt;br/&gt;
&lt;b&gt;Winner: Fateh&lt;/b&gt;
]]&gt;</description>
      <Polygon>
        <outerBoundaryIs>
          <LinearRing>
            <coordinates>-93.2466629640799,44.9600916319146 -93.2468419624954,44.9599236319989 -93.2479369666281,44.9609086299743 -93.2498329590438,44.9609236254572 -93.2498249411791,44.9591286243999 -93.2625509624436,44.9591116159658 -93.2625300240581,44.9656826211012 -93.2581590180881,44.9656846244563 -93.2572040159375,44.9656986247444 -93.2566810161992,44.9657426251557 -93.2560410133251,44.9655066248538 -93.2549050123263,44.9656046266854 -93.2520190113868,44.966026628754 -93.2512140021453,44.9651326282946 -93.2505239908855,44.9641306275616 -93.2499679828765,44.9634186273427 -93.2477789696886,44.9611276308949 -93.2466629640799,44.9600916319146</coordinates>
          </LinearRing>
        </outerBoundaryIs>
      </Polygon>
      <Style>
        <PolyStyle>
          <color>cc4040b8</color>
          <fill>1</fill>
          <outline>1</outline>
        </PolyStyle>
        <LineStyle>
          <color>ff000000</color>
          <width>1</width>
        </LineStyle>
      </Style>
    </Placemark>
    <Placemark>
      <name>Minneapolis W-6 P-8</name>
      <description>&lt;![CDATA[
&lt;h3&gt;Minneapolis W-6 P-8&lt;/h3&gt;
&lt;b&gt;RCV Final Round Results:&lt;/b&gt;&lt;br/&gt;
&lt;b style="color:blue;"&gt;Jacob Frey:&lt;/b&gt; 157 (31.0%)&lt;br/&gt;
&lt;b style="color:red;"&gt;Omar Fateh:&lt;/b&gt; 330 (65.1%)&lt;br/&gt;
&lt;b&gt;Exhausted:&lt;/b&gt; 20 (3.9%)&lt;br/&gt;
&lt;b&gt;Total Ballots:&lt;/b&gt; 507&lt;br/&gt;
&lt;br/&gt;
&lt;b&gt;Winner: Fateh&lt;/b&gt;
]]&gt;</description>
      <Polygon>
        <outerBoundaryIs>
          <LinearRing>
            <coordinates>-93.2472540153444,44.9656616360731 -93.2472540090935,44.9649866352499 -93.2456510048963,44.9640296388113 -93.2451240031379,44.9635316397597 -93.245078003161,44.9634546392112 -93.2451100014949,44.9633226390312 -93.2451099943626,44.9626786381113 -93.2444009980409,44.9627396399643 -93.2361610304625,44.9627446589139 -93.2362069973674,44.9591456558173 -93.2456819584738,44.9591386339068 -93.2477789696886,44.9611276308949 -93.2491339780259,44.9625686289245 -93.2496539816651,44.9630746285509 -93.2502549872652,44.9637736277293 -93.2512140021453,44.9651326282946 -93.2520190113868,44.966026628754 -93.2507850108824,44.9662046301392 -93.2503340109562,44.9662316293869 -93.2493550120515,44.9662096313712 -93.2489020134839,44.9661636320394 -93.2483410158024,44.9660546342839 -93.2472540153444,44.9656616360731</coordinates>
          </LinearRing>
        </outerBoundaryIs>
      </Polygon>
      <Style>
        <PolyStyle>
          <color>cc404092</color>
          <fill>1</fill>
          <outline>1</outline>
        </PolyStyle>
        <LineStyle>
          <color>ff000000</color>
          <width>1</width>
        </LineStyle>
      </Style>
    </Placemark>
    <Placemark>
      <name>Minneapolis W-6 P-9</name>
      <description>&lt;![CDATA[
&lt;h3&gt;Minneapolis W-6 P-9&lt;/h3&gt;
&lt;b&gt;RCV Final Round Results:&lt;/b&gt;&lt;br/&gt;
&lt;b style="color:blue;"&gt;Jacob Frey:&lt;/b&gt; 332 (26.7%)&lt;br/&gt;
&lt;b style="color:red;"&gt;Omar Fateh:&lt;/b&gt; 858 (69.0%)&lt;br/&gt;
&lt;b&gt;Exhausted:&lt;/b&gt; 53 (4.3%)&lt;br/&gt;
&lt;b&gt;Total Ballots:&lt;/b&gt; 1,243&lt;br/&gt;
&lt;br/&gt;
&lt;b&gt;Winner: Fateh&lt;/b&gt;
]]&gt;</description>
      <Polygon>
        <outerBoundaryIs>
          <LinearRing>
            <coordinates>-93.2441400187787,44.9647146421451 -93.2442030159912,44.9645536425989 -93.2431990188379,44.9643506446042 -93.2421710213218,44.9642446464982 -93.2363040442415,44.9642106606603 -93.2331670564388,44.9642206671677 -93.2325750558309,44.9639676693278 -93.2281880732068,44.9639566792164 -93.2281730629572,44.962765677922 -93.2282030629769,44.9627656782218 -93.228257030091,44.9591716747633 -93.2362069973674,44.9591456558173 -93.2361610304625,44.9627446589139 -93.2444009980409,44.9627396399643 -93.2451099943626,44.9626786381113 -93.2451100014949,44.9633226390312 -93.245078003161,44.9634546392112 -93.2451240031379,44.9635316397597 -93.2456510048963,44.9640296388113 -93.2472540090935,44.9649866352499 -93.2472510176338,44.9658536370323 -93.2454480174905,44.9651176388821 -93.245030017789,44.9649676397841 -93.2441400187787,44.9647146421451</coordinates>
          </LinearRing>
        </outerBoundaryIs>
      </Polygon>
      <Style>
        <PolyStyle>
          <color>cc40409e</color>
          <fill>1</fill>
          <outline>1</outline>
        </PolyStyle>
        <LineStyle>
          <color>ff000000</color>
          <width>1</width>
        </LineStyle>
      </Style>
    </Placemark>
    <Placemark>
      <name>Minneapolis W-7 P-1</name>
      <description>&lt;![CDATA[
&lt;h3&gt;Minneapolis W-7 P-1&lt;/h3&gt;
&lt;b&gt;RCV Final Round Results:&lt;/b&gt;&lt;br/&gt;
&lt;b style="color:blue;"&gt;Jacob Frey:&lt;/b&gt; 556 (59.1%)&lt;br/&gt;
&lt;b style="color:red;"&gt;Omar Fateh:&lt;/b&gt; 335 (35.6%)&lt;br/&gt;
&lt;b&gt;Exhausted:&lt;/b&gt; 49 (5.2%)&lt;br/&gt;
&lt;b&gt;Total Ballots:&lt;/b&gt; 940&lt;br/&gt;
&lt;br/&gt;
&lt;b&gt;Winner: Frey&lt;/b&gt;
]]&gt;</description>
      <Polygon>
        <outerBoundaryIs>
          <LinearRing>
            <coordinates>-93.3143392318903,44.9807295920086 -93.3137822222831,44.979611592383 -93.3135032176967,44.9791565920887 -93.3131662158411,44.9789525926415 -93.3128342129082,44.9786685924285 -93.3123302103504,44.9784355935322 -93.3116252078459,44.9782215934329 -93.3110002036176,44.9779285930699 -93.3102802026037,44.9778285940051 -93.3096082012873,44.9778075947367 -93.3090812007759,44.9778995950415 -93.3072721965648,44.9775695967528 -93.3061121944708,44.9774985978381 -93.305836193693,44.9774045972037 -93.3055871904247,44.9772325972016 -93.3054421882519,44.9768745979388 -93.3052711859522,44.9766645973575 -93.3050831854316,44.9766215978661 -93.3040061838903,44.9766345979472 -93.3025641779226,44.9761885992016 -93.3021771779854,44.9761075999875 -93.3011611749855,44.976038600062 -93.3005651759058,44.9760986006456 -93.2994651757186,44.9763746020122 -93.2975731794465,44.9770596037432 -93.2972821788404,44.9770826039099 -93.289887168435,44.9770486093875 -93.2958841596771,44.975133603675 -93.2974101605261,44.9748586027698 -93.2981801608467,44.9747556021043 -93.2991951614798,44.9747246012826 -93.2997061615676,44.9747476005425 -93.3002101630121,44.9747976002326 -93.301201166132,44.9749696004555 -93.3021401701466,44.975239599133 -93.3043471799941,44.9760145978627 -93.3048031770236,44.9756215976118 -93.3083501659909,44.9737215940446 -93.3108981607024,44.9726845908473 -93.3143431467485,44.9704215877793 -93.3147211468231,44.9704485876021 -93.3147931457695,44.9701775879874 -93.3212131556034,44.9702715831831 -93.3251811602362,44.9702155803548 -93.3274421636216,44.9701415783409 -93.3286900700677,44.9701296469059 -93.3286549901642,44.9771435689757 -93.3281569896598,44.9771475687888 -93.3277639892334,44.9771895693154 -93.3184079739265,44.9771595776495 -93.3183729752175,44.9772995775289 -93.3185249795411,44.9778315775941 -93.3185050741477,44.9807406863011 -93.3143392318903,44.9807295920086</coordinates>
          </LinearRing>
        </outerBoundaryIs>
      </Polygon>
      <Style>
        <PolyStyle>
          <color>cc804040</color>
          <fill>1</fill>
          <outline>1</outline>
        </PolyStyle>
        <LineStyle>
          <color>ff000000</color>
          <width>1</width>
        </LineStyle>
      </Style>
    </Placemark>
    <Placemark>
      <name>Minneapolis W-7 P-2</name>
      <description>&lt;![CDATA[
&lt;h3&gt;Minneapolis W-7 P-2&lt;/h3&gt;
&lt;b&gt;RCV Final Round Results:&lt;/b&gt;&lt;br/&gt;
&lt;b style="color:blue;"&gt;Jacob Frey:&lt;/b&gt; 1,027 (86.4%)&lt;br/&gt;
&lt;b style="color:red;"&gt;Omar Fateh:&lt;/b&gt; 130 (10.9%)&lt;br/&gt;
&lt;b&gt;Exhausted:&lt;/b&gt; 32 (2.7%)&lt;br/&gt;
&lt;b&gt;Total Ballots:&lt;/b&gt; 1,189&lt;br/&gt;
&lt;br/&gt;
&lt;b&gt;Winner: Frey&lt;/b&gt;
]]&gt;</description>
      <Polygon>
        <outerBoundaryIs>
          <LinearRing>
            <coordinates>-93.3052031251894,44.9695305943278 -93.303931123155,44.9694275949138 -93.3042101216453,44.9692735949418 -93.3046981209948,44.9690975939856 -93.3047011128394,44.9681865935071 -93.3045531122636,44.9680785937126 -93.3043321130187,44.9682335940214 -93.3039051163775,44.9686605944874 -93.3035971165981,44.9687995952317 -93.3031911167229,44.9688735955613 -93.3028881171886,44.9689955961721 -93.3022441171453,44.9690405960536 -93.3017101157428,44.9690075965695 -93.3012981149567,44.9690955969065 -93.3007721158355,44.9691435969559 -93.2999211126393,44.9690625979183 -93.2996991129114,44.9689605978918 -93.2992641094358,44.968674598205 -93.2990811070174,44.9685105980108 -93.2989201051128,44.968331598428 -93.298691101763,44.967942598221 -93.2994391022758,44.9679465973111 -93.2994390585263,44.9627435952159 -93.2996760427159,44.9609275936649 -93.3011380447681,44.9609345925853 -93.301430044908,44.960873592414 -93.3013240426949,44.9605875925751 -93.301316041962,44.9604385928598 -93.3014000391767,44.9601525920021 -93.3024070320589,44.9591035912372 -93.3028110280544,44.9586235908115 -93.3035360211947,44.9576275893976 -93.3036660178965,44.9572235895512 -93.3036890165288,44.9570135891283 -93.3036580130547,44.9566855891649 -93.3035210117473,44.9564605892401 -93.3032770085191,44.9562805890536 -93.3029790078227,44.9561585893067 -93.3021550039223,44.9559335893696 -93.3018270025184,44.9558005899321 -93.3016820011634,44.9557085900975 -93.3014529991379,44.9554795898541 -93.3013769976894,44.9553465896467 -93.3013009946152,44.9550605895334 -93.3013239939978,44.9548315898712 -93.3016209887458,44.9542595888858 -93.3019869861985,44.9538475889835 -93.3020869840043,44.9536865891417 -93.302291980356,44.9531335880531 -93.302459978592,44.9528665883167 -93.3027119760886,44.9526185876387 -93.3039019714632,44.95172958658 -93.3045889690516,44.9513525864438 -93.3051149685349,44.9511315852299 -93.305381968639,44.951064586028 -93.3057569688117,44.9510355852912 -93.3076099745839,44.9512725839676 -93.3091209794125,44.9515395833768 -93.3112069878395,44.9519865828 -93.3114799884687,44.9520795825925 -93.3115919901148,44.9521515820243 -93.3117509910974,44.9522745826317 -93.3118289925637,44.9524685825386 -93.3118489971015,44.952955582379 -93.3117899992959,44.9532535829751 -93.3118230030645,44.9537535830587 -93.3121210118007,44.9546455830993 -93.3124480124885,44.9546395827974 -93.313953015743,44.9547595821825 -93.3161600241154,44.9552835815525 -93.3167760277624,44.9556955809842 -93.3165590297506,44.9558615810914 -93.3160790317555,44.9563385820128 -93.315880034738,44.9565935823683 -93.315575038127,44.9571395823643 -93.315385042235,44.9577075825508 -93.3152060542281,44.9591715828531 -93.3173720579076,44.959196581952 -93.3173780579065,44.9590055816226 -93.3175740569799,44.958952582004 -93.3179000547008,44.9585875809467 -93.3186620530386,44.9581805811733 -93.3188900513047,44.9579855806854 -93.3197190460907,44.9571725801848 -93.3198520445859,44.9569485791223 -93.3200920351298,44.9557315787896 -93.3204360321662,44.955303578746 -93.3204560312068,44.9551005787813 -93.3203920285017,44.9549205788141 -93.3201800275451,44.9547045790146 -93.3199220245748,44.9545155786961 -93.3198820226996,44.9542595783716 -93.320128020393,44.9539625780644 -93.3203250201326,44.953835578908 -93.3208540195416,44.9536445780006 -93.3214480197774,44.9535455775907 -93.3217870207183,44.9535355774886 -93.3226580228891,44.9536085769643 -93.3232290243252,44.9537065763342 -93.3239650272937,44.9539285764114 -93.3241820294472,44.9540415756885 -93.3249400342709,44.9545875764023 -93.3254990368609,44.9548465750533 -93.3261800406096,44.9550475754745 -93.3263700414142,44.9551825747758 -93.3266160441145,44.9554705754261 -93.3266960465639,44.9556985751794 -93.3266540487268,44.9559205757511 -93.3264900504633,44.9561365752081 -93.3263050511592,44.9562715759333 -93.3258800512952,44.9564225758002 -93.3256160502403,44.9564365763281 -93.3253660502264,44.9563155765663 -93.3252160489187,44.9563295762294 -93.3251110502039,44.9564105763782 -93.3250110505129,44.9565595759084 -93.324968051809,44.9567535770601 -93.3251500569099,44.9574185766751 -93.3251300593107,44.9576165767574 -93.3250370591442,44.957720576966 -93.3248070611325,44.9578465770973 -93.3239660618626,44.9581285774636 -93.3235790620268,44.9583685779711 -93.3235170628103,44.9584685777022 -93.3235610648706,44.9585535776973 -93.3237220641959,44.9585655774018 -93.3243330643423,44.9584245771461 -93.3250370649482,44.958333576959 -93.325275065135,44.9583445765737 -93.3257430671836,44.9585335760688 -93.3262260702255,44.9587795764281 -93.3264990729083,44.95898957602 -93.3266940760585,44.9594305760031 -93.3266640781825,44.9596245756022 -93.3264580798178,44.9599755764141 -93.3261780813271,44.9601885761484 -93.3256840830278,44.960378577182 -93.3251010818583,44.9603985775281 -93.3248030813667,44.9603585772986 -93.3243980805625,44.9603585773395 -93.3237370778858,44.9602355786919 -93.3234870762501,44.9601365784827 -93.3231400751618,44.9600535787728 -93.3226280762498,44.9602575796322 -93.32251307625,44.9603515792756 -93.3224990774934,44.9604745797499 -93.3228250795527,44.9607065787557 -93.3229080796836,44.9607515790667 -93.3232220816917,44.9608275793201 -93.3236780845576,44.9610455787662 -93.3239640852952,44.9611165783269 -93.3242970870042,44.9613195776265 -93.324466089976,44.9615575782544 -93.3244890919935,44.961741578409 -93.3244300939612,44.9620975785747 -93.3238880996621,44.9628945791268 -93.3236641023032,44.9633055799171 -93.3236081068606,44.9637915795698 -93.3237511196519,44.9653985797528 -93.3236921220949,44.9656635800429 -93.324036123876,44.9658975794853 -93.3185281186344,44.9662985832679 -93.3165141175348,44.9665275855735 -93.3154911176498,44.9667635854441 -93.3117301199338,44.9677655889724 -93.3065341247649,44.9692035937074 -93.3052031251894,44.9695305943278</coordinates>
          </LinearRing>
        </outerBoundaryIs>
      </Polygon>
      <Style>
        <PolyStyle>
          <color>ccd44040</color>
          <fill>1</fill>
          <outline>1</outline>
        </PolyStyle>
        <LineStyle>
          <color>ff000000</color>
          <width>1</width>
        </LineStyle>
      </Style>
    </Placemark>
    <Placemark>
      <name>Minneapolis W-7 P-3</name>
      <description>&lt;![CDATA[
&lt;h3&gt;Minneapolis W-7 P-3&lt;/h3&gt;
&lt;b&gt;RCV Final Round Results:&lt;/b&gt;&lt;br/&gt;
&lt;b style="color:blue;"&gt;Jacob Frey:&lt;/b&gt; 959 (58.6%)&lt;br/&gt;
&lt;b style="color:red;"&gt;Omar Fateh:&lt;/b&gt; 616 (37.6%)&lt;br/&gt;
&lt;b&gt;Exhausted:&lt;/b&gt; 62 (3.8%)&lt;br/&gt;
&lt;b&gt;Total Ballots:&lt;/b&gt; 1,637&lt;br/&gt;
&lt;br/&gt;
&lt;b&gt;Winner: Frey&lt;/b&gt;
]]&gt;</description>
      <Polygon>
        <outerBoundaryIs>
          <LinearRing>
            <coordinates>-93.2880641689362,44.9773526111774 -93.2880391210657,44.971975608081 -93.2881030875034,44.9680806053494 -93.2881720833436,44.9677116055084 -93.2882470822771,44.9675796046183 -93.2886170712854,44.9662796040959 -93.2887350694042,44.9660366040651 -93.2892640654852,44.965416602513 -93.2900550571171,44.9643956020662 -93.2915490443768,44.9626965994542 -93.2917520419616,44.9623755991607 -93.2918100397269,44.9621635989335 -93.2927180306154,44.9609115979882 -93.2996760427159,44.9609275936649 -93.2994390585263,44.9627435952159 -93.2994391022758,44.9679465973111 -93.298691101763,44.967942598221 -93.2987911041688,44.9681405980439 -93.2990811070174,44.9685105980108 -93.2992641094358,44.968674598205 -93.2996991129114,44.9689605978918 -93.2999211126393,44.9690625979183 -93.3007721158355,44.9691435969559 -93.3012981149567,44.9690955969065 -93.3017101157428,44.9690075965695 -93.3022441171453,44.9690405960536 -93.3028881171886,44.9689955961721 -93.3031911167229,44.9688735955613 -93.3035971165981,44.9687995952317 -93.3039051163775,44.9686605944874 -93.3043321130187,44.9682335940214 -93.3045531122636,44.9680785937126 -93.3047011128394,44.9681865935071 -93.3046981209948,44.9690975939856 -93.3042101216453,44.9692735949418 -93.303931123155,44.9694275949138 -93.3045891244309,44.9694745952246 -93.3024831251581,44.969983596643 -93.3019031242553,44.9700095964831 -93.3015221241716,44.9700785970759 -93.300980124841,44.9702545980789 -93.299943126781,44.9706695988713 -93.2989741304641,44.9711656001185 -93.2981731325447,44.9716466000844 -93.2943961484402,44.9740496050425 -93.2902231617255,44.9761936091748 -93.2880641689362,44.9773526111774</coordinates>
          </LinearRing>
        </outerBoundaryIs>
      </Polygon>
      <Style>
        <PolyStyle>
          <color>cc7e4040</color>
          <fill>1</fill>
          <outline>1</outline>
        </PolyStyle>
        <LineStyle>
          <color>ff000000</color>
          <width>1</width>
        </LineStyle>
      </Style>
    </Placemark>
    <Placemark>
      <name>Minneapolis W-7 P-4</name>
      <description>&lt;![CDATA[
&lt;h3&gt;Minneapolis W-7 P-4&lt;/h3&gt;
&lt;b&gt;RCV Final Round Results:&lt;/b&gt;&lt;br/&gt;
&lt;b style="color:blue;"&gt;Jacob Frey:&lt;/b&gt; 1,262 (73.7%)&lt;br/&gt;
&lt;b style="color:red;"&gt;Omar Fateh:&lt;/b&gt; 388 (22.7%)&lt;br/&gt;
&lt;b&gt;Exhausted:&lt;/b&gt; 62 (3.6%)&lt;br/&gt;
&lt;b&gt;Total Ballots:&lt;/b&gt; 1,712&lt;br/&gt;
&lt;br/&gt;
&lt;b&gt;Winner: Frey&lt;/b&gt;
]]&gt;</description>
      <Polygon>
        <outerBoundaryIs>
          <LinearRing>
            <coordinates>-93.3241261243302,44.9659535801284 -93.3236921220949,44.9656635800429 -93.3237511196519,44.9653985797528 -93.3236081068606,44.9637915795698 -93.3236641023032,44.9633055799171 -93.3238880996621,44.9628945791268 -93.3244300939612,44.9620975785747 -93.3244890919935,44.961741578409 -93.324466089976,44.9615575782544 -93.3242970870042,44.9613195776265 -93.3239640852952,44.9611165783269 -93.3236780845576,44.9610455787662 -93.3232220816917,44.9608275793201 -93.3229080796836,44.9607515790667 -93.3228250795527,44.9607065787557 -93.3224990774934,44.9604745797499 -93.32251307625,44.9603515792756 -93.3226280762498,44.9602575796322 -93.3231400751618,44.9600535787728 -93.3234870762501,44.9601365784827 -93.3237370778858,44.9602355786919 -93.3243980805625,44.9603585773395 -93.3248030813667,44.9603585772986 -93.3251010818583,44.9603985775281 -93.3256840830278,44.960378577182 -93.3261780813271,44.9601885761484 -93.3264580798178,44.9599755764141 -93.3266640781825,44.9596245756022 -93.3266940760585,44.9594305760031 -93.3264990729083,44.95898957602 -93.3262260702255,44.9587795764281 -93.3257430671836,44.9585335760688 -93.325275065135,44.9583445765737 -93.3250370649482,44.958333576959 -93.3243330643423,44.9584245771461 -93.3237220641959,44.9585655774018 -93.3235610648706,44.9585535776973 -93.3235170628103,44.9584685777022 -93.3235790620268,44.9583685779711 -93.3239660618626,44.9581285774636 -93.3248070611325,44.9578465770973 -93.3250370591442,44.957720576966 -93.3251300593107,44.9576165767574 -93.3251500569099,44.9574185766751 -93.324968051809,44.9567535770601 -93.3250110505129,44.9565595759084 -93.3251110502039,44.9564105763782 -93.3252160489187,44.9563295762294 -93.3253660502264,44.9563155765663 -93.3256160502403,44.9564365763281 -93.3258800512952,44.9564225758002 -93.3263050511592,44.9562715759333 -93.3264900504633,44.9561365752081 -93.3266540487268,44.9559205757511 -93.3266960465639,44.9556985751794 -93.3266160441145,44.9554705754261 -93.3263700414142,44.9551825747758 -93.3261800406096,44.9550475754745 -93.3254990368609,44.9548465750533 -93.3249400342709,44.9545875764023 -93.3241820294472,44.9540415756885 -93.3239650272937,44.9539285764114 -93.3232290243252,44.9537065763342 -93.3226580228891,44.9536085769643 -93.3217870207183,44.9535355774886 -93.3214480197774,44.9535455775907 -93.3208540195416,44.9536445780006 -93.3203250201326,44.953835578908 -93.320128020393,44.9539625780644 -93.3198820226996,44.9542595783716 -93.3199220245748,44.9545155786961 -93.3201800275451,44.9547045790146 -93.3203920285017,44.9549205788141 -93.3204560312068,44.9551005787813 -93.3204360321662,44.955303578746 -93.3200920351298,44.9557315787896 -93.3198520445859,44.9569485791223 -93.3197190460907,44.9571725801848 -93.3188900513047,44.9579855806854 -93.3186620530386,44.9581805811733 -93.3179000547008,44.9585875809467 -93.3175740569799,44.958952582004 -93.3173780579065,44.9590055816226 -93.3173720579076,44.959196581952 -93.3152060542281,44.9591715828531 -93.315385042235,44.9577075825508 -93.315575038127,44.9571395823643 -93.315880034738,44.9565935823683 -93.3160790317555,44.9563385820128 -93.3165590297506,44.9558615810914 -93.3167760277624,44.9556955809842 -93.3161600241154,44.9552835815525 -93.313953015743,44.9547595821825 -93.3124480124885,44.9546395827974 -93.3121210118007,44.9546455830993 -93.3118230030645,44.9537535830587 -93.3117899992959,44.9532535829751 -93.311854995471,44.9528065827886 -93.3118029923872,44.9523785821599 -93.3117509910974,44.9522745826317 -93.3114799884687,44.9520795825925 -93.3113519881586,44.9520255829824 -93.3091209794125,44.9515395833768 -93.3067859720464,44.9511535843786 -93.3057569688117,44.9510355852912 -93.305381968639,44.951064586028 -93.3051149685349,44.9511315852299 -93.3050199661727,44.9508295857713 -93.3050339596249,44.9500915851439 -93.305003959086,44.9500185851577 -93.3049929521635,44.9492615849472 -93.3058629521836,44.9491215845372 -93.3061859528832,44.9491295840143 -93.3064979540928,44.9491765845188 -93.3067509550942,44.9492545835882 -93.3070549581838,44.9494135836898 -93.3093699710923,44.9503715832943 -93.309971972654,44.9505445832856 -93.3102849744294,44.9505985832765 -93.3109279751153,44.950621582429 -93.3112479758467,44.9505975826079 -93.311867976455,44.9504755816707 -93.3177819712863,44.9485285778235 -93.3182639712581,44.9484625774736 -93.3220669801377,44.9484625748698 -93.3249819852257,44.9484965735659 -93.3288507579882,44.9484765163728 -93.3289007624266,44.9489285568979 -93.3287577666412,44.9495165569672 -93.3287487690917,44.9497645567488 -93.328791774334,44.9505315571605 -93.3287319044216,44.9593255574662 -93.326981076116,44.9593175760964 -93.3270580783026,44.9596035766813 -93.3269960808738,44.9599085761884 -93.3268130837165,44.9601875759148 -93.3266760841852,44.960305576316 -93.3261500849115,44.9605725767443 -93.3254680852236,44.9607625771885 -93.3250210848534,44.9609315783409 -93.3248220860552,44.9610985779849 -93.324761088323,44.9613355777147 -93.3247200975413,44.9623685782819 -93.3246020983501,44.9625975778691 -93.3240821024131,44.9631905793678 -93.3240221032316,44.963314579218 -93.3239241064122,44.9638305794116 -93.3239031097815,44.9641345794009 -93.3239571137226,44.9645835794478 -93.3243011192179,44.965202579582 -93.3243521207405,44.9653895796933 -93.3242961232401,44.9657695793349 -93.3241261243302,44.9659535801284</coordinates>
          </LinearRing>
        </outerBoundaryIs>
      </Polygon>
      <Style>
        <PolyStyle>
          <color>ccad4040</color>
          <fill>1</fill>
          <outline>1</outline>
        </PolyStyle>
        <LineStyle>
          <color>ff000000</color>
          <width>1</width>
        </LineStyle>
      </Style>
    </Placemark>
    <Placemark>
      <name>Minneapolis W-7 P-5</name>
      <description>&lt;![CDATA[
&lt;h3&gt;Minneapolis W-7 P-5&lt;/h3&gt;
&lt;b&gt;RCV Final Round Results:&lt;/b&gt;&lt;br/&gt;
&lt;b style="color:blue;"&gt;Jacob Frey:&lt;/b&gt; 541 (49.2%)&lt;br/&gt;
&lt;b style="color:red;"&gt;Omar Fateh:&lt;/b&gt; 505 (45.9%)&lt;br/&gt;
&lt;b&gt;Exhausted:&lt;/b&gt; 54 (4.9%)&lt;br/&gt;
&lt;b&gt;Total Ballots:&lt;/b&gt; 1,100&lt;br/&gt;
&lt;br/&gt;
&lt;b&gt;Winner: Frey&lt;/b&gt;
]]&gt;</description>
      <Polygon>
        <outerBoundaryIs>
          <LinearRing>
            <coordinates>-93.2765120553081,44.9666596125055 -93.2776580560516,44.9664316114024 -93.2796040533601,44.9658806099048 -93.2833560510976,44.9649086068445 -93.2841000500925,44.964691606779 -93.2849990506951,44.964569605538 -93.2854560509662,44.9645406053916 -93.286044051499,44.9645776046512 -93.2863280531755,44.9646316041633 -93.2868560558476,44.9648066043616 -93.2870940571444,44.9649266039927 -93.2875110605876,44.9652186036028 -93.2877970627734,44.9654926039183 -93.2880550636223,44.9654756038655 -93.2881580667523,44.9658826046898 -93.2881920739321,44.9665906043701 -93.2881190811794,44.9674276051163 -93.2880880947926,44.9688966063908 -93.287522094057,44.9689656065661 -93.2866750918169,44.9689416073161 -93.2864310915373,44.9688546070218 -93.2863320894316,44.9687816071167 -93.2861790885864,44.9685486071031 -93.285088082584,44.9681026074833 -93.2818380749733,44.9677246093666 -93.2778100666763,44.9677026120136 -93.2778100708459,44.9680986120441 -93.2764440692681,44.9680916132926 -93.2764540604259,44.9672176123904 -93.2765120553081,44.9666596125055</coordinates>
          </LinearRing>
        </outerBoundaryIs>
      </Polygon>
      <Style>
        <PolyStyle>
          <color>cc614040</color>
          <fill>1</fill>
          <outline>1</outline>
        </PolyStyle>
        <LineStyle>
          <color>ff000000</color>
          <width>1</width>
        </LineStyle>
      </Style>
    </Placemark>
    <Placemark>
      <name>Minneapolis W-7 P-6</name>
      <description>&lt;![CDATA[
&lt;h3&gt;Minneapolis W-7 P-6&lt;/h3&gt;
&lt;b&gt;RCV Final Round Results:&lt;/b&gt;&lt;br/&gt;
&lt;b style="color:blue;"&gt;Jacob Frey:&lt;/b&gt; 335 (45.3%)&lt;br/&gt;
&lt;b style="color:red;"&gt;Omar Fateh:&lt;/b&gt; 358 (48.4%)&lt;br/&gt;
&lt;b&gt;Exhausted:&lt;/b&gt; 46 (6.2%)&lt;br/&gt;
&lt;b&gt;Total Ballots:&lt;/b&gt; 739&lt;br/&gt;
&lt;br/&gt;
&lt;b&gt;Winner: Fateh&lt;/b&gt;
]]&gt;</description>
      <Polygon>
        <outerBoundaryIs>
          <LinearRing>
            <coordinates>-93.2759711965565,44.9820376238359 -93.2725531693646,44.9796116253588 -93.2713711757457,44.9804626271072 -93.2657021472096,44.9780366291018 -93.2665111378568,44.9770636269836 -93.2637821232554,44.9759156285969 -93.2678690844231,44.971112621573 -93.2684600824674,44.9707906206291 -93.2687890802271,44.9705746208513 -93.2690520780829,44.9703416205978 -93.2692290767299,44.970042620183 -93.269383077858,44.9701406197809 -93.2700880841721,44.9707736199602 -93.2702300782964,44.9701116193721 -93.2703680773273,44.9699876189141 -93.2704800771103,44.9699496191153 -93.271500079744,44.9699796186792 -93.2721950836804,44.9703546184429 -93.2735380903692,44.9708636177598 -93.2778401121653,44.9726456153579 -93.2788551167381,44.9729016154162 -93.2804821364731,44.9748616152111 -93.2809931451897,44.9756466153239 -93.281517156015,44.9768706152191 -93.2816011574425,44.9769716154132 -93.2815261755846,44.9789236172211 -93.281083175228,44.9790196174152 -93.2808861757087,44.979097618211 -93.2794991846753,44.9802246198224 -93.2787631869909,44.9807146211097 -93.2773831902419,44.9811946220162 -93.2765971925355,44.9815916234371 -93.2759711965565,44.9820376238359</coordinates>
          </LinearRing>
        </outerBoundaryIs>
      </Polygon>
      <Style>
        <PolyStyle>
          <color>cc40405f</color>
          <fill>1</fill>
          <outline>1</outline>
        </PolyStyle>
        <LineStyle>
          <color>ff000000</color>
          <width>1</width>
        </LineStyle>
      </Style>
    </Placemark>
    <Placemark>
      <name>Minneapolis W-7 P-7</name>
      <description>&lt;![CDATA[
&lt;h3&gt;Minneapolis W-7 P-7&lt;/h3&gt;
&lt;b&gt;RCV Final Round Results:&lt;/b&gt;&lt;br/&gt;
&lt;b style="color:blue;"&gt;Jacob Frey:&lt;/b&gt; 615 (74.0%)&lt;br/&gt;
&lt;b style="color:red;"&gt;Omar Fateh:&lt;/b&gt; 168 (20.2%)&lt;br/&gt;
&lt;b&gt;Exhausted:&lt;/b&gt; 48 (5.8%)&lt;br/&gt;
&lt;b&gt;Total Ballots:&lt;/b&gt; 831&lt;br/&gt;
&lt;br/&gt;
&lt;b&gt;Winner: Frey&lt;/b&gt;
]]&gt;</description>
      <Polygon>
        <outerBoundaryIs>
          <LinearRing>
            <coordinates>-93.2880641689362,44.9773526111774 -93.2902231617255,44.9761936091748 -93.2943961484402,44.9740496050425 -93.2989741304641,44.9711656001185 -93.299943126781,44.9706695988713 -93.300980124841,44.9702545980789 -93.3015221241716,44.9700785970759 -93.3019031242553,44.9700095964831 -93.3024831251581,44.969983596643 -93.3045891244309,44.9694745952246 -93.3052031251894,44.9695305943278 -93.3070641234219,44.9690635930251 -93.3117301199338,44.9677655889724 -93.3154911176498,44.9667635854441 -93.3165141175348,44.9665275855735 -93.3185281186344,44.9662985832679 -93.324036123876,44.9658975794853 -93.3241261243302,44.9659535801284 -93.3242961232401,44.9657695793349 -93.3243521207405,44.9653895796933 -93.3243011192179,44.965202579582 -93.3239571137226,44.9645835794478 -93.3239031097815,44.9641345794009 -93.3239241064122,44.9638305794116 -93.3240221032316,44.963314579218 -93.3240821024131,44.9631905793678 -93.3246020983501,44.9625975778691 -93.3247200975413,44.9623685782819 -93.324761088323,44.9613355777147 -93.3248220860552,44.9610985779849 -93.3250210848534,44.9609315783409 -93.3254680852236,44.9607625771885 -93.3261500849115,44.9605725767443 -93.3266760841852,44.960305576316 -93.3268130837165,44.9601875759148 -93.3269960808738,44.9599085761884 -93.3270580783026,44.9596035766813 -93.326981076116,44.9593175760964 -93.3287319044216,44.9593255574662 -93.3286900700677,44.9701296469059 -93.3274421636216,44.9701415783409 -93.3251811602362,44.9702155803548 -93.3212131556034,44.9702715831831 -93.3147931457695,44.9701775879874 -93.3147211468231,44.9704485876021 -93.3143431467485,44.9704215877793 -93.3108981607024,44.9726845908473 -93.3083501659909,44.9737215940446 -93.3048031770236,44.9756215976118 -93.3043471799941,44.9760145978627 -93.3021401701466,44.975239599133 -93.301201166132,44.9749696004555 -93.3002101630121,44.9747976002326 -93.2997061615676,44.9747476005425 -93.2991951614798,44.9747246012826 -93.2981801608467,44.9747556021043 -93.2974101605261,44.9748586027698 -93.2958841596771,44.975133603675 -93.2910471668406,44.9766626089772 -93.2880661710549,44.9776496108057 -93.2880641689362,44.9773526111774</coordinates>
          </LinearRing>
        </outerBoundaryIs>
      </Polygon>
      <Style>
        <PolyStyle>
          <color>ccae4040</color>
          <fill>1</fill>
          <outline>1</outline>
        </PolyStyle>
        <LineStyle>
          <color>ff000000</color>
          <width>1</width>
        </LineStyle>
      </Style>
    </Placemark>
    <Placemark>
      <name>Minneapolis W-7 P-8</name>
      <description>&lt;![CDATA[
&lt;h3&gt;Minneapolis W-7 P-8&lt;/h3&gt;
&lt;b&gt;RCV Final Round Results:&lt;/b&gt;&lt;br/&gt;
&lt;b style="color:blue;"&gt;Jacob Frey:&lt;/b&gt; 1,155 (56.6%)&lt;br/&gt;
&lt;b style="color:red;"&gt;Omar Fateh:&lt;/b&gt; 799 (39.1%)&lt;br/&gt;
&lt;b&gt;Exhausted:&lt;/b&gt; 88 (4.3%)&lt;br/&gt;
&lt;b&gt;Total Ballots:&lt;/b&gt; 2,042&lt;br/&gt;
&lt;br/&gt;
&lt;b&gt;Winner: Frey&lt;/b&gt;
]]&gt;</description>
      <Polygon>
        <outerBoundaryIs>
          <LinearRing>
            <coordinates>-93.2692290767299,44.970042620183 -93.2697140585728,44.9680606176473 -93.2697690488966,44.9669776171416 -93.2697490392671,44.9660896164799 -93.2721610484295,44.9666066160142 -93.2726960512916,44.9666956149431 -93.2736440521971,44.9667856143717 -93.2747950551876,44.9668306134798 -93.2757770552079,44.9667686129269 -93.2765120553081,44.9666596125055 -93.2764540604259,44.9672176123904 -93.2764440692681,44.9680916132926 -93.2778100708459,44.9680986120441 -93.2778100666763,44.9677026120136 -93.2818380749733,44.9677246093666 -93.285088082584,44.9681026074833 -93.2861790885864,44.9685486071031 -93.2863320894316,44.9687816071167 -93.2864310915373,44.9688546070218 -93.2866750918169,44.9689416073161 -93.287522094057,44.9689656065661 -93.2880880947926,44.9688966063908 -93.2880391210657,44.971975608081 -93.2880421492347,44.9750846101091 -93.2875521487091,44.9751436100686 -93.2834191458372,44.9754226133193 -93.2827131453959,44.9755516138571 -93.2824721460969,44.9756236140375 -93.2820781472224,44.9758086146132 -93.2816761496854,44.9760976153415 -93.2813441520041,44.9764716161177 -93.2809931451897,44.9756466153239 -93.2804821364731,44.9748616152111 -93.2788551167381,44.9729016154162 -93.2778401121653,44.9726456153579 -93.2735380903692,44.9708636177598 -93.2721950836804,44.9703546184429 -93.271500079744,44.9699796186792 -93.2704800771103,44.9699496191153 -93.2703680773273,44.9699876189141 -93.2702300782964,44.9701116193721 -93.2700880841721,44.9707736199602 -93.269383077858,44.9701406197809 -93.2692290767299,44.970042620183</coordinates>
          </LinearRing>
        </outerBoundaryIs>
      </Polygon>
      <Style>
        <PolyStyle>
          <color>cc784040</color>
          <fill>1</fill>
          <outline>1</outline>
        </PolyStyle>
        <LineStyle>
          <color>ff000000</color>
          <width>1</width>
        </LineStyle>
      </Style>
    </Placemark>
    <Placemark>
      <name>Minneapolis W-7 P-9</name>
      <description>&lt;![CDATA[
&lt;h3&gt;Minneapolis W-7 P-9&lt;/h3&gt;
&lt;b&gt;RCV Final Round Results:&lt;/b&gt;&lt;br/&gt;
&lt;b style="color:blue;"&gt;Jacob Frey:&lt;/b&gt; 873 (56.7%)&lt;br/&gt;
&lt;b style="color:red;"&gt;Omar Fateh:&lt;/b&gt; 617 (40.1%)&lt;br/&gt;
&lt;b&gt;Exhausted:&lt;/b&gt; 49 (3.2%)&lt;br/&gt;
&lt;b&gt;Total Ballots:&lt;/b&gt; 1,539&lt;br/&gt;
&lt;br/&gt;
&lt;b&gt;Winner: Frey&lt;/b&gt;
]]&gt;</description>
      <Polygon>
        <outerBoundaryIs>
          <LinearRing>
            <coordinates>-93.3011380447681,44.9609345925853 -93.2927180306154,44.9609115979882 -93.2967819902752,44.9555365928838 -93.2982569645268,44.9521875904919 -93.2982719389885,44.9492505885824 -93.3049929521635,44.9492615849472 -93.305003959086,44.9500185851577 -93.3050339596249,44.9500915851439 -93.3050199661727,44.9508295857713 -93.3051149685349,44.9511315852299 -93.3045889690516,44.9513525864438 -93.3039019714632,44.95172958658 -93.3025899764891,44.9527215879195 -93.302291980356,44.9531335880531 -93.3020869840043,44.9536865891417 -93.3019869861985,44.9538475889835 -93.3016209887458,44.9542595888858 -93.3013079935131,44.9549155892886 -93.3013239970069,44.9552055898197 -93.3013769976894,44.9553465896467 -93.3014529991379,44.9554795898541 -93.3016820011634,44.9557085900975 -93.3018270025184,44.9558005899321 -93.3021550039223,44.9559335893696 -93.3029790078227,44.9561585893067 -93.3032770085191,44.9562805890536 -93.3035210117473,44.9564605892401 -93.3036580130547,44.9566855891649 -93.3036890165288,44.9570135891283 -93.3036200193945,44.9574295894232 -93.3035360211947,44.9576275893976 -93.3028110280544,44.9586235908115 -93.3024070320589,44.9591035912372 -93.3014000391767,44.9601525920021 -93.301316041962,44.9604385928598 -93.3013240426949,44.9605875925751 -93.301430044908,44.960873592414 -93.3011380447681,44.9609345925853</coordinates>
          </LinearRing>
        </outerBoundaryIs>
      </Polygon>
      <Style>
        <PolyStyle>
          <color>cc784040</color>
          <fill>1</fill>
          <outline>1</outline>
        </PolyStyle>
        <LineStyle>
          <color>ff000000</color>
          <width>1</width>
        </LineStyle>
      </Style>
    </Placemark>
    <Placemark>
      <name>Minneapolis W-7 P-10</name>
      <description>&lt;![CDATA[
&lt;h3&gt;Minneapolis W-7 P-10&lt;/h3&gt;
&lt;b&gt;RCV Final Round Results:&lt;/b&gt;&lt;br/&gt;
&lt;b style="color:blue;"&gt;Jacob Frey:&lt;/b&gt; 134 (33.7%)&lt;br/&gt;
&lt;b style="color:red;"&gt;Omar Fateh:&lt;/b&gt; 245 (61.6%)&lt;br/&gt;
&lt;b&gt;Exhausted:&lt;/b&gt; 19 (4.8%)&lt;br/&gt;
&lt;b&gt;Total Ballots:&lt;/b&gt; 398&lt;br/&gt;
&lt;br/&gt;
&lt;b&gt;Winner: Fateh&lt;/b&gt;
]]&gt;</description>
      <Polygon>
        <outerBoundaryIs>
          <LinearRing>
            <coordinates>-93.2778100210566,44.9626896083935 -93.2879950386736,44.9626936018532 -93.2879530388826,44.9627916026586 -93.2879810514621,44.964178602985 -93.2879570633605,44.9654846037102 -93.2877970627734,44.9654926039183 -93.2873170588056,44.9650636042211 -93.2868560558476,44.9648066043616 -93.2865960550244,44.9647076043866 -93.286044051499,44.9645776046512 -93.285747050891,44.9645476047649 -93.2849990506951,44.964569605538 -93.2841000500925,44.964691606779 -93.2833560510976,44.9649086068445 -93.2796040533601,44.9658806099048 -93.2778100550697,44.9663876108118 -93.2778100210566,44.9626896083935</coordinates>
          </LinearRing>
        </outerBoundaryIs>
      </Polygon>
      <Style>
        <PolyStyle>
          <color>cc404087</color>
          <fill>1</fill>
          <outline>1</outline>
        </PolyStyle>
        <LineStyle>
          <color>ff000000</color>
          <width>1</width>
        </LineStyle>
      </Style>
    </Placemark>
    <Placemark>
      <name>Minneapolis W-7 P-11</name>
      <description>&lt;![CDATA[
&lt;h3&gt;Minneapolis W-7 P-11&lt;/h3&gt;
&lt;b&gt;RCV Final Round Results:&lt;/b&gt;&lt;br/&gt;
&lt;b style="color:blue;"&gt;Jacob Frey:&lt;/b&gt; 198 (70.7%)&lt;br/&gt;
&lt;b style="color:red;"&gt;Omar Fateh:&lt;/b&gt; 66 (23.6%)&lt;br/&gt;
&lt;b&gt;Exhausted:&lt;/b&gt; 16 (5.7%)&lt;br/&gt;
&lt;b&gt;Total Ballots:&lt;/b&gt; 280&lt;br/&gt;
&lt;br/&gt;
&lt;b&gt;Winner: Frey&lt;/b&gt;
]]&gt;</description>
      <Polygon>
        <outerBoundaryIs>
          <LinearRing>
            <coordinates>-93.2702261822061,44.9812906279406 -93.2607961328711,44.9772616322046 -93.2624221168331,44.9753436293926 -93.2665111378568,44.9770636269836 -93.2657021472096,44.9780366291018 -93.2713711757457,44.9804626271072 -93.2725531693646,44.9796116253588 -93.2748501886895,44.9812376239338 -93.2724992003826,44.9829296272417 -93.2714041919087,44.9820946282498 -93.2702261822061,44.9812906279406</coordinates>
          </LinearRing>
        </outerBoundaryIs>
      </Polygon>
      <Style>
        <PolyStyle>
          <color>cca44040</color>
          <fill>1</fill>
          <outline>1</outline>
        </PolyStyle>
        <LineStyle>
          <color>ff000000</color>
          <width>1</width>
        </LineStyle>
      </Style>
    </Placemark>
    <Placemark>
      <name>Minneapolis W-7 P-12</name>
      <description>&lt;![CDATA[
&lt;h3&gt;Minneapolis W-7 P-12&lt;/h3&gt;
&lt;b&gt;RCV Final Round Results:&lt;/b&gt;&lt;br/&gt;
&lt;b style="color:blue;"&gt;Jacob Frey:&lt;/b&gt; 459 (52.3%)&lt;br/&gt;
&lt;b style="color:red;"&gt;Omar Fateh:&lt;/b&gt; 375 (42.7%)&lt;br/&gt;
&lt;b&gt;Exhausted:&lt;/b&gt; 44 (5.0%)&lt;br/&gt;
&lt;b&gt;Total Ballots:&lt;/b&gt; 878&lt;br/&gt;
&lt;br/&gt;
&lt;b&gt;Winner: Frey&lt;/b&gt;
]]&gt;</description>
      <Polygon>
        <outerBoundaryIs>
          <LinearRing>
            <coordinates>-93.3049929521635,44.9492615849472 -93.3050009450082,44.9483735842863 -93.3054739460844,44.9484835847066 -93.3071409563707,44.9492975838089 -93.3071929560808,44.9492265836771 -93.3070279555358,44.949178584049 -93.3070299540148,44.9489265835274 -93.3066689466987,44.948241583159 -93.3065719425462,44.9478155829617 -93.3063059381632,44.9472475837449 -93.3059909301874,44.9463905830015 -93.3057679261435,44.9459505829598 -93.3053719192761,44.9452715834633 -93.3051829150398,44.9448075827883 -93.304869910829,44.9443725825492 -93.3045999056941,44.9438595830296 -93.304156899102,44.943222581835 -93.303936894976,44.9428175824373 -93.3038988931526,44.9426225827389 -93.3039328876332,44.9419705818952 -93.3038668807699,44.9411285821274 -93.3039888728512,44.9401385809271 -93.3041248660556,44.9393865809773 -93.3042148647566,44.93909957981 -93.3042008606411,44.9387695802278 -93.3042678589925,44.9385395799008 -93.3043578535988,44.9377515795811 -93.3045178504603,44.9373515798345 -93.3048968457006,44.9367415791939 -93.3053058426327,44.936277578416 -93.3065398379707,44.9354815775111 -93.3074208368135,44.9350335767655 -93.3076988364447,44.9349525775254 -93.3079158362029,44.9348405770727 -93.3077068338946,44.934500576376 -93.308690831996,44.9341165762025 -93.3090768321709,44.9340365760693 -93.3102948310227,44.933621575353 -93.310328833135,44.9338155758651 -93.3104658355946,44.9340125757949 -93.3105978355475,44.9340365754262 -93.3114058375287,44.9340285755971 -93.3120038395591,44.9341375745892 -93.3127628439958,44.9344035742668 -93.3134238496005,44.9348465748721 -93.3136678498323,44.9349685746898 -93.3140838526306,44.9351105743206 -93.314338853618,44.9351555741454 -93.3152698566668,44.9352085733644 -93.3168188591656,44.9350405732162 -93.3171848588114,44.9350255733682 -93.319152864211,44.9350135722094 -93.319511864513,44.9350295721691 -93.3197098657778,44.9350715723698 -93.3200768681611,44.9352275720828 -93.3202218692968,44.9353385720013 -93.320419871815,44.9356055713842 -93.3204808730206,44.9359065722006 -93.3204348780926,44.9365365725694 -93.3203588821683,44.9368455725888 -93.3200838850375,44.9374475732167 -93.3199008867001,44.9377335728302 -93.3226168937673,44.9377525719557 -93.3226198785083,44.9359485709279 -93.3235248814893,44.9360155708497 -93.3235368768798,44.9354085712099 -93.3232638756598,44.9353605713964 -93.3232608657458,44.9340865706235 -93.3238988673744,44.934029569382 -93.3290257173624,44.9340566188934 -93.3290046886129,44.93982555317 -93.3291556955581,44.9406865532503 -93.3291637024605,44.9414235537613 -93.3291097258962,44.9443795544066 -93.3288267347368,44.9456095556129 -93.3288807438912,44.9466225562377 -93.3288507579882,44.9484765163728 -93.3249819852257,44.9484965735659 -93.3220669801377,44.9484625748698 -93.3182639712581,44.9484625774736 -93.3177819712863,44.9485285778235 -93.311867976455,44.9504755816707 -93.3112479758467,44.9505975826079 -93.3109279751153,44.950621582429 -93.3102849744294,44.9505985832765 -93.309971972654,44.9505445832856 -93.3093699710923,44.9503715832943 -93.3070549581838,44.9494135836898 -93.3067509550942,44.9492545835882 -93.3064979540928,44.9491765845188 -93.3061859528832,44.9491295840143 -93.3058629521836,44.9491215845372 -93.3049929521635,44.9492615849472</coordinates>
          </LinearRing>
        </outerBoundaryIs>
      </Polygon>
      <Style>
        <PolyStyle>
          <color>cc6b4040</color>
          <fill>1</fill>
          <outline>1</outline>
        </PolyStyle>
        <LineStyle>
          <color>ff000000</color>
          <width>1</width>
        </LineStyle>
      </Style>
    </Placemark>
    <Placemark>
      <name>Minneapolis W-8 P-1</name>
      <description>&lt;![CDATA[
&lt;h3&gt;Minneapolis W-8 P-1&lt;/h3&gt;
&lt;b&gt;RCV Final Round Results:&lt;/b&gt;&lt;br/&gt;
&lt;b style="color:blue;"&gt;Jacob Frey:&lt;/b&gt; 340 (45.5%)&lt;br/&gt;
&lt;b style="color:red;"&gt;Omar Fateh:&lt;/b&gt; 381 (51.0%)&lt;br/&gt;
&lt;b&gt;Exhausted:&lt;/b&gt; 26 (3.5%)&lt;br/&gt;
&lt;b&gt;Total Ballots:&lt;/b&gt; 747&lt;br/&gt;
&lt;br/&gt;
&lt;b&gt;Winner: Fateh&lt;/b&gt;
]]&gt;</description>
      <Polygon>
        <outerBoundaryIs>
          <LinearRing>
            <coordinates>-93.2880869115914,44.9483575928872 -93.2746198842436,44.9483466004448 -93.274601963383,44.9449527157466 -93.2779318600645,44.9449515965994 -93.2779318576101,44.9447415965395 -93.2881318781392,44.9447295913044 -93.2880869115914,44.9483575928872</coordinates>
          </LinearRing>
        </outerBoundaryIs>
      </Polygon>
      <Style>
        <PolyStyle>
          <color>cc404067</color>
          <fill>1</fill>
          <outline>1</outline>
        </PolyStyle>
        <LineStyle>
          <color>ff000000</color>
          <width>1</width>
        </LineStyle>
      </Style>
    </Placemark>
    <Placemark>
      <name>Minneapolis W-8 P-2</name>
      <description>&lt;![CDATA[
&lt;h3&gt;Minneapolis W-8 P-2&lt;/h3&gt;
&lt;b&gt;RCV Final Round Results:&lt;/b&gt;&lt;br/&gt;
&lt;b style="color:blue;"&gt;Jacob Frey:&lt;/b&gt; 544 (32.1%)&lt;br/&gt;
&lt;b style="color:red;"&gt;Omar Fateh:&lt;/b&gt; 1,082 (63.9%)&lt;br/&gt;
&lt;b&gt;Exhausted:&lt;/b&gt; 67 (4.0%)&lt;br/&gt;
&lt;b&gt;Total Ballots:&lt;/b&gt; 1,693&lt;br/&gt;
&lt;br/&gt;
&lt;b&gt;Winner: Fateh&lt;/b&gt;
]]&gt;</description>
      <Polygon>
        <outerBoundaryIs>
          <LinearRing>
            <coordinates>-93.274601963383,44.9449527157466 -93.2745247859224,44.9377345930547 -93.2882008170586,44.9377105865595 -93.2881318781392,44.9447295913044 -93.2779318576101,44.9447415965395 -93.2779318600645,44.9449515965994 -93.274601963383,44.9449527157466</coordinates>
          </LinearRing>
        </outerBoundaryIs>
      </Polygon>
      <Style>
        <PolyStyle>
          <color>cc40408f</color>
          <fill>1</fill>
          <outline>1</outline>
        </PolyStyle>
        <LineStyle>
          <color>ff000000</color>
          <width>1</width>
        </LineStyle>
      </Style>
    </Placemark>
    <Placemark>
      <name>Minneapolis W-8 P-3</name>
      <description>&lt;![CDATA[
&lt;h3&gt;Minneapolis W-8 P-3&lt;/h3&gt;
&lt;b&gt;RCV Final Round Results:&lt;/b&gt;&lt;br/&gt;
&lt;b style="color:blue;"&gt;Jacob Frey:&lt;/b&gt; 650 (39.1%)&lt;br/&gt;
&lt;b style="color:red;"&gt;Omar Fateh:&lt;/b&gt; 915 (55.0%)&lt;br/&gt;
&lt;b&gt;Exhausted:&lt;/b&gt; 99 (5.9%)&lt;br/&gt;
&lt;b&gt;Total Ballots:&lt;/b&gt; 1,664&lt;br/&gt;
&lt;br/&gt;
&lt;b&gt;Winner: Fateh&lt;/b&gt;
]]&gt;</description>
      <Polygon>
        <outerBoundaryIs>
          <LinearRing>
            <coordinates>-93.2748487867273,44.9377345922818 -93.2748307205635,44.9305045869023 -93.2882537517535,44.9304325824393 -93.2882008170586,44.9377105865595 -93.2748487867273,44.9377345922818</coordinates>
          </LinearRing>
        </outerBoundaryIs>
      </Polygon>
      <Style>
        <PolyStyle>
          <color>cc404073</color>
          <fill>1</fill>
          <outline>1</outline>
        </PolyStyle>
        <LineStyle>
          <color>ff000000</color>
          <width>1</width>
        </LineStyle>
      </Style>
    </Placemark>
    <Placemark>
      <name>Minneapolis W-8 P-4</name>
      <description>&lt;![CDATA[
&lt;h3&gt;Minneapolis W-8 P-4&lt;/h3&gt;
&lt;b&gt;RCV Final Round Results:&lt;/b&gt;&lt;br/&gt;
&lt;b style="color:blue;"&gt;Jacob Frey:&lt;/b&gt; 1,136 (49.4%)&lt;br/&gt;
&lt;b style="color:red;"&gt;Omar Fateh:&lt;/b&gt; 1,004 (43.6%)&lt;br/&gt;
&lt;b&gt;Exhausted:&lt;/b&gt; 161 (7.0%)&lt;br/&gt;
&lt;b&gt;Total Ballots:&lt;/b&gt; 2,301&lt;br/&gt;
&lt;br/&gt;
&lt;b&gt;Winner: Frey&lt;/b&gt;
]]&gt;</description>
      <Polygon>
        <outerBoundaryIs>
          <LinearRing>
            <coordinates>-93.2745606861466,44.9268895848067 -93.2745326194388,44.9196565793594 -93.2883076563836,44.919560575876 -93.2882537517535,44.9304325824393 -93.274533719865,44.9305095872406 -93.2745606861466,44.9268895848067</coordinates>
          </LinearRing>
        </outerBoundaryIs>
      </Polygon>
      <Style>
        <PolyStyle>
          <color>cc624040</color>
          <fill>1</fill>
          <outline>1</outline>
        </PolyStyle>
        <LineStyle>
          <color>ff000000</color>
          <width>1</width>
        </LineStyle>
      </Style>
    </Placemark>
    <Placemark>
      <name>Minneapolis W-8 P-5</name>
      <description>&lt;![CDATA[
&lt;h3&gt;Minneapolis W-8 P-5&lt;/h3&gt;
&lt;b&gt;RCV Final Round Results:&lt;/b&gt;&lt;br/&gt;
&lt;b style="color:blue;"&gt;Jacob Frey:&lt;/b&gt; 190 (33.3%)&lt;br/&gt;
&lt;b style="color:red;"&gt;Omar Fateh:&lt;/b&gt; 349 (61.1%)&lt;br/&gt;
&lt;b&gt;Exhausted:&lt;/b&gt; 32 (5.6%)&lt;br/&gt;
&lt;b&gt;Total Ballots:&lt;/b&gt; 571&lt;br/&gt;
&lt;br/&gt;
&lt;b&gt;Winner: Fateh&lt;/b&gt;
]]&gt;</description>
      <Polygon>
        <outerBoundaryIs>
          <LinearRing>
            <coordinates>-93.2677538706319,44.9483466037525 -93.2675857720105,44.9377685961524 -93.2745247859224,44.9377345930547 -93.2746198842436,44.9483466004448 -93.2677538706319,44.9483466037525</coordinates>
          </LinearRing>
        </outerBoundaryIs>
      </Polygon>
      <Style>
        <PolyStyle>
          <color>cc404086</color>
          <fill>1</fill>
          <outline>1</outline>
        </PolyStyle>
        <LineStyle>
          <color>ff000000</color>
          <width>1</width>
        </LineStyle>
      </Style>
    </Placemark>
    <Placemark>
      <name>Minneapolis W-8 P-6</name>
      <description>&lt;![CDATA[
&lt;h3&gt;Minneapolis W-8 P-6&lt;/h3&gt;
&lt;b&gt;RCV Final Round Results:&lt;/b&gt;&lt;br/&gt;
&lt;b style="color:blue;"&gt;Jacob Frey:&lt;/b&gt; 114 (28.9%)&lt;br/&gt;
&lt;b style="color:red;"&gt;Omar Fateh:&lt;/b&gt; 266 (67.3%)&lt;br/&gt;
&lt;b&gt;Exhausted:&lt;/b&gt; 15 (3.8%)&lt;br/&gt;
&lt;b&gt;Total Ballots:&lt;/b&gt; 395&lt;br/&gt;
&lt;br/&gt;
&lt;b&gt;Winner: Fateh&lt;/b&gt;
]]&gt;</description>
      <Polygon>
        <outerBoundaryIs>
          <LinearRing>
            <coordinates>-93.2625197599693,44.9377545985812 -93.2624677251792,44.9341415948706 -93.2675327372643,44.9341515931551 -93.2748257540159,44.9341155906218 -93.2748487867273,44.9377345922818 -93.2675857720105,44.9377685961524 -93.2625197599693,44.9377545985812</coordinates>
          </LinearRing>
        </outerBoundaryIs>
      </Polygon>
      <Style>
        <PolyStyle>
          <color>cc404099</color>
          <fill>1</fill>
          <outline>1</outline>
        </PolyStyle>
        <LineStyle>
          <color>ff000000</color>
          <width>1</width>
        </LineStyle>
      </Style>
    </Placemark>
    <Placemark>
      <name>Minneapolis W-8 P-7</name>
      <description>&lt;![CDATA[
&lt;h3&gt;Minneapolis W-8 P-7&lt;/h3&gt;
&lt;b&gt;RCV Final Round Results:&lt;/b&gt;&lt;br/&gt;
&lt;b style="color:blue;"&gt;Jacob Frey:&lt;/b&gt; 438 (40.6%)&lt;br/&gt;
&lt;b style="color:red;"&gt;Omar Fateh:&lt;/b&gt; 573 (53.2%)&lt;br/&gt;
&lt;b&gt;Exhausted:&lt;/b&gt; 67 (6.2%)&lt;br/&gt;
&lt;b&gt;Total Ballots:&lt;/b&gt; 1,078&lt;br/&gt;
&lt;br/&gt;
&lt;b&gt;Winner: Fateh&lt;/b&gt;
]]&gt;</description>
      <Polygon>
        <outerBoundaryIs>
          <LinearRing>
            <coordinates>-93.2624677251792,44.9341415948706 -93.2624896568628,44.9269525891125 -93.2625276396728,44.92513258739 -93.2675786519215,44.9251375858939 -93.2745347313598,44.9250816174943 -93.2745606861466,44.9268895848067 -93.274533719865,44.9305095872406 -93.2748307205635,44.9305045869023 -93.2748257540159,44.9341155906218 -93.2675327372643,44.9341515931551 -93.2624677251792,44.9341415948706</coordinates>
          </LinearRing>
        </outerBoundaryIs>
      </Polygon>
      <Style>
        <PolyStyle>
          <color>cc40406d</color>
          <fill>1</fill>
          <outline>1</outline>
        </PolyStyle>
        <LineStyle>
          <color>ff000000</color>
          <width>1</width>
        </LineStyle>
      </Style>
    </Placemark>
    <Placemark>
      <name>Minneapolis W-8 P-8</name>
      <description>&lt;![CDATA[
&lt;h3&gt;Minneapolis W-8 P-8&lt;/h3&gt;
&lt;b&gt;RCV Final Round Results:&lt;/b&gt;&lt;br/&gt;
&lt;b style="color:blue;"&gt;Jacob Frey:&lt;/b&gt; 570 (48.7%)&lt;br/&gt;
&lt;b style="color:red;"&gt;Omar Fateh:&lt;/b&gt; 507 (43.3%)&lt;br/&gt;
&lt;b&gt;Exhausted:&lt;/b&gt; 93 (7.9%)&lt;br/&gt;
&lt;b&gt;Total Ballots:&lt;/b&gt; 1,170&lt;br/&gt;
&lt;br/&gt;
&lt;b&gt;Winner: Frey&lt;/b&gt;
]]&gt;</description>
      <Polygon>
        <outerBoundaryIs>
          <LinearRing>
            <coordinates>-93.2625276396728,44.92513258739 -93.2626155711576,44.9178995811325 -93.2677075857712,44.9179055800086 -93.2677305683197,44.9161045789769 -93.2750555884765,44.9160375764728 -93.2750416213213,44.9196545794061 -93.2745326194388,44.9196565793594 -93.2745347313598,44.9250816174943 -93.2675786519215,44.9251375858939 -93.2625276396728,44.92513258739</coordinates>
          </LinearRing>
        </outerBoundaryIs>
      </Polygon>
      <Style>
        <PolyStyle>
          <color>cc604040</color>
          <fill>1</fill>
          <outline>1</outline>
        </PolyStyle>
        <LineStyle>
          <color>ff000000</color>
          <width>1</width>
        </LineStyle>
      </Style>
    </Placemark>
    <Placemark>
      <name>Minneapolis W-8 P-9</name>
      <description>&lt;![CDATA[
&lt;h3&gt;Minneapolis W-8 P-9&lt;/h3&gt;
&lt;b&gt;RCV Final Round Results:&lt;/b&gt;&lt;br/&gt;
&lt;b style="color:blue;"&gt;Jacob Frey:&lt;/b&gt; 442 (57.3%)&lt;br/&gt;
&lt;b style="color:red;"&gt;Omar Fateh:&lt;/b&gt; 272 (35.2%)&lt;br/&gt;
&lt;b&gt;Exhausted:&lt;/b&gt; 58 (7.5%)&lt;br/&gt;
&lt;b&gt;Total Ballots:&lt;/b&gt; 772&lt;br/&gt;
&lt;br/&gt;
&lt;b&gt;Winner: Frey&lt;/b&gt;
]]&gt;</description>
      <Polygon>
        <outerBoundaryIs>
          <LinearRing>
            <coordinates>-93.2626155711576,44.9178995811325 -93.2626345210362,44.9124765772124 -93.2651905274308,44.9124805766909 -93.2651975226747,44.9119845758545 -93.2655415265498,44.9123435758367 -93.2657545296038,44.9125035764962 -93.266098532305,44.9126485765766 -93.2664645334142,44.9127095763493 -93.2692265402651,44.9126635751211 -93.2696155409971,44.9125755757629 -93.2699435402945,44.9124085748688 -93.2703245415291,44.9124615752801 -93.2750375539857,44.9124205745087 -93.2750555884765,44.9160375764728 -93.2677305683197,44.9161045789769 -93.2677075857712,44.9179055800086 -93.2626155711576,44.9178995811325</coordinates>
          </LinearRing>
        </outerBoundaryIs>
      </Polygon>
      <Style>
        <PolyStyle>
          <color>cc7a4040</color>
          <fill>1</fill>
          <outline>1</outline>
        </PolyStyle>
        <LineStyle>
          <color>ff000000</color>
          <width>1</width>
        </LineStyle>
      </Style>
    </Placemark>
    <Placemark>
      <name>Minneapolis W-8 P-10</name>
      <description>&lt;![CDATA[
&lt;h3&gt;Minneapolis W-8 P-10&lt;/h3&gt;
&lt;b&gt;RCV Final Round Results:&lt;/b&gt;&lt;br/&gt;
&lt;b style="color:blue;"&gt;Jacob Frey:&lt;/b&gt; 301 (31.7%)&lt;br/&gt;
&lt;b style="color:red;"&gt;Omar Fateh:&lt;/b&gt; 577 (60.7%)&lt;br/&gt;
&lt;b&gt;Exhausted:&lt;/b&gt; 73 (7.7%)&lt;br/&gt;
&lt;b&gt;Total Ballots:&lt;/b&gt; 951&lt;br/&gt;
&lt;br/&gt;
&lt;b&gt;Winner: Fateh&lt;/b&gt;
]]&gt;</description>
      <Polygon>
        <outerBoundaryIs>
          <LinearRing>
            <coordinates>-93.247337709596,44.9341096064473 -93.2473296743188,44.930443603641 -93.2523886664275,44.9304635955656 -93.2523886671607,44.9305165960132 -93.2586976811956,44.930533593726 -93.2586986646927,44.9287335925117 -93.2624856747508,44.9287385905679 -93.2624677251792,44.9341415948706 -93.247337709596,44.9341096064473</coordinates>
          </LinearRing>
        </outerBoundaryIs>
      </Polygon>
      <Style>
        <PolyStyle>
          <color>cc404085</color>
          <fill>1</fill>
          <outline>1</outline>
        </PolyStyle>
        <LineStyle>
          <color>ff000000</color>
          <width>1</width>
        </LineStyle>
      </Style>
    </Placemark>
    <Placemark>
      <name>Minneapolis W-8 P-11</name>
      <description>&lt;![CDATA[
&lt;h3&gt;Minneapolis W-8 P-11&lt;/h3&gt;
&lt;b&gt;RCV Final Round Results:&lt;/b&gt;&lt;br/&gt;
&lt;b style="color:blue;"&gt;Jacob Frey:&lt;/b&gt; 420 (45.0%)&lt;br/&gt;
&lt;b style="color:red;"&gt;Omar Fateh:&lt;/b&gt; 456 (48.8%)&lt;br/&gt;
&lt;b&gt;Exhausted:&lt;/b&gt; 58 (6.2%)&lt;br/&gt;
&lt;b&gt;Total Ballots:&lt;/b&gt; 934&lt;br/&gt;
&lt;br/&gt;
&lt;b&gt;Winner: Fateh&lt;/b&gt;
]]&gt;</description>
      <Polygon>
        <outerBoundaryIs>
          <LinearRing>
            <coordinates>-93.2473296743188,44.930443603641 -93.2473146228778,44.9251415984351 -93.2625276396728,44.92513258739 -93.2624856747508,44.9287385905679 -93.2586986646927,44.9287335925117 -93.2586976811956,44.930533593726 -93.2523886671607,44.9305165960132 -93.2523886664275,44.9304635955656 -93.2473296743188,44.930443603641</coordinates>
          </LinearRing>
        </outerBoundaryIs>
      </Polygon>
      <Style>
        <PolyStyle>
          <color>cc404060</color>
          <fill>1</fill>
          <outline>1</outline>
        </PolyStyle>
        <LineStyle>
          <color>ff000000</color>
          <width>1</width>
        </LineStyle>
      </Style>
    </Placemark>
    <Placemark>
      <name>Minneapolis W-9 P-1</name>
      <description>&lt;![CDATA[
&lt;h3&gt;Minneapolis W-9 P-1&lt;/h3&gt;
&lt;b&gt;RCV Final Round Results:&lt;/b&gt;&lt;br/&gt;
&lt;b style="color:blue;"&gt;Jacob Frey:&lt;/b&gt; 87 (27.5%)&lt;br/&gt;
&lt;b style="color:red;"&gt;Omar Fateh:&lt;/b&gt; 220 (69.6%)&lt;br/&gt;
&lt;b&gt;Exhausted:&lt;/b&gt; 9 (2.8%)&lt;br/&gt;
&lt;b&gt;Total Ballots:&lt;/b&gt; 316&lt;br/&gt;
&lt;br/&gt;
&lt;b&gt;Winner: Fateh&lt;/b&gt;
]]&gt;</description>
      <Polygon>
        <outerBoundaryIs>
          <LinearRing>
            <coordinates>-93.2626648606709,44.9483506071632 -93.2625998117888,44.9431706028667 -93.2676808224808,44.9431735997052 -93.2677538706319,44.9483466037525 -93.2626648606709,44.9483506071632</coordinates>
          </LinearRing>
        </outerBoundaryIs>
      </Polygon>
      <Style>
        <PolyStyle>
          <color>cc4040a0</color>
          <fill>1</fill>
          <outline>1</outline>
        </PolyStyle>
        <LineStyle>
          <color>ff000000</color>
          <width>1</width>
        </LineStyle>
      </Style>
    </Placemark>
    <Placemark>
      <name>Minneapolis W-9 P-2</name>
      <description>&lt;![CDATA[
&lt;h3&gt;Minneapolis W-9 P-2&lt;/h3&gt;
&lt;b&gt;RCV Final Round Results:&lt;/b&gt;&lt;br/&gt;
&lt;b style="color:blue;"&gt;Jacob Frey:&lt;/b&gt; 422 (25.3%)&lt;br/&gt;
&lt;b style="color:red;"&gt;Omar Fateh:&lt;/b&gt; 1,165 (69.8%)&lt;br/&gt;
&lt;b&gt;Exhausted:&lt;/b&gt; 83 (5.0%)&lt;br/&gt;
&lt;b&gt;Total Ballots:&lt;/b&gt; 1,670&lt;br/&gt;
&lt;br/&gt;
&lt;b&gt;Winner: Fateh&lt;/b&gt;
]]&gt;</description>
      <Polygon>
        <outerBoundaryIs>
          <LinearRing>
            <coordinates>-93.2474138122489,44.9447496160917 -93.2473457451934,44.9377266097165 -93.2675857720105,44.9377685961524 -93.2676808224808,44.9431735997052 -93.2625998117888,44.9431706028667 -93.2626348269091,44.9447226036793 -93.2600708214576,44.9447296051502 -93.2600928379802,44.9465436064661 -93.2575608337153,44.9465456077276 -93.2575538246863,44.9456876066666 -93.2550278194195,44.9456956082818 -93.2550208114086,44.9447456080337 -93.2474138122489,44.9447496160917</coordinates>
          </LinearRing>
        </outerBoundaryIs>
      </Polygon>
      <Style>
        <PolyStyle>
          <color>cc4040a1</color>
          <fill>1</fill>
          <outline>1</outline>
        </PolyStyle>
        <LineStyle>
          <color>ff000000</color>
          <width>1</width>
        </LineStyle>
      </Style>
    </Placemark>
    <Placemark>
      <name>Minneapolis W-9 P-3</name>
      <description>&lt;![CDATA[
&lt;h3&gt;Minneapolis W-9 P-3&lt;/h3&gt;
&lt;b&gt;RCV Final Round Results:&lt;/b&gt;&lt;br/&gt;
&lt;b style="color:blue;"&gt;Jacob Frey:&lt;/b&gt; 294 (31.9%)&lt;br/&gt;
&lt;b style="color:red;"&gt;Omar Fateh:&lt;/b&gt; 581 (63.1%)&lt;br/&gt;
&lt;b&gt;Exhausted:&lt;/b&gt; 46 (5.0%)&lt;br/&gt;
&lt;b&gt;Total Ballots:&lt;/b&gt; 921&lt;br/&gt;
&lt;br/&gt;
&lt;b&gt;Winner: Fateh&lt;/b&gt;
]]&gt;</description>
      <Polygon>
        <outerBoundaryIs>
          <LinearRing>
            <coordinates>-93.2523349453427,44.9591266221462 -93.252494840707,44.9483576117178 -93.2626648606709,44.9483506071632 -93.262558928295,44.9555446123348 -93.2625509624436,44.9591116159658 -93.2523349453427,44.9591266221462</coordinates>
          </LinearRing>
        </outerBoundaryIs>
      </Polygon>
      <Style>
        <PolyStyle>
          <color>cc40408c</color>
          <fill>1</fill>
          <outline>1</outline>
        </PolyStyle>
        <LineStyle>
          <color>ff000000</color>
          <width>1</width>
        </LineStyle>
      </Style>
    </Placemark>
    <Placemark>
      <name>Minneapolis W-9 P-4</name>
      <description>&lt;![CDATA[
&lt;h3&gt;Minneapolis W-9 P-4&lt;/h3&gt;
&lt;b&gt;RCV Final Round Results:&lt;/b&gt;&lt;br/&gt;
&lt;b style="color:blue;"&gt;Jacob Frey:&lt;/b&gt; 160 (31.4%)&lt;br/&gt;
&lt;b style="color:red;"&gt;Omar Fateh:&lt;/b&gt; 321 (63.1%)&lt;br/&gt;
&lt;b&gt;Exhausted:&lt;/b&gt; 28 (5.5%)&lt;br/&gt;
&lt;b&gt;Total Ballots:&lt;/b&gt; 509&lt;br/&gt;
&lt;br/&gt;
&lt;b&gt;Winner: Fateh&lt;/b&gt;
]]&gt;</description>
      <Polygon>
        <outerBoundaryIs>
          <LinearRing>
            <coordinates>-93.2479369666281,44.9609086299743 -93.2459969573135,44.9591376328036 -93.2450789521734,44.9582166343411 -93.2442709454535,44.9572166352357 -93.2435869394043,44.9561906359977 -93.2416279126693,44.9526166371357 -93.2411719088696,44.9519536380258 -93.2404599035025,44.9510436386745 -93.2389208938542,44.9492106404935 -93.2383418881639,44.9483656414083 -93.252494840707,44.9483576117178 -93.2523349453427,44.9591266221462 -93.2498249411791,44.9591286243999 -93.2498329590438,44.9609236254572 -93.2479369666281,44.9609086299743</coordinates>
          </LinearRing>
        </outerBoundaryIs>
      </Polygon>
      <Style>
        <PolyStyle>
          <color>cc40408c</color>
          <fill>1</fill>
          <outline>1</outline>
        </PolyStyle>
        <LineStyle>
          <color>ff000000</color>
          <width>1</width>
        </LineStyle>
      </Style>
    </Placemark>
    <Placemark>
      <name>Minneapolis W-9 P-5</name>
      <description>&lt;![CDATA[
&lt;h3&gt;Minneapolis W-9 P-5&lt;/h3&gt;
&lt;b&gt;RCV Final Round Results:&lt;/b&gt;&lt;br/&gt;
&lt;b style="color:blue;"&gt;Jacob Frey:&lt;/b&gt; 125 (22.3%)&lt;br/&gt;
&lt;b style="color:red;"&gt;Omar Fateh:&lt;/b&gt; 399 (71.2%)&lt;br/&gt;
&lt;b&gt;Exhausted:&lt;/b&gt; 36 (6.4%)&lt;br/&gt;
&lt;b&gt;Total Ballots:&lt;/b&gt; 560&lt;br/&gt;
&lt;br/&gt;
&lt;b&gt;Winner: Fateh&lt;/b&gt;
]]&gt;</description>
      <Polygon>
        <outerBoundaryIs>
          <LinearRing>
            <coordinates>-93.2626648606709,44.9483506071632 -93.2474068476013,44.9483656198058 -93.2474138122489,44.9447496160917 -93.2550208114086,44.9447456080337 -93.2550278194195,44.9456956082818 -93.2575538246863,44.9456876066666 -93.2575608337153,44.9465456077276 -93.2600928379802,44.9465436064661 -93.2600708214576,44.9447296051502 -93.2626348269091,44.9447226036793 -93.2626648606709,44.9483506071632</coordinates>
          </LinearRing>
        </outerBoundaryIs>
      </Polygon>
      <Style>
        <PolyStyle>
          <color>cc4040a5</color>
          <fill>1</fill>
          <outline>1</outline>
        </PolyStyle>
        <LineStyle>
          <color>ff000000</color>
          <width>1</width>
        </LineStyle>
      </Style>
    </Placemark>
    <Placemark>
      <name>Minneapolis W-9 P-6</name>
      <description>&lt;![CDATA[
&lt;h3&gt;Minneapolis W-9 P-6&lt;/h3&gt;
&lt;b&gt;RCV Final Round Results:&lt;/b&gt;&lt;br/&gt;
&lt;b style="color:blue;"&gt;Jacob Frey:&lt;/b&gt; 484 (33.9%)&lt;br/&gt;
&lt;b style="color:red;"&gt;Omar Fateh:&lt;/b&gt; 867 (60.8%)&lt;br/&gt;
&lt;b&gt;Exhausted:&lt;/b&gt; 76 (5.3%)&lt;br/&gt;
&lt;b&gt;Total Ballots:&lt;/b&gt; 1,427&lt;br/&gt;
&lt;br/&gt;
&lt;b&gt;Winner: Fateh&lt;/b&gt;
]]&gt;</description>
      <Polygon>
        <outerBoundaryIs>
          <LinearRing>
            <coordinates>-93.2474068476013,44.9483656198058 -93.2380578898618,44.9483656421156 -93.2368158750915,44.9462606430178 -93.2309698240526,44.9377106502702 -93.2473457451934,44.9377266097165 -93.2474218133011,44.9447676162894 -93.2474068476013,44.9483656198058</coordinates>
          </LinearRing>
        </outerBoundaryIs>
      </Polygon>
      <Style>
        <PolyStyle>
          <color>cc404085</color>
          <fill>1</fill>
          <outline>1</outline>
        </PolyStyle>
        <LineStyle>
          <color>ff000000</color>
          <width>1</width>
        </LineStyle>
      </Style>
    </Placemark>
    <Placemark>
      <name>Minneapolis W-9 P-7</name>
      <description>&lt;![CDATA[
&lt;h3&gt;Minneapolis W-9 P-7&lt;/h3&gt;
&lt;b&gt;RCV Final Round Results:&lt;/b&gt;&lt;br/&gt;
&lt;b style="color:blue;"&gt;Jacob Frey:&lt;/b&gt; 283 (33.6%)&lt;br/&gt;
&lt;b style="color:red;"&gt;Omar Fateh:&lt;/b&gt; 498 (59.1%)&lt;br/&gt;
&lt;b&gt;Exhausted:&lt;/b&gt; 62 (7.4%)&lt;br/&gt;
&lt;b&gt;Total Ballots:&lt;/b&gt; 843&lt;br/&gt;
&lt;br/&gt;
&lt;b&gt;Winner: Fateh&lt;/b&gt;
]]&gt;</description>
      <Polygon>
        <outerBoundaryIs>
          <LinearRing>
            <coordinates>-93.2473457451934,44.9377266097165 -93.247337709596,44.9341096064473 -93.2624677251792,44.9341415948706 -93.2625197599693,44.9377545985812 -93.2473457451934,44.9377266097165</coordinates>
          </LinearRing>
        </outerBoundaryIs>
      </Polygon>
      <Style>
        <PolyStyle>
          <color>cc404080</color>
          <fill>1</fill>
          <outline>1</outline>
        </PolyStyle>
        <LineStyle>
          <color>ff000000</color>
          <width>1</width>
        </LineStyle>
      </Style>
    </Placemark>
    <Placemark>
      <name>Minneapolis W-9 P-8</name>
      <description>&lt;![CDATA[
&lt;h3&gt;Minneapolis W-9 P-8&lt;/h3&gt;
&lt;b&gt;RCV Final Round Results:&lt;/b&gt;&lt;br/&gt;
&lt;b style="color:blue;"&gt;Jacob Frey:&lt;/b&gt; 320 (32.2%)&lt;br/&gt;
&lt;b style="color:red;"&gt;Omar Fateh:&lt;/b&gt; 602 (60.5%)&lt;br/&gt;
&lt;b&gt;Exhausted:&lt;/b&gt; 73 (7.3%)&lt;br/&gt;
&lt;b&gt;Total Ballots:&lt;/b&gt; 995&lt;br/&gt;
&lt;br/&gt;
&lt;b&gt;Winner: Fateh&lt;/b&gt;
]]&gt;</description>
      <Polygon>
        <outerBoundaryIs>
          <LinearRing>
            <coordinates>-93.220376010993,44.9532646885192 -93.2203759990681,44.95196668772 -93.2178350098717,44.9519626928993 -93.2178239665216,44.946801689144 -93.2270989243791,44.9468546668196 -93.2331708962941,44.9468456524241 -93.2316208848005,44.9447456544911 -93.2357948648549,44.9447686447636 -93.2370158764992,44.9465666429206 -93.2380578898618,44.9483656421156 -93.2383418881639,44.9483656414083 -93.2389208938542,44.9492106404935 -93.2404599035025,44.9510436386745 -93.2411719088696,44.9519536380258 -93.2416279126693,44.9526166371357 -93.2421699199852,44.9535656374111 -93.2432139337401,44.9555406363233 -93.2408379443735,44.9555466423619 -93.2401539378421,44.9545996419108 -93.2390649461067,44.9549606458485 -93.2381979385133,44.9537166463905 -93.2362779466073,44.9537116509587 -93.2362519385537,44.9528626505272 -93.2359549431681,44.953160651172 -93.2355429467481,44.9534086528346 -93.2351459502755,44.9535456534055 -93.2347039524887,44.9535876542658 -93.2299959726312,44.9535956651621 -93.22187100473,44.9532216845196 -93.220376010993,44.9532646885192</coordinates>
          </LinearRing>
        </outerBoundaryIs>
      </Polygon>
      <Style>
        <PolyStyle>
          <color>cc404084</color>
          <fill>1</fill>
          <outline>1</outline>
        </PolyStyle>
        <LineStyle>
          <color>ff000000</color>
          <width>1</width>
        </LineStyle>
      </Style>
    </Placemark>
    <Placemark>
      <name>Minneapolis W-9 P-9</name>
      <description>&lt;![CDATA[
&lt;h3&gt;Minneapolis W-9 P-9&lt;/h3&gt;
&lt;b&gt;RCV Final Round Results:&lt;/b&gt;&lt;br/&gt;
&lt;b style="color:blue;"&gt;Jacob Frey:&lt;/b&gt; 475 (40.4%)&lt;br/&gt;
&lt;b style="color:red;"&gt;Omar Fateh:&lt;/b&gt; 577 (49.1%)&lt;br/&gt;
&lt;b&gt;Exhausted:&lt;/b&gt; 124 (10.5%)&lt;br/&gt;
&lt;b&gt;Total Ballots:&lt;/b&gt; 1,176&lt;br/&gt;
&lt;br/&gt;
&lt;b&gt;Winner: Fateh&lt;/b&gt;
]]&gt;</description>
      <Polygon>
        <outerBoundaryIs>
          <LinearRing>
            <coordinates>-93.2178239665216,44.946801689144 -93.2178429186213,44.9414186847229 -93.2290808659862,44.9413436575207 -93.2265228449502,44.9377156606815 -93.2238988264701,44.934123663725 -93.2270608104281,44.9340716564457 -93.228718801562,44.9340756525925 -93.2312323982185,44.937711491087 -93.2309698240526,44.9377106502702 -93.2357948648549,44.9447686447636 -93.2316208848005,44.9447456544911 -93.2331708962941,44.9468456524241 -93.2270989243791,44.9468546668196 -93.2178239665216,44.946801689144</coordinates>
          </LinearRing>
        </outerBoundaryIs>
      </Polygon>
      <Style>
        <PolyStyle>
          <color>cc404061</color>
          <fill>1</fill>
          <outline>1</outline>
        </PolyStyle>
        <LineStyle>
          <color>ff000000</color>
          <width>1</width>
        </LineStyle>
      </Style>
    </Placemark>
    <Placemark>
      <name>Minneapolis W-10 P-1</name>
      <description>&lt;![CDATA[
&lt;h3&gt;Minneapolis W-10 P-1&lt;/h3&gt;
&lt;b&gt;RCV Final Round Results:&lt;/b&gt;&lt;br/&gt;
&lt;b style="color:blue;"&gt;Jacob Frey:&lt;/b&gt; 614 (28.7%)&lt;br/&gt;
&lt;b style="color:red;"&gt;Omar Fateh:&lt;/b&gt; 1,435 (67.0%)&lt;br/&gt;
&lt;b&gt;Exhausted:&lt;/b&gt; 94 (4.4%)&lt;br/&gt;
&lt;b&gt;Total Ballots:&lt;/b&gt; 2,143&lt;br/&gt;
&lt;br/&gt;
&lt;b&gt;Winner: Fateh&lt;/b&gt;
]]&gt;</description>
      <Polygon>
        <outerBoundaryIs>
          <LinearRing>
            <coordinates>-93.2879570633605,44.9654846037102 -93.2880639432961,44.951943595384 -93.2982489623362,44.9519475899329 -93.2982569645268,44.9521875904919 -93.2967819902752,44.9555365928838 -93.2927180306154,44.9609115979882 -93.2918100397269,44.9621635989335 -93.2917520419616,44.9623755991607 -93.2915490443768,44.9626965994542 -93.2900550571171,44.9643956020662 -93.2892640654852,44.965416602513 -93.2887350694042,44.9660366040651 -93.2886170712854,44.9662796040959 -93.2882470822771,44.9675796046183 -93.2881720833436,44.9677116055084 -93.2881030875034,44.9680806053494 -93.2881920739321,44.9665906043701 -93.2881580667523,44.9658826046898 -93.2880550636223,44.9654756038655 -93.2879570633605,44.9654846037102</coordinates>
          </LinearRing>
        </outerBoundaryIs>
      </Polygon>
      <Style>
        <PolyStyle>
          <color>cc404098</color>
          <fill>1</fill>
          <outline>1</outline>
        </PolyStyle>
        <LineStyle>
          <color>ff000000</color>
          <width>1</width>
        </LineStyle>
      </Style>
    </Placemark>
    <Placemark>
      <name>Minneapolis W-10 P-2</name>
      <description>&lt;![CDATA[
&lt;h3&gt;Minneapolis W-10 P-2&lt;/h3&gt;
&lt;b&gt;RCV Final Round Results:&lt;/b&gt;&lt;br/&gt;
&lt;b style="color:blue;"&gt;Jacob Frey:&lt;/b&gt; 293 (26.3%)&lt;br/&gt;
&lt;b style="color:red;"&gt;Omar Fateh:&lt;/b&gt; 776 (69.5%)&lt;br/&gt;
&lt;b&gt;Exhausted:&lt;/b&gt; 47 (4.2%)&lt;br/&gt;
&lt;b&gt;Total Ballots:&lt;/b&gt; 1,116&lt;br/&gt;
&lt;br/&gt;
&lt;b&gt;Winner: Fateh&lt;/b&gt;
]]&gt;</description>
      <Polygon>
        <outerBoundaryIs>
          <LinearRing>
            <coordinates>-93.2880639432961,44.951943595384 -93.2880869115914,44.9483575928872 -93.2982719318975,44.9483575879125 -93.2982489623362,44.9519475899329 -93.2880639432961,44.951943595384</coordinates>
          </LinearRing>
        </outerBoundaryIs>
      </Polygon>
      <Style>
        <PolyStyle>
          <color>cc4040a0</color>
          <fill>1</fill>
          <outline>1</outline>
        </PolyStyle>
        <LineStyle>
          <color>ff000000</color>
          <width>1</width>
        </LineStyle>
      </Style>
    </Placemark>
    <Placemark>
      <name>Minneapolis W-10 P-3</name>
      <description>&lt;![CDATA[
&lt;h3&gt;Minneapolis W-10 P-3&lt;/h3&gt;
&lt;b&gt;RCV Final Round Results:&lt;/b&gt;&lt;br/&gt;
&lt;b style="color:blue;"&gt;Jacob Frey:&lt;/b&gt; 830 (52.2%)&lt;br/&gt;
&lt;b style="color:red;"&gt;Omar Fateh:&lt;/b&gt; 703 (44.2%)&lt;br/&gt;
&lt;b&gt;Exhausted:&lt;/b&gt; 57 (3.6%)&lt;br/&gt;
&lt;b&gt;Total Ballots:&lt;/b&gt; 1,590&lt;br/&gt;
&lt;br/&gt;
&lt;b&gt;Winner: Frey&lt;/b&gt;
]]&gt;</description>
      <Polygon>
        <outerBoundaryIs>
          <LinearRing>
            <coordinates>-93.3049929521635,44.9492615849472 -93.2982719389885,44.9492505885824 -93.298385839553,44.937699581794 -93.3040048516091,44.9377105795026 -93.3041878471577,44.9371445791265 -93.3043328453465,44.9368715788169 -93.3045018440352,44.9366095787082 -93.3049398400444,44.9361195787363 -93.3054858376181,44.9356855787734 -93.3071728342331,44.9347275772607 -93.3077068338946,44.934500576376 -93.3079158362029,44.9348405770727 -93.3076988364447,44.9349525775254 -93.3074208368135,44.9350335767655 -93.3065398379707,44.9354815775111 -93.3053058426327,44.936277578416 -93.3048968457006,44.9367415791939 -93.3045178504603,44.9373515798345 -93.3043578535988,44.9377515795811 -93.3042678589925,44.9385395799008 -93.3042008606411,44.9387695802278 -93.3042148647566,44.93909957981 -93.3041248660556,44.9393865809773 -93.3039888728512,44.9401385809271 -93.3038668807699,44.9411285821274 -93.3039328876332,44.9419705818952 -93.3038988931526,44.9426225827389 -93.303936894976,44.9428175824373 -93.304156899102,44.943222581835 -93.3045999056941,44.9438595830296 -93.304869910829,44.9443725825492 -93.3051829150398,44.9448075827883 -93.3053719192761,44.9452715834633 -93.3057679261435,44.9459505829598 -93.3059909301874,44.9463905830015 -93.3063059381632,44.9472475837449 -93.3065719425462,44.9478155829617 -93.3066689466987,44.948241583159 -93.3070299540148,44.9489265835274 -93.3070279555358,44.949178584049 -93.3071929560808,44.9492265836771 -93.3071409563707,44.9492975838089 -93.3054739460844,44.9484835847066 -93.3050009450082,44.9483735842863 -93.3049929521635,44.9492615849472</coordinates>
          </LinearRing>
        </outerBoundaryIs>
      </Polygon>
      <Style>
        <PolyStyle>
          <color>cc6a4040</color>
          <fill>1</fill>
          <outline>1</outline>
        </PolyStyle>
        <LineStyle>
          <color>ff000000</color>
          <width>1</width>
        </LineStyle>
      </Style>
    </Placemark>
    <Placemark>
      <name>Minneapolis W-10 P-4</name>
      <description>&lt;![CDATA[
&lt;h3&gt;Minneapolis W-10 P-4&lt;/h3&gt;
&lt;b&gt;RCV Final Round Results:&lt;/b&gt;&lt;br/&gt;
&lt;b style="color:blue;"&gt;Jacob Frey:&lt;/b&gt; 387 (31.7%)&lt;br/&gt;
&lt;b style="color:red;"&gt;Omar Fateh:&lt;/b&gt; 772 (63.3%)&lt;br/&gt;
&lt;b&gt;Exhausted:&lt;/b&gt; 61 (5.0%)&lt;br/&gt;
&lt;b&gt;Total Ballots:&lt;/b&gt; 1,220&lt;br/&gt;
&lt;br/&gt;
&lt;b&gt;Winner: Fateh&lt;/b&gt;
]]&gt;</description>
      <Polygon>
        <outerBoundaryIs>
          <LinearRing>
            <coordinates>-93.2880869115914,44.9483575928872 -93.2881478627838,44.942929589336 -93.2983328842098,44.9428875849696 -93.2982719318975,44.9483575879125 -93.2880869115914,44.9483575928872</coordinates>
          </LinearRing>
        </outerBoundaryIs>
      </Polygon>
      <Style>
        <PolyStyle>
          <color>cc40408d</color>
          <fill>1</fill>
          <outline>1</outline>
        </PolyStyle>
        <LineStyle>
          <color>ff000000</color>
          <width>1</width>
        </LineStyle>
      </Style>
    </Placemark>
    <Placemark>
      <name>Minneapolis W-10 P-5</name>
      <description>&lt;![CDATA[
&lt;h3&gt;Minneapolis W-10 P-5&lt;/h3&gt;
&lt;b&gt;RCV Final Round Results:&lt;/b&gt;&lt;br/&gt;
&lt;b style="color:blue;"&gt;Jacob Frey:&lt;/b&gt; 497 (35.4%)&lt;br/&gt;
&lt;b style="color:red;"&gt;Omar Fateh:&lt;/b&gt; 852 (60.7%)&lt;br/&gt;
&lt;b&gt;Exhausted:&lt;/b&gt; 54 (3.8%)&lt;br/&gt;
&lt;b&gt;Total Ballots:&lt;/b&gt; 1,403&lt;br/&gt;
&lt;br/&gt;
&lt;b&gt;Winner: Fateh&lt;/b&gt;
]]&gt;</description>
      <Polygon>
        <outerBoundaryIs>
          <LinearRing>
            <coordinates>-93.2882008170586,44.9377105865595 -93.298385839553,44.937699581794 -93.2983328842098,44.9428875849696 -93.2881478627838,44.942929589336 -93.2882008170586,44.9377105865595</coordinates>
          </LinearRing>
        </outerBoundaryIs>
      </Polygon>
      <Style>
        <PolyStyle>
          <color>cc404085</color>
          <fill>1</fill>
          <outline>1</outline>
        </PolyStyle>
        <LineStyle>
          <color>ff000000</color>
          <width>1</width>
        </LineStyle>
      </Style>
    </Placemark>
    <Placemark>
      <name>Minneapolis W-10 P-6</name>
      <description>&lt;![CDATA[
&lt;h3&gt;Minneapolis W-10 P-6&lt;/h3&gt;
&lt;b&gt;RCV Final Round Results:&lt;/b&gt;&lt;br/&gt;
&lt;b style="color:blue;"&gt;Jacob Frey:&lt;/b&gt; 327 (24.2%)&lt;br/&gt;
&lt;b style="color:red;"&gt;Omar Fateh:&lt;/b&gt; 968 (71.7%)&lt;br/&gt;
&lt;b&gt;Exhausted:&lt;/b&gt; 55 (4.1%)&lt;br/&gt;
&lt;b&gt;Total Ballots:&lt;/b&gt; 1,350&lt;br/&gt;
&lt;br/&gt;
&lt;b&gt;Winner: Fateh&lt;/b&gt;
]]&gt;</description>
      <Polygon>
        <outerBoundaryIs>
          <LinearRing>
            <coordinates>-93.2842490316512,44.9626966043739 -93.2842030003198,44.9591076024555 -93.2842179675822,44.9555295999119 -93.2854929709608,44.9555335998205 -93.2855079545805,44.9537285980764 -93.2842339523519,44.9537325986059 -93.284286904295,44.9483535956265 -93.2880869115914,44.9483575928872 -93.2879950386736,44.9626936018532 -93.2842490316512,44.9626966043739</coordinates>
          </LinearRing>
        </outerBoundaryIs>
      </Polygon>
      <Style>
        <PolyStyle>
          <color>cc4040a7</color>
          <fill>1</fill>
          <outline>1</outline>
        </PolyStyle>
        <LineStyle>
          <color>ff000000</color>
          <width>1</width>
        </LineStyle>
      </Style>
    </Placemark>
    <Placemark>
      <name>Minneapolis W-10 P-7</name>
      <description>&lt;![CDATA[
&lt;h3&gt;Minneapolis W-10 P-7&lt;/h3&gt;
&lt;b&gt;RCV Final Round Results:&lt;/b&gt;&lt;br/&gt;
&lt;b style="color:blue;"&gt;Jacob Frey:&lt;/b&gt; 228 (27.7%)&lt;br/&gt;
&lt;b style="color:red;"&gt;Omar Fateh:&lt;/b&gt; 566 (68.7%)&lt;br/&gt;
&lt;b&gt;Exhausted:&lt;/b&gt; 30 (3.6%)&lt;br/&gt;
&lt;b&gt;Total Ballots:&lt;/b&gt; 824&lt;br/&gt;
&lt;br/&gt;
&lt;b&gt;Winner: Fateh&lt;/b&gt;
]]&gt;</description>
      <Polygon>
        <outerBoundaryIs>
          <LinearRing>
            <coordinates>-93.2778100210566,44.9626896083935 -93.2778709555212,44.9555256033245 -93.2842179675822,44.9555295999119 -93.2842030003198,44.9591076024555 -93.2842490316512,44.9626966043739 -93.2778100210566,44.9626896083935</coordinates>
          </LinearRing>
        </outerBoundaryIs>
      </Polygon>
      <Style>
        <PolyStyle>
          <color>cc40409d</color>
          <fill>1</fill>
          <outline>1</outline>
        </PolyStyle>
        <LineStyle>
          <color>ff000000</color>
          <width>1</width>
        </LineStyle>
      </Style>
    </Placemark>
    <Placemark>
      <name>Minneapolis W-10 P-8</name>
      <description>&lt;![CDATA[
&lt;h3&gt;Minneapolis W-10 P-8&lt;/h3&gt;
&lt;b&gt;RCV Final Round Results:&lt;/b&gt;&lt;br/&gt;
&lt;b style="color:blue;"&gt;Jacob Frey:&lt;/b&gt; 171 (26.9%)&lt;br/&gt;
&lt;b style="color:red;"&gt;Omar Fateh:&lt;/b&gt; 441 (69.3%)&lt;br/&gt;
&lt;b&gt;Exhausted:&lt;/b&gt; 24 (3.8%)&lt;br/&gt;
&lt;b&gt;Total Ballots:&lt;/b&gt; 636&lt;br/&gt;
&lt;br/&gt;
&lt;b&gt;Winner: Fateh&lt;/b&gt;
]]&gt;</description>
      <Polygon>
        <outerBoundaryIs>
          <LinearRing>
            <coordinates>-93.2854929709608,44.9555335998205 -93.2778709555212,44.9555256033245 -93.2779169090217,44.9503105996967 -93.2766399058561,44.9503116007263 -93.2766728885008,44.9483465988103 -93.284286904295,44.9483535956265 -93.2842339523519,44.9537325986059 -93.2855079545805,44.9537285980764 -93.2854929709608,44.9555335998205</coordinates>
          </LinearRing>
        </outerBoundaryIs>
      </Polygon>
      <Style>
        <PolyStyle>
          <color>cc40409f</color>
          <fill>1</fill>
          <outline>1</outline>
        </PolyStyle>
        <LineStyle>
          <color>ff000000</color>
          <width>1</width>
        </LineStyle>
      </Style>
    </Placemark>
    <Placemark>
      <name>Minneapolis W-10 P-9</name>
      <description>&lt;![CDATA[
&lt;h3&gt;Minneapolis W-10 P-9&lt;/h3&gt;
&lt;b&gt;RCV Final Round Results:&lt;/b&gt;&lt;br/&gt;
&lt;b style="color:blue;"&gt;Jacob Frey:&lt;/b&gt; 254 (23.4%)&lt;br/&gt;
&lt;b style="color:red;"&gt;Omar Fateh:&lt;/b&gt; 783 (72.2%)&lt;br/&gt;
&lt;b&gt;Exhausted:&lt;/b&gt; 48 (4.4%)&lt;br/&gt;
&lt;b&gt;Total Ballots:&lt;/b&gt; 1,085&lt;br/&gt;
&lt;br/&gt;
&lt;b&gt;Winner: Fateh&lt;/b&gt;
]]&gt;</description>
      <Polygon>
        <outerBoundaryIs>
          <LinearRing>
            <coordinates>-93.2696900088236,44.9626856140905 -93.2697629835297,44.9600786120719 -93.2696789800044,44.9595666120913 -93.269570976386,44.959299611287 -93.2694289708641,44.9587026106631 -93.269336963727,44.9579746108593 -93.2693599604633,44.957580610091 -93.2694659540941,44.9569406092373 -93.2696469500283,44.956451608964 -93.2702029432516,44.9555216080764 -93.2731809150933,44.9519326036529 -93.2734799131049,44.951613603757 -93.2739759069631,44.950941602721 -93.2744418996541,44.94999460154 -93.2745438964579,44.9496636016209 -93.2745908923866,44.949290601749 -93.2746198842436,44.9483466004448 -93.2766728885008,44.9483465988103 -93.2766399058561,44.9503116007263 -93.2779169090217,44.9503105996967 -93.2778100210566,44.9626896083935 -93.2696900088236,44.9626856140905</coordinates>
          </LinearRing>
        </outerBoundaryIs>
      </Polygon>
      <Style>
        <PolyStyle>
          <color>cc4040a8</color>
          <fill>1</fill>
          <outline>1</outline>
        </PolyStyle>
        <LineStyle>
          <color>ff000000</color>
          <width>1</width>
        </LineStyle>
      </Style>
    </Placemark>
    <Placemark>
      <name>Minneapolis W-11 P-1</name>
      <description>&lt;![CDATA[
&lt;h3&gt;Minneapolis W-11 P-1&lt;/h3&gt;
&lt;b&gt;RCV Final Round Results:&lt;/b&gt;&lt;br/&gt;
&lt;b style="color:blue;"&gt;Jacob Frey:&lt;/b&gt; 807 (62.9%)&lt;br/&gt;
&lt;b style="color:red;"&gt;Omar Fateh:&lt;/b&gt; 396 (30.8%)&lt;br/&gt;
&lt;b&gt;Exhausted:&lt;/b&gt; 81 (6.3%)&lt;br/&gt;
&lt;b&gt;Total Ballots:&lt;/b&gt; 1,284&lt;br/&gt;
&lt;br/&gt;
&lt;b&gt;Winner: Frey&lt;/b&gt;
]]&gt;</description>
      <Polygon>
        <outerBoundaryIs>
          <LinearRing>
            <coordinates>-93.2750416213213,44.9196545794061 -93.2750375539857,44.9124205745087 -93.2767415583843,44.9124085735857 -93.2767945610244,44.912606573548 -93.2768705617131,44.9126905739852 -93.2770925635954,44.912808573893 -93.2773665646087,44.9128425738661 -93.2780075664349,44.9128355742496 -93.2782595650949,44.9126025737608 -93.278549565142,44.9124305734855 -93.2787095643528,44.9123775731705 -93.279052565485,44.9123355735094 -93.2804715679714,44.9122785725309 -93.280616569022,44.9123055726959 -93.2813265743017,44.9125945728604 -93.2816775747733,44.9126565726589 -93.2831495785154,44.9126145725467 -93.2837525785379,44.9123505726265 -93.2882465906598,44.9123015714838 -93.2883076563836,44.919560575876 -93.2750416213213,44.9196545794061</coordinates>
          </LinearRing>
        </outerBoundaryIs>
      </Polygon>
      <Style>
        <PolyStyle>
          <color>cc8b4040</color>
          <fill>1</fill>
          <outline>1</outline>
        </PolyStyle>
        <LineStyle>
          <color>ff000000</color>
          <width>1</width>
        </LineStyle>
      </Style>
    </Placemark>
    <Placemark>
      <name>Minneapolis W-11 P-2</name>
      <description>&lt;![CDATA[
&lt;h3&gt;Minneapolis W-11 P-2&lt;/h3&gt;
&lt;b&gt;RCV Final Round Results:&lt;/b&gt;&lt;br/&gt;
&lt;b style="color:blue;"&gt;Jacob Frey:&lt;/b&gt; 1,054 (67.6%)&lt;br/&gt;
&lt;b style="color:red;"&gt;Omar Fateh:&lt;/b&gt; 391 (25.1%)&lt;br/&gt;
&lt;b&gt;Exhausted:&lt;/b&gt; 115 (7.4%)&lt;br/&gt;
&lt;b&gt;Total Ballots:&lt;/b&gt; 1,560&lt;br/&gt;
&lt;br/&gt;
&lt;b&gt;Winner: Frey&lt;/b&gt;
]]&gt;</description>
      <Polygon>
        <outerBoundaryIs>
          <LinearRing>
            <coordinates>-93.2767415583843,44.9124085735857 -93.2746725536168,44.9124255741995 -93.2746315314191,44.9100855726246 -93.2747364725377,44.9035335678791 -93.2750854735146,44.9035755677359 -93.2751184543646,44.9014795661311 -93.2755204558493,44.9015285666358 -93.2882844941282,44.9014365644754 -93.2882465906598,44.9123015714838 -93.2837525785379,44.9123505726265 -93.2831495785154,44.9126145725467 -93.2816775747733,44.9126565726589 -93.2813265743017,44.9125945728604 -93.280616569022,44.9123055726959 -93.2804715679714,44.9122785725309 -93.279052565485,44.9123355735094 -93.2787095643528,44.9123775731705 -93.278549565142,44.9124305734855 -93.2782595650949,44.9126025737608 -93.2780075664349,44.9128355742496 -93.2773665646087,44.9128425738661 -93.2770925635954,44.912808573893 -93.2768705617131,44.9126905739852 -93.2767945610244,44.912606573548 -93.2767415583843,44.9124085735857</coordinates>
          </LinearRing>
        </outerBoundaryIs>
      </Polygon>
      <Style>
        <PolyStyle>
          <color>cc9a4040</color>
          <fill>1</fill>
          <outline>1</outline>
        </PolyStyle>
        <LineStyle>
          <color>ff000000</color>
          <width>1</width>
        </LineStyle>
      </Style>
    </Placemark>
    <Placemark>
      <name>Minneapolis W-11 P-3</name>
      <description>&lt;![CDATA[
&lt;h3&gt;Minneapolis W-11 P-3&lt;/h3&gt;
&lt;b&gt;RCV Final Round Results:&lt;/b&gt;&lt;br/&gt;
&lt;b style="color:blue;"&gt;Jacob Frey:&lt;/b&gt; 660 (58.2%)&lt;br/&gt;
&lt;b style="color:red;"&gt;Omar Fateh:&lt;/b&gt; 392 (34.6%)&lt;br/&gt;
&lt;b&gt;Exhausted:&lt;/b&gt; 82 (7.2%)&lt;br/&gt;
&lt;b&gt;Total Ballots:&lt;/b&gt; 1,134&lt;br/&gt;
&lt;br/&gt;
&lt;b&gt;Winner: Frey&lt;/b&gt;
]]&gt;</description>
      <Polygon>
        <outerBoundaryIs>
          <LinearRing>
            <coordinates>-93.2747364725377,44.9035335678791 -93.2747663969869,44.8954605622654 -93.2748123861675,44.8942655613241 -93.2749503733671,44.8928255597424 -93.2751823673187,44.8920345594322 -93.275412364856,44.891629559278 -93.2756413629098,44.891372558379 -93.2763163600573,44.8908415591723 -93.2768025733732,44.890555663954 -93.2775631014775,44.8902685376333 -93.2783811033372,44.8901175373669 -93.2790311052238,44.8900525374909 -93.2899941448976,44.8901015366474 -93.2921071524549,44.8900585361644 -93.2932241551897,44.8898975362752 -93.2936291548479,44.8897885361001 -93.2950271620457,44.8899915359063 -93.2957834137932,44.8901455502041 -93.2955714226399,44.8907515573367 -93.2953674259242,44.8911155577498 -93.2948384295398,44.8917785587159 -93.2937724362024,44.8928565585409 -93.2914354460501,44.8948825603082 -93.2908344493778,44.895497561224 -93.2902744539401,44.8961825612432 -93.2893204650067,44.8978275622839 -93.2887564738403,44.8990445632576 -93.2885144810778,44.899839563668 -93.2882864890325,44.9008465642585 -93.2882844941282,44.9014365644754 -93.2755204558493,44.9015285666358 -93.2751184543646,44.9014795661311 -93.2750854735146,44.9035755677359 -93.2747364725377,44.9035335678791</coordinates>
          </LinearRing>
        </outerBoundaryIs>
      </Polygon>
      <Style>
        <PolyStyle>
          <color>cc7d4040</color>
          <fill>1</fill>
          <outline>1</outline>
        </PolyStyle>
        <LineStyle>
          <color>ff000000</color>
          <width>1</width>
        </LineStyle>
      </Style>
    </Placemark>
    <Placemark>
      <name>Minneapolis W-11 P-4</name>
      <description>&lt;![CDATA[
&lt;h3&gt;Minneapolis W-11 P-4&lt;/h3&gt;
&lt;b&gt;RCV Final Round Results:&lt;/b&gt;&lt;br/&gt;
&lt;b style="color:blue;"&gt;Jacob Frey:&lt;/b&gt; 743 (65.6%)&lt;br/&gt;
&lt;b style="color:red;"&gt;Omar Fateh:&lt;/b&gt; 320 (28.2%)&lt;br/&gt;
&lt;b&gt;Exhausted:&lt;/b&gt; 70 (6.2%)&lt;br/&gt;
&lt;b&gt;Total Ballots:&lt;/b&gt; 1,133&lt;br/&gt;
&lt;br/&gt;
&lt;b&gt;Winner: Frey&lt;/b&gt;
]]&gt;</description>
      <Polygon>
        <outerBoundaryIs>
          <LinearRing>
            <coordinates>-93.2626345210362,44.9124765772124 -93.262611450715,44.9052365706728 -93.2626574335084,44.9034075694012 -93.2671434475801,44.9033825689201 -93.267257449366,44.9035545688295 -93.2673494526513,44.9038665692772 -93.2686484560638,44.9037915688206 -93.2696164577485,44.9036935682583 -93.270149457162,44.903497568233 -93.2707034562234,44.903160567542 -93.2710404559582,44.9030845683319 -93.2747364725377,44.9035335678791 -93.2746315314191,44.9100855726246 -93.2746725536168,44.9124255741995 -93.2703245415291,44.9124615752801 -93.2699435402945,44.9124085748688 -93.2696155409971,44.9125755757629 -93.2692265402651,44.9126635751211 -93.2664645334142,44.9127095763493 -93.266098532305,44.9126485765766 -93.2657545296038,44.9125035764962 -93.2655415265498,44.9123435758367 -93.2651975226747,44.9119845758545 -93.2651905274308,44.9124805766909 -93.2626345210362,44.9124765772124</coordinates>
          </LinearRing>
        </outerBoundaryIs>
      </Polygon>
      <Style>
        <PolyStyle>
          <color>cc944040</color>
          <fill>1</fill>
          <outline>1</outline>
        </PolyStyle>
        <LineStyle>
          <color>ff000000</color>
          <width>1</width>
        </LineStyle>
      </Style>
    </Placemark>
    <Placemark>
      <name>Minneapolis W-11 P-5</name>
      <description>&lt;![CDATA[
&lt;h3&gt;Minneapolis W-11 P-5&lt;/h3&gt;
&lt;b&gt;RCV Final Round Results:&lt;/b&gt;&lt;br/&gt;
&lt;b style="color:blue;"&gt;Jacob Frey:&lt;/b&gt; 689 (66.1%)&lt;br/&gt;
&lt;b style="color:red;"&gt;Omar Fateh:&lt;/b&gt; 292 (28.0%)&lt;br/&gt;
&lt;b&gt;Exhausted:&lt;/b&gt; 61 (5.9%)&lt;br/&gt;
&lt;b&gt;Total Ballots:&lt;/b&gt; 1,042&lt;br/&gt;
&lt;br/&gt;
&lt;b&gt;Winner: Frey&lt;/b&gt;
]]&gt;</description>
      <Polygon>
        <outerBoundaryIs>
          <LinearRing>
            <coordinates>-93.2626574335084,44.9034075694012 -93.2628703315427,44.8925105603988 -93.2616293270873,44.8925105601974 -93.2616810918433,44.8905192771654 -93.265606062514,44.890645539254 -93.2768025733732,44.890555663954 -93.2762133602063,44.8909135587369 -93.2756413629098,44.891372558379 -93.275412364856,44.891629559278 -93.2751823673187,44.8920345594322 -93.2749503733671,44.8928255597424 -93.2748123861675,44.8942655613241 -93.2747663969869,44.8954605622654 -93.2747364725377,44.9035335678791 -93.2710404559582,44.9030845683319 -93.2707034562234,44.903160567542 -93.270149457162,44.903497568233 -93.2696164577485,44.9036935682583 -93.2686484560638,44.9037915688206 -93.2673494526513,44.9038665692772 -93.267257449366,44.9035545688295 -93.2671434475801,44.9033825689201 -93.2626574335084,44.9034075694012</coordinates>
          </LinearRing>
        </outerBoundaryIs>
      </Polygon>
      <Style>
        <PolyStyle>
          <color>cc954040</color>
          <fill>1</fill>
          <outline>1</outline>
        </PolyStyle>
        <LineStyle>
          <color>ff000000</color>
          <width>1</width>
        </LineStyle>
      </Style>
    </Placemark>
    <Placemark>
      <name>Minneapolis W-11 P-6</name>
      <description>&lt;![CDATA[
&lt;h3&gt;Minneapolis W-11 P-6&lt;/h3&gt;
&lt;b&gt;RCV Final Round Results:&lt;/b&gt;&lt;br/&gt;
&lt;b style="color:blue;"&gt;Jacob Frey:&lt;/b&gt; 486 (48.1%)&lt;br/&gt;
&lt;b style="color:red;"&gt;Omar Fateh:&lt;/b&gt; 455 (45.0%)&lt;br/&gt;
&lt;b&gt;Exhausted:&lt;/b&gt; 69 (6.8%)&lt;br/&gt;
&lt;b&gt;Total Ballots:&lt;/b&gt; 1,010&lt;br/&gt;
&lt;br/&gt;
&lt;b&gt;Winner: Frey&lt;/b&gt;
]]&gt;</description>
      <Polygon>
        <outerBoundaryIs>
          <LinearRing>
            <coordinates>-93.2473146228778,44.9251415984351 -93.2472615528693,44.9179015918335 -93.2626155711576,44.9178995811325 -93.2625276396728,44.92513258739 -93.2473146228778,44.9251415984351</coordinates>
          </LinearRing>
        </outerBoundaryIs>
      </Polygon>
      <Style>
        <PolyStyle>
          <color>cc5e4040</color>
          <fill>1</fill>
          <outline>1</outline>
        </PolyStyle>
        <LineStyle>
          <color>ff000000</color>
          <width>1</width>
        </LineStyle>
      </Style>
    </Placemark>
    <Placemark>
      <name>Minneapolis W-11 P-7</name>
      <description>&lt;![CDATA[
&lt;h3&gt;Minneapolis W-11 P-7&lt;/h3&gt;
&lt;b&gt;RCV Final Round Results:&lt;/b&gt;&lt;br/&gt;
&lt;b style="color:blue;"&gt;Jacob Frey:&lt;/b&gt; 711 (61.6%)&lt;br/&gt;
&lt;b style="color:red;"&gt;Omar Fateh:&lt;/b&gt; 352 (30.5%)&lt;br/&gt;
&lt;b&gt;Exhausted:&lt;/b&gt; 91 (7.9%)&lt;br/&gt;
&lt;b&gt;Total Ballots:&lt;/b&gt; 1,154&lt;br/&gt;
&lt;br/&gt;
&lt;b&gt;Winner: Frey&lt;/b&gt;
]]&gt;</description>
      <Polygon>
        <outerBoundaryIs>
          <LinearRing>
            <coordinates>-93.2447786352569,44.9251186049431 -93.2447666192241,44.9233106027957 -93.2460406114849,44.9233146000076 -93.2459945419572,44.9160395933907 -93.2472995352423,44.9160495896645 -93.2472995260601,44.9150695892117 -93.2477905221543,44.9150105881443 -93.2482235192386,44.9150005861366 -93.2485915183917,44.9150485858692 -93.2490505160931,44.9151625843006 -93.2494285147907,44.9152045839277 -93.2497275125921,44.9151825831225 -93.2502405106458,44.9150755824769 -93.250661511457,44.9150615817889 -93.2508765118837,44.915011582036 -93.2513525104711,44.9147725817148 -93.2518705083126,44.9143075806748 -93.2525985066562,44.9139165807513 -93.2528075044593,44.9137355798669 -93.2530435023327,44.9133915803381 -93.2533015019876,44.9133235800926 -93.2534555015814,44.9132035801167 -93.2536205015589,44.9131535790312 -93.2540535018747,44.9131465797119 -93.2545055018182,44.9129895798594 -93.2547845031355,44.9129645791692 -93.2549365034419,44.9130195792711 -93.2553785082102,44.9132995796435 -93.2555175090249,44.9133305797054 -93.2557765094803,44.9133165795698 -93.2561455098486,44.9132485789732 -93.2565985094848,44.9130895791415 -93.2580515053192,44.9123645779674 -93.2584775061271,44.9121945780256 -93.258616506057,44.9121855781053 -93.2589745086719,44.912387578094 -93.2591315102518,44.91240257766 -93.2594115101765,44.91232757758 -93.2597725088118,44.9121285771402 -93.2602315064541,44.9117385766823 -93.260511503835,44.9114415764137 -93.2606935034099,44.911380577091 -93.2610935042085,44.9113125761366 -93.2620035070146,44.9112785758726 -93.2626345086006,44.9111875763937 -93.2626155711576,44.9178995811325 -93.2472615528693,44.9179015918335 -93.2473146229934,44.9251265983104 -93.2447786352569,44.9251186049431</coordinates>
          </LinearRing>
        </outerBoundaryIs>
      </Polygon>
      <Style>
        <PolyStyle>
          <color>cc874040</color>
          <fill>1</fill>
          <outline>1</outline>
        </PolyStyle>
        <LineStyle>
          <color>ff000000</color>
          <width>1</width>
        </LineStyle>
      </Style>
    </Placemark>
    <Placemark>
      <name>Minneapolis W-11 P-8</name>
      <description>&lt;![CDATA[
&lt;h3&gt;Minneapolis W-11 P-8&lt;/h3&gt;
&lt;b&gt;RCV Final Round Results:&lt;/b&gt;&lt;br/&gt;
&lt;b style="color:blue;"&gt;Jacob Frey:&lt;/b&gt; 1,167 (64.7%)&lt;br/&gt;
&lt;b style="color:red;"&gt;Omar Fateh:&lt;/b&gt; 554 (30.7%)&lt;br/&gt;
&lt;b&gt;Exhausted:&lt;/b&gt; 83 (4.6%)&lt;br/&gt;
&lt;b&gt;Total Ballots:&lt;/b&gt; 1,804&lt;br/&gt;
&lt;br/&gt;
&lt;b&gt;Winner: Frey&lt;/b&gt;
]]&gt;</description>
      <Polygon>
        <outerBoundaryIs>
          <LinearRing>
            <coordinates>-93.2472995260601,44.9150695892117 -93.2472745244699,44.9149695889934 -93.2473294654816,44.9088525835495 -93.2475053865979,44.9008995754673 -93.2492603756501,44.9008575715041 -93.2511973831679,44.9016655696649 -93.2525253963298,44.9026655699803 -93.2532504086072,44.9036265713716 -93.2538374079116,44.903424570994 -93.2576214191675,44.9034355703356 -93.2626574335084,44.9034075694012 -93.262611450715,44.9052365706728 -93.2626345086006,44.9111875763937 -93.2620035070146,44.9112785758726 -93.2610935042085,44.9113125761366 -93.2606935034099,44.911380577091 -93.260511503835,44.9114415764137 -93.2602315064541,44.9117385766823 -93.2597725088118,44.9121285771402 -93.2594115101765,44.91232757758 -93.2591315102518,44.91240257766 -93.2589745086719,44.912387578094 -93.258616506057,44.9121855781053 -93.2584775061271,44.9121945780256 -93.2580515053192,44.9123645779674 -93.2565985094848,44.9130895791415 -93.2561455098486,44.9132485789732 -93.2557765094803,44.9133165795698 -93.2555175090249,44.9133305797054 -93.2553785082102,44.9132995796435 -93.2549365034419,44.9130195792711 -93.2547845031355,44.9129645791692 -93.2545055018182,44.9129895798594 -93.2540535018747,44.9131465797119 -93.2536205015589,44.9131535790312 -93.2534555015814,44.9132035801167 -93.2533015019876,44.9133235800926 -93.2530435023327,44.9133915803381 -93.2528075044593,44.9137355798669 -93.2525985066562,44.9139165807513 -93.2518705083126,44.9143075806748 -93.2513525104711,44.9147725817148 -93.2508765118837,44.915011582036 -93.250661511457,44.9150615817889 -93.2502405106458,44.9150755824769 -93.2497275125921,44.9151825831225 -93.2494285147907,44.9152045839277 -93.2490505160931,44.9151625843006 -93.2485915183917,44.9150485858692 -93.2482235192386,44.9150005861366 -93.2477905221543,44.9150105881443 -93.2472995260601,44.9150695892117</coordinates>
          </LinearRing>
        </outerBoundaryIs>
      </Polygon>
      <Style>
        <PolyStyle>
          <color>cc914040</color>
          <fill>1</fill>
          <outline>1</outline>
        </PolyStyle>
        <LineStyle>
          <color>ff000000</color>
          <width>1</width>
        </LineStyle>
      </Style>
    </Placemark>
    <Placemark>
      <name>Minneapolis W-11 P-9</name>
      <description>&lt;![CDATA[
&lt;h3&gt;Minneapolis W-11 P-9&lt;/h3&gt;
&lt;b&gt;RCV Final Round Results:&lt;/b&gt;&lt;br/&gt;
&lt;b style="color:blue;"&gt;Jacob Frey:&lt;/b&gt; 849 (69.0%)&lt;br/&gt;
&lt;b style="color:red;"&gt;Omar Fateh:&lt;/b&gt; 320 (26.0%)&lt;br/&gt;
&lt;b&gt;Exhausted:&lt;/b&gt; 62 (5.0%)&lt;br/&gt;
&lt;b&gt;Total Ballots:&lt;/b&gt; 1,231&lt;br/&gt;
&lt;br/&gt;
&lt;b&gt;Winner: Frey&lt;/b&gt;
]]&gt;</description>
      <Polygon>
        <outerBoundaryIs>
          <LinearRing>
            <coordinates>-93.2494043753199,44.9009145703684 -93.2501833675616,44.9004945682111 -93.2509533630656,44.8997545673942 -93.2577513844833,44.8997665672878 -93.2578963323828,44.8943075625739 -93.253951056594,44.8943335441021 -93.2539884000626,44.8928158349241 -93.2554222989717,44.8916815608133 -93.2557442981407,44.8914635598929 -93.2562792972379,44.8911505599201 -93.2571322956139,44.8908075598047 -93.2578782969562,44.8906225596301 -93.2586632993313,44.8905325591291 -93.2616783099081,44.8906185587966 -93.2616293270873,44.8925105601974 -93.2628703315427,44.8925105603988 -93.2626574335084,44.9034075694012 -93.2576214191675,44.9034355703356 -93.2538374079116,44.903424570994 -93.2532504086072,44.9036265713716 -93.2525253963298,44.9026655699803 -93.2511973831679,44.9016655696649 -93.2494043753199,44.9009145703684</coordinates>
          </LinearRing>
        </outerBoundaryIs>
      </Polygon>
      <Style>
        <PolyStyle>
          <color>cc9e4040</color>
          <fill>1</fill>
          <outline>1</outline>
        </PolyStyle>
        <LineStyle>
          <color>ff000000</color>
          <width>1</width>
        </LineStyle>
      </Style>
    </Placemark>
    <Placemark>
      <name>Minneapolis W-11 P-10</name>
      <description>&lt;![CDATA[
&lt;h3&gt;Minneapolis W-11 P-10&lt;/h3&gt;
&lt;b&gt;RCV Final Round Results:&lt;/b&gt;&lt;br/&gt;
&lt;b style="color:blue;"&gt;Jacob Frey:&lt;/b&gt; 611 (59.0%)&lt;br/&gt;
&lt;b style="color:red;"&gt;Omar Fateh:&lt;/b&gt; 326 (31.5%)&lt;br/&gt;
&lt;b&gt;Exhausted:&lt;/b&gt; 99 (9.6%)&lt;br/&gt;
&lt;b&gt;Total Ballots:&lt;/b&gt; 1,036&lt;br/&gt;
&lt;br/&gt;
&lt;b&gt;Winner: Frey&lt;/b&gt;
]]&gt;</description>
      <Polygon>
        <outerBoundaryIs>
          <LinearRing>
            <coordinates>-93.2321396045825,44.9143686272238 -93.2321815720413,44.9107696231762 -93.2228466260355,44.9107996472411 -93.2228705779095,44.9053666428046 -93.2378844875023,44.9052936044101 -93.238456486857,44.9055726026363 -93.2389064795926,44.9051336014767 -93.2400664577941,44.9034965965606 -93.2410354412418,44.9024215939129 -93.2424734248994,44.9017065895945 -93.2428054210907,44.9014565884147 -93.2435534110349,44.9007925855054 -93.2436824091189,44.9007345849631 -93.2440034054965,44.9006775843399 -93.2462313931298,44.900663578337 -93.2468563900161,44.9007995768798 -93.2473703873021,44.9008385757648 -93.2475053865979,44.9008995754673 -93.2473294654816,44.9088525835495 -93.2472745244699,44.9149695889934 -93.2472995352423,44.9160495896645 -93.2430495585683,44.9160326005398 -93.2425385615949,44.9160516023409 -93.240389576004,44.9162896075963 -93.2401585768755,44.9162776083228 -93.2393575827454,44.9163866101474 -93.2322036241437,44.9164146287007 -93.2321396045825,44.9143686272238</coordinates>
          </LinearRing>
        </outerBoundaryIs>
      </Polygon>
      <Style>
        <PolyStyle>
          <color>cc7f4040</color>
          <fill>1</fill>
          <outline>1</outline>
        </PolyStyle>
        <LineStyle>
          <color>ff000000</color>
          <width>1</width>
        </LineStyle>
      </Style>
    </Placemark>
    <Placemark>
      <name>Minneapolis W-11 P-11</name>
      <description>&lt;![CDATA[
&lt;h3&gt;Minneapolis W-11 P-11&lt;/h3&gt;
&lt;b&gt;RCV Final Round Results:&lt;/b&gt;&lt;br/&gt;
&lt;b style="color:blue;"&gt;Jacob Frey:&lt;/b&gt; 423 (58.0%)&lt;br/&gt;
&lt;b style="color:red;"&gt;Omar Fateh:&lt;/b&gt; 259 (35.5%)&lt;br/&gt;
&lt;b&gt;Exhausted:&lt;/b&gt; 47 (6.4%)&lt;br/&gt;
&lt;b&gt;Total Ballots:&lt;/b&gt; 729&lt;br/&gt;
&lt;br/&gt;
&lt;b&gt;Winner: Frey&lt;/b&gt;
]]&gt;</description>
      <Polygon>
        <outerBoundaryIs>
          <LinearRing>
            <coordinates>-93.2228705779095,44.9053666428046 -93.2229235462564,44.9017516399921 -93.2423934257188,44.9016275889306 -93.2424734248994,44.9017065895945 -93.2410354412418,44.9024215939129 -93.2400664577941,44.9034965965606 -93.2389064795926,44.9051336014767 -93.238456486857,44.9055726026363 -93.2378844875023,44.9052936044101 -93.2228705779095,44.9053666428046</coordinates>
          </LinearRing>
        </outerBoundaryIs>
      </Polygon>
      <Style>
        <PolyStyle>
          <color>cc7c4040</color>
          <fill>1</fill>
          <outline>1</outline>
        </PolyStyle>
        <LineStyle>
          <color>ff000000</color>
          <width>1</width>
        </LineStyle>
      </Style>
    </Placemark>
    <Placemark>
      <name>Minneapolis W-11 P-12</name>
      <description>&lt;![CDATA[
&lt;h3&gt;Minneapolis W-11 P-12&lt;/h3&gt;
&lt;b&gt;RCV Final Round Results:&lt;/b&gt;&lt;br/&gt;
&lt;b style="color:blue;"&gt;Jacob Frey:&lt;/b&gt; 589 (54.3%)&lt;br/&gt;
&lt;b style="color:red;"&gt;Omar Fateh:&lt;/b&gt; 413 (38.1%)&lt;br/&gt;
&lt;b&gt;Exhausted:&lt;/b&gt; 83 (7.6%)&lt;br/&gt;
&lt;b&gt;Total Ballots:&lt;/b&gt; 1,085&lt;br/&gt;
&lt;br/&gt;
&lt;b&gt;Winner: Frey&lt;/b&gt;
]]&gt;</description>
      <Style>
        <PolyStyle>
          <color>cc714040</color>
          <fill>1</fill>
          <outline>1</outline>
        </PolyStyle>
        <LineStyle>
          <color>ff000000</color>
          <width>1</width>
        </LineStyle>
      </Style>
    </Placemark>
    <Placemark>
      <name>Minneapolis W-12 P-1</name>
      <description>&lt;![CDATA[
&lt;h3&gt;Minneapolis W-12 P-1&lt;/h3&gt;
&lt;b&gt;RCV Final Round Results:&lt;/b&gt;&lt;br/&gt;
&lt;b style="color:blue;"&gt;Jacob Frey:&lt;/b&gt; 1,077 (52.1%)&lt;br/&gt;
&lt;b style="color:red;"&gt;Omar Fateh:&lt;/b&gt; 869 (42.0%)&lt;br/&gt;
&lt;b&gt;Exhausted:&lt;/b&gt; 123 (5.9%)&lt;br/&gt;
&lt;b&gt;Total Ballots:&lt;/b&gt; 2,069&lt;br/&gt;
&lt;br/&gt;
&lt;b&gt;Winner: Frey&lt;/b&gt;
]]&gt;</description>
      <Polygon>
        <outerBoundaryIs>
          <LinearRing>
            <coordinates>-93.2005310384839,44.9433936572434 -93.2004857027535,44.9415105113037 -93.203784986572,44.9415867188712 -93.204297984611,44.9415747177651 -93.2043539833754,44.9415407176021 -93.2178429186213,44.9414186847229 -93.2178350098717,44.9519626928993 -93.2203759990681,44.95196668772 -93.220376010993,44.9532646885192 -93.2194600159443,44.9533556906501 -93.2183390212426,44.9535536933329 -93.2172400291811,44.9538356966547 -93.2166680324626,44.9540186972499 -93.2155690406793,44.9544577010838 -93.215050045791,44.9547097017768 -93.214547050713,44.9549837033157 -93.2136240585935,44.9555867067738 -93.2127530663159,44.9560947083845 -93.2100210665229,44.9546847140622 -93.2077430623895,44.9530287177169 -93.206371739486,44.952646046417 -93.2051295679127,44.9521747851792 -93.2044117702156,44.9517086877273 -93.2032151999826,44.9506065384211 -93.2026513423491,44.9498551615175 -93.2021105440292,44.9490269392749 -93.2017317789699,44.9482316552008 -93.2013679965476,44.9470797679556 -93.2009193675689,44.9458456612436 -93.2006711364134,44.9445620616241 -93.2005310384839,44.9433936572434</coordinates>
          </LinearRing>
        </outerBoundaryIs>
      </Polygon>
      <Style>
        <PolyStyle>
          <color>cc6a4040</color>
          <fill>1</fill>
          <outline>1</outline>
        </PolyStyle>
        <LineStyle>
          <color>ff000000</color>
          <width>1</width>
        </LineStyle>
      </Style>
    </Placemark>
    <Placemark>
      <name>Minneapolis W-12 P-2</name>
      <description>&lt;![CDATA[
&lt;h3&gt;Minneapolis W-12 P-2&lt;/h3&gt;
&lt;b&gt;RCV Final Round Results:&lt;/b&gt;&lt;br/&gt;
&lt;b style="color:blue;"&gt;Jacob Frey:&lt;/b&gt; 763 (47.5%)&lt;br/&gt;
&lt;b style="color:red;"&gt;Omar Fateh:&lt;/b&gt; 726 (45.1%)&lt;br/&gt;
&lt;b&gt;Exhausted:&lt;/b&gt; 119 (7.4%)&lt;br/&gt;
&lt;b&gt;Total Ballots:&lt;/b&gt; 1,608&lt;br/&gt;
&lt;br/&gt;
&lt;b&gt;Winner: Frey&lt;/b&gt;
]]&gt;</description>
      <Polygon>
        <outerBoundaryIs>
          <LinearRing>
            <coordinates>-93.2004857027535,44.9415105113037 -93.2004736440915,44.9404916874364 -93.2005490539135,44.9389995538446 -93.2005832040454,44.9352034384595 -93.2005358060139,44.9343009378558 -93.203018931693,44.9343427158796 -93.2031939375158,44.9351747155596 -93.2033999405246,44.93558971584 -93.2037279417743,44.9359637150225 -93.2054599442007,44.9372877113279 -93.2056199446701,44.9375247111874 -93.2056509472337,44.9377877118189 -93.2056199477106,44.9379167119412 -93.2076269381413,44.9379097072473 -93.2165918950301,44.9378326848452 -93.216598863692,44.9342246822777 -93.2238988264701,44.934123663725 -93.2265228449502,44.9377156606815 -93.2290808659862,44.9413436575207 -93.2063489743635,44.9415217130884 -93.2043539833754,44.9415407176021 -93.204297984611,44.9415747177651 -93.203784986572,44.9415867188712 -93.2004857027535,44.9415105113037</coordinates>
          </LinearRing>
        </outerBoundaryIs>
      </Polygon>
      <Style>
        <PolyStyle>
          <color>cc5c4040</color>
          <fill>1</fill>
          <outline>1</outline>
        </PolyStyle>
        <LineStyle>
          <color>ff000000</color>
          <width>1</width>
        </LineStyle>
      </Style>
    </Placemark>
    <Placemark>
      <name>Minneapolis W-12 P-3</name>
      <description>&lt;![CDATA[
&lt;h3&gt;Minneapolis W-12 P-3&lt;/h3&gt;
&lt;b&gt;RCV Final Round Results:&lt;/b&gt;&lt;br/&gt;
&lt;b style="color:blue;"&gt;Jacob Frey:&lt;/b&gt; 490 (44.0%)&lt;br/&gt;
&lt;b style="color:red;"&gt;Omar Fateh:&lt;/b&gt; 557 (50.0%)&lt;br/&gt;
&lt;b&gt;Exhausted:&lt;/b&gt; 67 (6.0%)&lt;br/&gt;
&lt;b&gt;Total Ballots:&lt;/b&gt; 1,114&lt;br/&gt;
&lt;br/&gt;
&lt;b&gt;Winner: Fateh&lt;/b&gt;
]]&gt;</description>
      <Polygon>
        <outerBoundaryIs>
          <LinearRing>
            <coordinates>-93.2422487685274,44.9377266220453 -93.2422527180374,44.9322936173734 -93.2397047314936,44.9322986239254 -93.239715662502,44.9250996172048 -93.2473146229934,44.9251265983104 -93.2473457451934,44.9377266097165 -93.2422487685274,44.9377266220453</coordinates>
          </LinearRing>
        </outerBoundaryIs>
      </Polygon>
      <Style>
        <PolyStyle>
          <color>cc404064</color>
          <fill>1</fill>
          <outline>1</outline>
        </PolyStyle>
        <LineStyle>
          <color>ff000000</color>
          <width>1</width>
        </LineStyle>
      </Style>
    </Placemark>
    <Placemark>
      <name>Minneapolis W-12 P-4</name>
      <description>&lt;![CDATA[
&lt;h3&gt;Minneapolis W-12 P-4&lt;/h3&gt;
&lt;b&gt;RCV Final Round Results:&lt;/b&gt;&lt;br/&gt;
&lt;b style="color:blue;"&gt;Jacob Frey:&lt;/b&gt; 721 (44.0%)&lt;br/&gt;
&lt;b style="color:red;"&gt;Omar Fateh:&lt;/b&gt; 789 (48.1%)&lt;br/&gt;
&lt;b&gt;Exhausted:&lt;/b&gt; 129 (7.9%)&lt;br/&gt;
&lt;b&gt;Total Ballots:&lt;/b&gt; 1,639&lt;br/&gt;
&lt;br/&gt;
&lt;b&gt;Winner: Fateh&lt;/b&gt;
]]&gt;</description>
      <Polygon>
        <outerBoundaryIs>
          <LinearRing>
            <coordinates>-93.2320938185248,44.9377106471554 -93.2321047024837,44.9250756359853 -93.239715662502,44.9250996172048 -93.2397047314936,44.9322986239254 -93.2422527180374,44.9322936173734 -93.2422637693484,44.9377106223776 -93.2320938185248,44.9377106471554</coordinates>
          </LinearRing>
        </outerBoundaryIs>
      </Polygon>
      <Style>
        <PolyStyle>
          <color>cc40405e</color>
          <fill>1</fill>
          <outline>1</outline>
        </PolyStyle>
        <LineStyle>
          <color>ff000000</color>
          <width>1</width>
        </LineStyle>
      </Style>
    </Placemark>
    <Placemark>
      <name>Minneapolis W-12 P-5</name>
      <description>&lt;![CDATA[
&lt;h3&gt;Minneapolis W-12 P-5&lt;/h3&gt;
&lt;b&gt;RCV Final Round Results:&lt;/b&gt;&lt;br/&gt;
&lt;b style="color:blue;"&gt;Jacob Frey:&lt;/b&gt; 436 (46.9%)&lt;br/&gt;
&lt;b style="color:red;"&gt;Omar Fateh:&lt;/b&gt; 430 (46.3%)&lt;br/&gt;
&lt;b&gt;Exhausted:&lt;/b&gt; 63 (6.8%)&lt;br/&gt;
&lt;b&gt;Total Ballots:&lt;/b&gt; 929&lt;br/&gt;
&lt;br/&gt;
&lt;b&gt;Winner: Frey&lt;/b&gt;
]]&gt;</description>
      <Polygon>
        <outerBoundaryIs>
          <LinearRing>
            <coordinates>-93.231231821964,44.9377106496648 -93.228718801562,44.9340756525925 -93.228500802927,44.9340756529217 -93.2199187367303,44.9215076635895 -93.2283216907696,44.9214616429256 -93.2283057229167,44.9250686462426 -93.2321047024837,44.9250756359853 -93.2320938185248,44.9377106471554 -93.231231821964,44.9377106496648</coordinates>
          </LinearRing>
        </outerBoundaryIs>
      </Polygon>
      <Style>
        <PolyStyle>
          <color>cc5a4040</color>
          <fill>1</fill>
          <outline>1</outline>
        </PolyStyle>
        <LineStyle>
          <color>ff000000</color>
          <width>1</width>
        </LineStyle>
      </Style>
    </Placemark>
    <Placemark>
      <name>Minneapolis W-12 P-6</name>
      <description>&lt;![CDATA[
&lt;h3&gt;Minneapolis W-12 P-6&lt;/h3&gt;
&lt;b&gt;RCV Final Round Results:&lt;/b&gt;&lt;br/&gt;
&lt;b style="color:blue;"&gt;Jacob Frey:&lt;/b&gt; 827 (50.2%)&lt;br/&gt;
&lt;b style="color:red;"&gt;Omar Fateh:&lt;/b&gt; 708 (43.0%)&lt;br/&gt;
&lt;b&gt;Exhausted:&lt;/b&gt; 112 (6.8%)&lt;br/&gt;
&lt;b&gt;Total Ballots:&lt;/b&gt; 1,647&lt;br/&gt;
&lt;br/&gt;
&lt;b&gt;Winner: Frey&lt;/b&gt;
]]&gt;</description>
      <Polygon>
        <outerBoundaryIs>
          <LinearRing>
            <coordinates>-93.203018931693,44.9343427158796 -93.2005358060139,44.9343009378558 -93.2003265500842,44.9307331375385 -93.2009484921346,44.9306900289817 -93.2020039070235,44.9306697155955 -93.2034769008205,44.9307647124317 -93.2039948975314,44.9306997104864 -93.2046068931201,44.9304777084582 -93.2048648928555,44.9307167086846 -93.204979892346,44.9307767077204 -93.2051168924471,44.9308227076018 -93.205406892637,44.9308587069419 -93.2065058863623,44.9308437043864 -93.2070938814701,44.9306757024506 -93.2260467832631,44.9305066560359 -93.228500802927,44.9340756529217 -93.2270608104281,44.9340716564457 -93.216598863692,44.9342246822777 -93.2165918950301,44.9378326848452 -93.2056199477106,44.9379167119412 -93.2056509472337,44.9377877118189 -93.2056199446701,44.9375247111874 -93.2054599442007,44.9372877113279 -93.2037279417743,44.9359637150225 -93.2033999405246,44.93558971584 -93.2031939375158,44.9351747155596 -93.203018931693,44.9343427158796</coordinates>
          </LinearRing>
        </outerBoundaryIs>
      </Polygon>
      <Style>
        <PolyStyle>
          <color>cc644040</color>
          <fill>1</fill>
          <outline>1</outline>
        </PolyStyle>
        <LineStyle>
          <color>ff000000</color>
          <width>1</width>
        </LineStyle>
      </Style>
    </Placemark>
    <Placemark>
      <name>Minneapolis W-12 P-7</name>
      <description>&lt;![CDATA[
&lt;h3&gt;Minneapolis W-12 P-7&lt;/h3&gt;
&lt;b&gt;RCV Final Round Results:&lt;/b&gt;&lt;br/&gt;
&lt;b style="color:blue;"&gt;Jacob Frey:&lt;/b&gt; 982 (50.5%)&lt;br/&gt;
&lt;b style="color:red;"&gt;Omar Fateh:&lt;/b&gt; 809 (41.6%)&lt;br/&gt;
&lt;b&gt;Exhausted:&lt;/b&gt; 152 (7.8%)&lt;br/&gt;
&lt;b&gt;Total Ballots:&lt;/b&gt; 1,943&lt;br/&gt;
&lt;br/&gt;
&lt;b&gt;Winner: Frey&lt;/b&gt;
]]&gt;</description>
      <Polygon>
        <outerBoundaryIs>
          <LinearRing>
            <coordinates>-93.2012818113517,44.9270144650674 -93.2025838757158,44.927067711144 -93.2032168636153,44.925976708391 -93.203704852176,44.9248787062546 -93.2040488461544,44.9244317055157 -93.2042618433668,44.92422970429 -93.2049948357284,44.9237267027162 -93.2050918329903,44.9235357027368 -93.2050888332034,44.923435702489 -93.2211387451873,44.9233066624354 -93.2260467832631,44.9305066560359 -93.2070938814701,44.9306757024506 -93.2065058863623,44.9308437043864 -93.205406892637,44.9308587069419 -93.2051168924471,44.9308227076018 -93.204979892346,44.9307767077204 -93.2048648928555,44.9307167086846 -93.2046068931201,44.9304777084582 -93.2039948975314,44.9306997104864 -93.2034769008205,44.9307647124317 -93.2020039070235,44.9306697155955 -93.2009484921346,44.9306900289817 -93.2003265500842,44.9307331375385 -93.2001287345776,44.9287633645592 -93.1999033702518,44.9271780300095 -93.1999094187404,44.9269980423152 -93.2012818113517,44.9270144650674</coordinates>
          </LinearRing>
        </outerBoundaryIs>
      </Polygon>
      <Style>
        <PolyStyle>
          <color>cc654040</color>
          <fill>1</fill>
          <outline>1</outline>
        </PolyStyle>
        <LineStyle>
          <color>ff000000</color>
          <width>1</width>
        </LineStyle>
      </Style>
    </Placemark>
    <Placemark>
      <name>Minneapolis W-12 P-8</name>
      <description>&lt;![CDATA[
&lt;h3&gt;Minneapolis W-12 P-8&lt;/h3&gt;
&lt;b&gt;RCV Final Round Results:&lt;/b&gt;&lt;br/&gt;
&lt;b style="color:blue;"&gt;Jacob Frey:&lt;/b&gt; 709 (53.2%)&lt;br/&gt;
&lt;b style="color:red;"&gt;Omar Fateh:&lt;/b&gt; 523 (39.2%)&lt;br/&gt;
&lt;b&gt;Exhausted:&lt;/b&gt; 101 (7.6%)&lt;br/&gt;
&lt;b&gt;Total Ballots:&lt;/b&gt; 1,333&lt;br/&gt;
&lt;br/&gt;
&lt;b&gt;Winner: Frey&lt;/b&gt;
]]&gt;</description>
      <Polygon>
        <outerBoundaryIs>
          <LinearRing>
            <coordinates>-93.2447786352569,44.9251186049431 -93.2283057229167,44.9250686462426 -93.2283216907696,44.9214616429256 -93.2199187367303,44.9215076635895 -93.2183387271124,44.9194246659774 -93.2178827246273,44.9189346663191 -93.2165617217802,44.9176296684233 -93.2152227196566,44.9164586712059 -93.2150087186244,44.9163056715153 -93.2164187108427,44.9162986683249 -93.2167857077557,44.9162556670042 -93.2171677053116,44.9161376658171 -93.2177057020924,44.9160486647061 -93.2202486874878,44.9160486585893 -93.2215806785923,44.9159826544917 -93.2228246724294,44.9159926519404 -93.2228316578396,44.9143846507514 -93.2271106347234,44.914414639436 -93.2321396045825,44.9143686272238 -93.2322036241437,44.9164146287007 -93.2393575827454,44.9163866101474 -93.2401585768755,44.9162776083228 -93.240389576004,44.9162896075963 -93.2425385615949,44.9160516023409 -93.2459945419572,44.9160395933907 -93.2460406114849,44.9233146000076 -93.2447666192241,44.9233106027957 -93.2447786352569,44.9251186049431</coordinates>
          </LinearRing>
        </outerBoundaryIs>
      </Polygon>
      <Style>
        <PolyStyle>
          <color>cc6d4040</color>
          <fill>1</fill>
          <outline>1</outline>
        </PolyStyle>
        <LineStyle>
          <color>ff000000</color>
          <width>1</width>
        </LineStyle>
      </Style>
    </Placemark>
    <Placemark>
      <name>Minneapolis W-12 P-9</name>
      <description>&lt;![CDATA[
&lt;h3&gt;Minneapolis W-12 P-9&lt;/h3&gt;
&lt;b&gt;RCV Final Round Results:&lt;/b&gt;&lt;br/&gt;
&lt;b style="color:blue;"&gt;Jacob Frey:&lt;/b&gt; 589 (52.6%)&lt;br/&gt;
&lt;b style="color:red;"&gt;Omar Fateh:&lt;/b&gt; 449 (40.1%)&lt;br/&gt;
&lt;b&gt;Exhausted:&lt;/b&gt; 81 (7.2%)&lt;br/&gt;
&lt;b&gt;Total Ballots:&lt;/b&gt; 1,119&lt;br/&gt;
&lt;br/&gt;
&lt;b&gt;Winner: Frey&lt;/b&gt;
]]&gt;</description>
      <Polygon>
        <outerBoundaryIs>
          <LinearRing>
            <coordinates>-93.2025838757158,44.927067711144 -93.2012818113517,44.9270144650674 -93.1999094187404,44.9269980423152 -93.1999481623523,44.9258449322393 -93.2002238479287,44.9243417510545 -93.2009353405886,44.9197390020955 -93.2010114306487,44.9188502635905 -93.2009432144286,44.9178007161215 -93.2043157914044,44.9178177004333 -93.2049027879631,44.9178896990114 -93.2054527873075,44.9180576971364 -93.2059257860975,44.9183136963251 -93.2063067868711,44.918645695197 -93.2065047885052,44.9189216947852 -93.2073477820879,44.9186646929342 -93.2083137751737,44.9185816906918 -93.2086027731574,44.9185076902903 -93.2091307680343,44.9182436883672 -93.2098157604737,44.9177896866356 -93.2101297570963,44.917649685431 -93.2107157532028,44.9175746837534 -93.211334750949,44.9175996821805 -93.2116317489023,44.9175336810152 -93.2119127457879,44.9174016804562 -93.2121027432126,44.917269680141 -93.2124737374383,44.9168646788452 -93.212740735681,44.916732678006 -93.2132257317085,44.9165526761402 -93.2137447277447,44.916451675452 -93.2150087186244,44.9163056715153 -93.2152227196566,44.9164586712059 -93.2165617217802,44.9176296684233 -93.2171597227739,44.9181936684118 -93.2183387271124,44.9194246659774 -93.2199097365533,44.9214946630648 -93.2211387451873,44.9233066624354 -93.2050888332034,44.923435702489 -93.2050918329903,44.9235357027368 -93.2049948357284,44.9237267027162 -93.2042618433668,44.92422970429 -93.2040488461544,44.9244317055157 -93.203704852176,44.9248787062546 -93.2032168636153,44.925976708391 -93.2025838757158,44.927067711144</coordinates>
          </LinearRing>
        </outerBoundaryIs>
      </Polygon>
      <Style>
        <PolyStyle>
          <color>cc6c4040</color>
          <fill>1</fill>
          <outline>1</outline>
        </PolyStyle>
        <LineStyle>
          <color>ff000000</color>
          <width>1</width>
        </LineStyle>
      </Style>
    </Placemark>
    <Placemark>
      <name>Minneapolis W-12 P-10</name>
      <description>&lt;![CDATA[
&lt;h3&gt;Minneapolis W-12 P-10&lt;/h3&gt;
&lt;b&gt;RCV Final Round Results:&lt;/b&gt;&lt;br/&gt;
&lt;b style="color:blue;"&gt;Jacob Frey:&lt;/b&gt; 958 (59.5%)&lt;br/&gt;
&lt;b style="color:red;"&gt;Omar Fateh:&lt;/b&gt; 496 (30.8%)&lt;br/&gt;
&lt;b&gt;Exhausted:&lt;/b&gt; 157 (9.7%)&lt;br/&gt;
&lt;b&gt;Total Ballots:&lt;/b&gt; 1,611&lt;br/&gt;
&lt;br/&gt;
&lt;b&gt;Winner: Frey&lt;/b&gt;
]]&gt;</description>
      <Polygon>
        <outerBoundaryIs>
          <LinearRing>
            <coordinates>-93.2043157914044,44.9178177004333 -93.2009432144286,44.9178007161215 -93.2008340238595,44.9120589717089 -93.2006699494676,44.9100896072983 -93.2004767220829,44.9096123932474 -93.1999597376721,44.9089817070281 -93.1993579749257,44.9084222884778 -93.1985020666827,44.9078850170083 -93.1970370975347,44.9070789728197 -93.1938751558697,44.9054176695766 -93.1984089279582,44.9054164218726 -93.1982217273444,44.9054947063895 -93.1980817323496,44.9058817070961 -93.1980927331834,44.9060107067496 -93.1982227339649,44.906240707324 -93.1983287331356,44.9063117069878 -93.1985547328699,44.9064297063918 -93.1993227299418,44.9065237040185 -93.1998227283915,44.9067837039086 -93.2001337289221,44.9070097031142 -93.200745727672,44.9073107012498 -93.2014017254554,44.9075576995257 -93.2019787243609,44.9078866988965 -93.2023167232586,44.9079586979151 -93.2039687177071,44.9085356942923 -93.2049147169877,44.909104692369 -93.2053227158918,44.9092336910674 -93.2055757163699,44.909379690085 -93.2058917112193,44.9091516896926 -93.2062787091117,44.909034688872 -93.207613700333,44.9090096854684 -93.222854610259,44.908982645852 -93.2228466260355,44.9107996472411 -93.2321815720413,44.9107696231762 -93.2321396045825,44.9143686272238 -93.2271106347234,44.914414639436 -93.2228316578396,44.9143846507514 -93.2228246724294,44.9159926519404 -93.2215806785923,44.9159826544917 -93.2202486874878,44.9160486585893 -93.2177057020924,44.9160486647061 -93.2171677053116,44.9161376658171 -93.2167857077557,44.9162556670042 -93.2164187108427,44.9162986683249 -93.2150087186244,44.9163056715153 -93.2137447277447,44.916451675452 -93.2132257317085,44.9165526761402 -93.212740735681,44.916732678006 -93.2124737374383,44.9168646788452 -93.2121027432126,44.917269680141 -93.2119127457879,44.9174016804562 -93.2116317489023,44.9175336810152 -93.211334750949,44.9175996821805 -93.2107157532028,44.9175746837534 -93.2101297570963,44.917649685431 -93.2098157604737,44.9177896866356 -93.2091307680343,44.9182436883672 -93.2086027731574,44.9185076902903 -93.2083137751737,44.9185816906918 -93.2073477820879,44.9186646929342 -93.2065047885052,44.9189216947852 -93.2063067868711,44.918645695197 -93.2059257860975,44.9183136963251 -93.2054527873075,44.9180576971364 -93.2051857875889,44.9179626974419 -93.2046127895136,44.9178406993392 -93.2043157914044,44.9178177004333</coordinates>
          </LinearRing>
        </outerBoundaryIs>
      </Polygon>
      <Style>
        <PolyStyle>
          <color>cc814040</color>
          <fill>1</fill>
          <outline>1</outline>
        </PolyStyle>
        <LineStyle>
          <color>ff000000</color>
          <width>1</width>
        </LineStyle>
      </Style>
    </Placemark>
    <Placemark>
      <name>Minneapolis W-12 P-11</name>
      <description>&lt;![CDATA[
&lt;h3&gt;Minneapolis W-12 P-11&lt;/h3&gt;
&lt;b&gt;RCV Final Round Results:&lt;/b&gt;&lt;br/&gt;
&lt;b style="color:blue;"&gt;Jacob Frey:&lt;/b&gt; 813 (51.3%)&lt;br/&gt;
&lt;b style="color:red;"&gt;Omar Fateh:&lt;/b&gt; 669 (42.2%)&lt;br/&gt;
&lt;b&gt;Exhausted:&lt;/b&gt; 103 (6.5%)&lt;br/&gt;
&lt;b&gt;Total Ballots:&lt;/b&gt; 1,585&lt;br/&gt;
&lt;br/&gt;
&lt;b&gt;Winner: Frey&lt;/b&gt;
]]&gt;</description>
      <Polygon>
        <outerBoundaryIs>
          <LinearRing>
            <coordinates>-93.1984089279582,44.9054164218726 -93.1991277217304,44.9053897038521 -93.207588670159,44.9053856818528 -93.2076266411093,44.9017916795334 -93.2229235462564,44.9017516399921 -93.222854610259,44.908982645852 -93.207613700333,44.9090096854684 -93.2062787091117,44.909034688872 -93.2058917112193,44.9091516896926 -93.2055757163699,44.909379690085 -93.2053227158918,44.9092336910674 -93.2049147169877,44.909104692369 -93.2039687177071,44.9085356942923 -93.2023167232586,44.9079586979151 -93.2019787243609,44.9078866988965 -93.2014017254554,44.9075576995257 -93.200745727672,44.9073107012498 -93.2001337289221,44.9070097031142 -93.1998227283915,44.9067837039086 -93.1993227299418,44.9065237040185 -93.1985547328699,44.9064297063918 -93.1983287331356,44.9063117069878 -93.1982227339649,44.906240707324 -93.1980927331834,44.9060107067496 -93.1980817323496,44.9058817070961 -93.1982217273444,44.9054947063895 -93.1984089279582,44.9054164218726</coordinates>
          </LinearRing>
        </outerBoundaryIs>
      </Polygon>
      <Style>
        <PolyStyle>
          <color>cc684040</color>
          <fill>1</fill>
          <outline>1</outline>
        </PolyStyle>
        <LineStyle>
          <color>ff000000</color>
          <width>1</width>
        </LineStyle>
      </Style>
    </Placemark>
    <Placemark>
      <name>Minneapolis W-12 P-12</name>
      <description>&lt;![CDATA[
&lt;h3&gt;Minneapolis W-12 P-12&lt;/h3&gt;
&lt;b&gt;RCV Final Round Results:&lt;/b&gt;&lt;br/&gt;
&lt;b style="color:blue;"&gt;Jacob Frey:&lt;/b&gt; 329 (57.6%)&lt;br/&gt;
&lt;b style="color:red;"&gt;Omar Fateh:&lt;/b&gt; 199 (34.9%)&lt;br/&gt;
&lt;b&gt;Exhausted:&lt;/b&gt; 43 (7.5%)&lt;br/&gt;
&lt;b&gt;Total Ballots:&lt;/b&gt; 571&lt;br/&gt;
&lt;br/&gt;
&lt;b&gt;Winner: Frey&lt;/b&gt;
]]&gt;</description>
      <Polygon>
        <outerBoundaryIs>
          <LinearRing>
            <coordinates>-93.2076266411093,44.9017916795334 -93.2076808632197,44.8962386187142 -93.2128982859446,44.896232646259 -93.2129022840983,44.8959836461171 -93.2108732960289,44.8959886519869 -93.2108962744273,44.8934326490074 -93.2160332430198,44.8934226355825 -93.2170892396441,44.8937976330119 -93.2170722468457,44.8945796339287 -93.2171655938985,44.894579633554 -93.2171673130945,44.8955510308544 -93.2170502556552,44.8955516344889 -93.2170472591918,44.8959866351877 -93.2190432469422,44.8959826299597 -93.2190462377062,44.8949656289626 -93.220360230257,44.8949616257783 -93.2224672264848,44.8960116209193 -93.2224852338451,44.8968686216785 -93.2213362404844,44.8968646243036 -93.221090242911,44.8969746254907 -93.2197572510906,44.8969786286637 -93.2195162522243,44.8968686298409 -93.2190402541515,44.8968716308383 -93.2190382638051,44.8978766315784 -93.2205332489124,44.8972086269096 -93.2205342472501,44.8970986265388 -93.2227682340921,44.897095620701 -93.2228322332861,44.8970366210498 -93.2229545533208,44.897036619646 -93.2229235462564,44.9017516399921 -93.2076266411093,44.9017916795334</coordinates>
          </LinearRing>
        </outerBoundaryIs>
      </Polygon>
      <Style>
        <PolyStyle>
          <color>cc7b4040</color>
          <fill>1</fill>
          <outline>1</outline>
        </PolyStyle>
        <LineStyle>
          <color>ff000000</color>
          <width>1</width>
        </LineStyle>
      </Style>
    </Placemark>
    <Placemark>
      <name>Minneapolis W-13 P-1</name>
      <description>&lt;![CDATA[
&lt;h3&gt;Minneapolis W-13 P-1&lt;/h3&gt;
&lt;b&gt;RCV Final Round Results:&lt;/b&gt;&lt;br/&gt;
&lt;b style="color:blue;"&gt;Jacob Frey:&lt;/b&gt; 1,124 (75.7%)&lt;br/&gt;
&lt;b style="color:red;"&gt;Omar Fateh:&lt;/b&gt; 296 (19.9%)&lt;br/&gt;
&lt;b&gt;Exhausted:&lt;/b&gt; 65 (4.4%)&lt;br/&gt;
&lt;b&gt;Total Ballots:&lt;/b&gt; 1,485&lt;br/&gt;
&lt;br/&gt;
&lt;b&gt;Winner: Frey&lt;/b&gt;
]]&gt;</description>
      <Polygon>
        <outerBoundaryIs>
          <LinearRing>
            <coordinates>-93.3187948633522,44.935017572651 -93.3188327962633,44.9268635696382 -93.3188937675426,44.923329568224 -93.3239897800613,44.9233255673157 -93.3239897795255,44.9232115671279 -93.326538782551,44.9227575660651 -93.3291007343255,44.9226271341934 -93.3290257173624,44.9340566188934 -93.3238988673744,44.934029569382 -93.3232608657458,44.9340865706235 -93.3232638756598,44.9353605713964 -93.3235368768798,44.9354085712099 -93.3235248814893,44.9360155708497 -93.3226198785083,44.9359485709279 -93.3226168937673,44.9377525719557 -93.3199008867001,44.9377335728302 -93.3202368841634,44.9371505732343 -93.3204348780926,44.9365365725694 -93.3204808730206,44.9359065722006 -93.320419871815,44.9356055713842 -93.3202218692968,44.9353385720013 -93.319900866508,44.9351395726095 -93.319511864513,44.9350295721691 -93.3187948633522,44.935017572651</coordinates>
          </LinearRing>
        </outerBoundaryIs>
      </Polygon>
      <Style>
        <PolyStyle>
          <color>ccb34040</color>
          <fill>1</fill>
          <outline>1</outline>
        </PolyStyle>
        <LineStyle>
          <color>ff000000</color>
          <width>1</width>
        </LineStyle>
      </Style>
    </Placemark>
    <Placemark>
      <name>Minneapolis W-13 P-2</name>
      <description>&lt;![CDATA[
&lt;h3&gt;Minneapolis W-13 P-2&lt;/h3&gt;
&lt;b&gt;RCV Final Round Results:&lt;/b&gt;&lt;br/&gt;
&lt;b style="color:blue;"&gt;Jacob Frey:&lt;/b&gt; 841 (74.9%)&lt;br/&gt;
&lt;b style="color:red;"&gt;Omar Fateh:&lt;/b&gt; 214 (19.1%)&lt;br/&gt;
&lt;b&gt;Exhausted:&lt;/b&gt; 68 (6.1%)&lt;br/&gt;
&lt;b&gt;Total Ballots:&lt;/b&gt; 1,123&lt;br/&gt;
&lt;br/&gt;
&lt;b&gt;Winner: Frey&lt;/b&gt;
]]&gt;</description>
      <Polygon>
        <outerBoundaryIs>
          <LinearRing>
            <coordinates>-93.308690831996,44.9341165762025 -93.3075098331998,44.9345965763745 -93.3072048285557,44.9340205765986 -93.3076708262589,44.9336105763374 -93.3079838235522,44.93319057607 -93.3092198018127,44.9302685744375 -93.309280796626,44.9298605744022 -93.3092277924314,44.9292535742298 -93.3096397773977,44.9273695728706 -93.3098377787763,44.9273855734448 -93.3100207728879,44.9266105721028 -93.3102187688252,44.9261375726616 -93.3103637672088,44.925908572514 -93.3113837587565,44.9246185708735 -93.3122717629508,44.9249315714651 -93.3126837604564,44.9243405711389 -93.3188637814254,44.9251075687684 -93.3187948633522,44.935017572651 -93.3168188591656,44.9350405732162 -93.3152698566668,44.9352085733644 -93.314338853618,44.9351555741454 -93.3140838526306,44.9351105743206 -93.3136678498323,44.9349685746898 -93.3134238496005,44.9348465748721 -93.3127628439958,44.9344035742668 -93.3120038395591,44.9341375745892 -93.3114058375287,44.9340285755971 -93.3105978355475,44.9340365754262 -93.3104658355946,44.9340125757949 -93.310328833135,44.9338155758651 -93.3102948310227,44.933621575353 -93.3090768321709,44.9340365760693 -93.308690831996,44.9341165762025</coordinates>
          </LinearRing>
        </outerBoundaryIs>
      </Polygon>
      <Style>
        <PolyStyle>
          <color>ccb14040</color>
          <fill>1</fill>
          <outline>1</outline>
        </PolyStyle>
        <LineStyle>
          <color>ff000000</color>
          <width>1</width>
        </LineStyle>
      </Style>
    </Placemark>
    <Placemark>
      <name>Minneapolis W-13 P-3</name>
      <description>&lt;![CDATA[
&lt;h3&gt;Minneapolis W-13 P-3&lt;/h3&gt;
&lt;b&gt;RCV Final Round Results:&lt;/b&gt;&lt;br/&gt;
&lt;b style="color:blue;"&gt;Jacob Frey:&lt;/b&gt; 792 (66.7%)&lt;br/&gt;
&lt;b style="color:red;"&gt;Omar Fateh:&lt;/b&gt; 323 (27.2%)&lt;br/&gt;
&lt;b&gt;Exhausted:&lt;/b&gt; 72 (6.1%)&lt;br/&gt;
&lt;b&gt;Total Ballots:&lt;/b&gt; 1,187&lt;br/&gt;
&lt;br/&gt;
&lt;b&gt;Winner: Frey&lt;/b&gt;
]]&gt;</description>
      <Polygon>
        <outerBoundaryIs>
          <LinearRing>
            <coordinates>-93.3113837587565,44.9246185708735 -93.3111957566335,44.9243785710787 -93.3113637481518,44.923424570747 -93.3115237476503,44.9231655701851 -93.3121657417686,44.922363570344 -93.3125237381304,44.9217465696796 -93.3130877335724,44.9211395689193 -93.3133697294156,44.9205565684565 -93.31363572382,44.9197085689845 -93.3291094599521,44.9197135155784 -93.3291007343255,44.9226271341934 -93.326538782551,44.9227575660651 -93.3239897795255,44.9232115671279 -93.3239897800613,44.9233255673157 -93.3188937675426,44.923329568224 -93.3188637814254,44.9251075687684 -93.3126837604564,44.9243405711389 -93.3122717629508,44.9249315714651 -93.3113837587565,44.9246185708735</coordinates>
          </LinearRing>
        </outerBoundaryIs>
      </Polygon>
      <Style>
        <PolyStyle>
          <color>cc974040</color>
          <fill>1</fill>
          <outline>1</outline>
        </PolyStyle>
        <LineStyle>
          <color>ff000000</color>
          <width>1</width>
        </LineStyle>
      </Style>
    </Placemark>
    <Placemark>
      <name>Minneapolis W-13 P-4</name>
      <description>&lt;![CDATA[
&lt;h3&gt;Minneapolis W-13 P-4&lt;/h3&gt;
&lt;b&gt;RCV Final Round Results:&lt;/b&gt;&lt;br/&gt;
&lt;b style="color:blue;"&gt;Jacob Frey:&lt;/b&gt; 939 (77.9%)&lt;br/&gt;
&lt;b style="color:red;"&gt;Omar Fateh:&lt;/b&gt; 217 (18.0%)&lt;br/&gt;
&lt;b&gt;Exhausted:&lt;/b&gt; 50 (4.1%)&lt;br/&gt;
&lt;b&gt;Total Ballots:&lt;/b&gt; 1,206&lt;br/&gt;
&lt;br/&gt;
&lt;b&gt;Winner: Frey&lt;/b&gt;
]]&gt;</description>
      <Polygon>
        <outerBoundaryIs>
          <LinearRing>
            <coordinates>-93.31363572382,44.9197085689845 -93.3137817226916,44.9194695683207 -93.3140417195994,44.9191675681654 -93.3142017184201,44.9187825681398 -93.3139807111431,44.9182025674349 -93.3136757079516,44.91777956791 -93.3134917054204,44.9175885678399 -93.3130577017475,44.9172455673393 -93.312103693859,44.9166385680638 -93.3106916838206,44.915864568198 -93.3104246817564,44.9157685680518 -93.3087386755483,44.9154365678956 -93.3087156633334,44.9141705677287 -93.3188276923226,44.914269564915 -93.3290564145438,44.9143240917958 -93.3291094599521,44.9197135155784 -93.31363572382,44.9197085689845</coordinates>
          </LinearRing>
        </outerBoundaryIs>
      </Polygon>
      <Style>
        <PolyStyle>
          <color>ccba4040</color>
          <fill>1</fill>
          <outline>1</outline>
        </PolyStyle>
        <LineStyle>
          <color>ff000000</color>
          <width>1</width>
        </LineStyle>
      </Style>
    </Placemark>
    <Placemark>
      <name>Minneapolis W-13 P-5</name>
      <description>&lt;![CDATA[
&lt;h3&gt;Minneapolis W-13 P-5&lt;/h3&gt;
&lt;b&gt;RCV Final Round Results:&lt;/b&gt;&lt;br/&gt;
&lt;b style="color:blue;"&gt;Jacob Frey:&lt;/b&gt; 982 (80.4%)&lt;br/&gt;
&lt;b style="color:red;"&gt;Omar Fateh:&lt;/b&gt; 179 (14.6%)&lt;br/&gt;
&lt;b&gt;Exhausted:&lt;/b&gt; 61 (5.0%)&lt;br/&gt;
&lt;b&gt;Total Ballots:&lt;/b&gt; 1,222&lt;br/&gt;
&lt;br/&gt;
&lt;b&gt;Winner: Frey&lt;/b&gt;
]]&gt;</description>
      <Polygon>
        <outerBoundaryIs>
          <LinearRing>
            <coordinates>-93.3087156633334,44.9141705677287 -93.3086936482055,44.9123585665136 -93.3213806848476,44.9124635638342 -93.321350644335,44.9052574835785 -93.3289954095842,44.9053095384837 -93.3290564145438,44.9143240917958 -93.3188276923226,44.914269564915 -93.3087156633334,44.9141705677287</coordinates>
          </LinearRing>
        </outerBoundaryIs>
      </Polygon>
      <Style>
        <PolyStyle>
          <color>ccc24040</color>
          <fill>1</fill>
          <outline>1</outline>
        </PolyStyle>
        <LineStyle>
          <color>ff000000</color>
          <width>1</width>
        </LineStyle>
      </Style>
    </Placemark>
    <Placemark>
      <name>Minneapolis W-13 P-6</name>
      <description>&lt;![CDATA[
&lt;h3&gt;Minneapolis W-13 P-6&lt;/h3&gt;
&lt;b&gt;RCV Final Round Results:&lt;/b&gt;&lt;br/&gt;
&lt;b style="color:blue;"&gt;Jacob Frey:&lt;/b&gt; 621 (74.9%)&lt;br/&gt;
&lt;b style="color:red;"&gt;Omar Fateh:&lt;/b&gt; 166 (20.0%)&lt;br/&gt;
&lt;b&gt;Exhausted:&lt;/b&gt; 42 (5.1%)&lt;br/&gt;
&lt;b&gt;Total Ballots:&lt;/b&gt; 829&lt;br/&gt;
&lt;br/&gt;
&lt;b&gt;Winner: Frey&lt;/b&gt;
]]&gt;</description>
      <Polygon>
        <outerBoundaryIs>
          <LinearRing>
            <coordinates>-93.3124926587534,44.9123885664896 -93.3124546294783,44.9087765643759 -93.3145986357944,44.9087955641411 -93.3145676058469,44.9051955626195 -93.321350644335,44.9052574835785 -93.3213806848476,44.9124635638342 -93.3124926587534,44.9123885664896</coordinates>
          </LinearRing>
        </outerBoundaryIs>
      </Polygon>
      <Style>
        <PolyStyle>
          <color>ccb14040</color>
          <fill>1</fill>
          <outline>1</outline>
        </PolyStyle>
        <LineStyle>
          <color>ff000000</color>
          <width>1</width>
        </LineStyle>
      </Style>
    </Placemark>
    <Placemark>
      <name>Minneapolis W-13 P-7</name>
      <description>&lt;![CDATA[
&lt;h3&gt;Minneapolis W-13 P-7&lt;/h3&gt;
&lt;b&gt;RCV Final Round Results:&lt;/b&gt;&lt;br/&gt;
&lt;b style="color:blue;"&gt;Jacob Frey:&lt;/b&gt; 1,212 (69.2%)&lt;br/&gt;
&lt;b style="color:red;"&gt;Omar Fateh:&lt;/b&gt; 445 (25.4%)&lt;br/&gt;
&lt;b&gt;Exhausted:&lt;/b&gt; 94 (5.4%)&lt;br/&gt;
&lt;b&gt;Total Ballots:&lt;/b&gt; 1,751&lt;br/&gt;
&lt;br/&gt;
&lt;b&gt;Winner: Frey&lt;/b&gt;
]]&gt;</description>
      <Polygon>
        <outerBoundaryIs>
          <LinearRing>
            <coordinates>-93.3035585877948,44.9069115655105 -93.3035735100973,44.8978965615378 -93.308662526654,44.8979195603203 -93.3086624970392,44.894337558761 -93.3137435127518,44.8943455579809 -93.3188175301385,44.8943915582843 -93.3188096191913,44.9052325620182 -93.3086245880358,44.9051255640812 -93.3086396021313,44.9069335644034 -93.3035585877948,44.9069115655105</coordinates>
          </LinearRing>
        </outerBoundaryIs>
      </Polygon>
      <Style>
        <PolyStyle>
          <color>cc9f4040</color>
          <fill>1</fill>
          <outline>1</outline>
        </PolyStyle>
        <LineStyle>
          <color>ff000000</color>
          <width>1</width>
        </LineStyle>
      </Style>
    </Placemark>
    <Placemark>
      <name>Minneapolis W-13 P-8</name>
      <description>&lt;![CDATA[
&lt;h3&gt;Minneapolis W-13 P-8&lt;/h3&gt;
&lt;b&gt;RCV Final Round Results:&lt;/b&gt;&lt;br/&gt;
&lt;b style="color:blue;"&gt;Jacob Frey:&lt;/b&gt; 995 (69.2%)&lt;br/&gt;
&lt;b style="color:red;"&gt;Omar Fateh:&lt;/b&gt; 352 (24.5%)&lt;br/&gt;
&lt;b&gt;Exhausted:&lt;/b&gt; 90 (6.3%)&lt;br/&gt;
&lt;b&gt;Total Ballots:&lt;/b&gt; 1,437&lt;br/&gt;
&lt;br/&gt;
&lt;b&gt;Winner: Frey&lt;/b&gt;
]]&gt;</description>
      <Polygon>
        <outerBoundaryIs>
          <LinearRing>
            <coordinates>-93.308662526654,44.8979195603203 -93.2997664980514,44.8978775613201 -93.2985154876428,44.8970505616043 -93.2974094910355,44.8978665615741 -93.2893204650067,44.8978275622839 -93.2900394559853,44.8965555615962 -93.2904404516323,44.8959545607474 -93.2914354460501,44.8948825603082 -93.2937724362024,44.8928565585409 -93.2948384295398,44.8917785587159 -93.2953674259242,44.8911155577498 -93.2955714226399,44.8907515573367 -93.2957834137932,44.8901455502041 -93.2969531716844,44.8902735356705 -93.2977971746261,44.8903285355 -93.3065952102062,44.8906455348031 -93.3086612169311,44.8906065347865 -93.3123532316194,44.8907165349271 -93.3188174998206,44.8907536184678 -93.3188175301385,44.8943915582843 -93.3137435127518,44.8943455579809 -93.3086624970392,44.894337558761 -93.308662526654,44.8979195603203</coordinates>
          </LinearRing>
        </outerBoundaryIs>
      </Polygon>
      <Style>
        <PolyStyle>
          <color>cc9f4040</color>
          <fill>1</fill>
          <outline>1</outline>
        </PolyStyle>
        <LineStyle>
          <color>ff000000</color>
          <width>1</width>
        </LineStyle>
      </Style>
    </Placemark>
    <Placemark>
      <name>Minneapolis W-13 P-9</name>
      <description>&lt;![CDATA[
&lt;h3&gt;Minneapolis W-13 P-9&lt;/h3&gt;
&lt;b&gt;RCV Final Round Results:&lt;/b&gt;&lt;br/&gt;
&lt;b style="color:blue;"&gt;Jacob Frey:&lt;/b&gt; 959 (71.9%)&lt;br/&gt;
&lt;b style="color:red;"&gt;Omar Fateh:&lt;/b&gt; 307 (23.0%)&lt;br/&gt;
&lt;b&gt;Exhausted:&lt;/b&gt; 67 (5.0%)&lt;br/&gt;
&lt;b&gt;Total Ballots:&lt;/b&gt; 1,333&lt;br/&gt;
&lt;br/&gt;
&lt;b&gt;Winner: Frey&lt;/b&gt;
]]&gt;</description>
      <Polygon>
        <outerBoundaryIs>
          <LinearRing>
            <coordinates>-93.3035585718358,44.9050955649224 -93.2882845268495,44.9050765671527 -93.2882864890325,44.9008465642585 -93.2885144810778,44.899839563668 -93.2887564738403,44.8990445632576 -93.2893204650067,44.8978275622839 -93.2974094910355,44.8978665615741 -93.2985154876428,44.8970505616043 -93.2997664980514,44.8978775613201 -93.3035735100973,44.8978965615378 -93.3035585718358,44.9050955649224</coordinates>
          </LinearRing>
        </outerBoundaryIs>
      </Polygon>
      <Style>
        <PolyStyle>
          <color>cca84040</color>
          <fill>1</fill>
          <outline>1</outline>
        </PolyStyle>
        <LineStyle>
          <color>ff000000</color>
          <width>1</width>
        </LineStyle>
      </Style>
    </Placemark>
    <Placemark>
      <name>Minneapolis W-13 P-10</name>
      <description>&lt;![CDATA[
&lt;h3&gt;Minneapolis W-13 P-10&lt;/h3&gt;
&lt;b&gt;RCV Final Round Results:&lt;/b&gt;&lt;br/&gt;
&lt;b style="color:blue;"&gt;Jacob Frey:&lt;/b&gt; 1,275 (82.2%)&lt;br/&gt;
&lt;b style="color:red;"&gt;Omar Fateh:&lt;/b&gt; 228 (14.7%)&lt;br/&gt;
&lt;b&gt;Exhausted:&lt;/b&gt; 48 (3.1%)&lt;br/&gt;
&lt;b&gt;Total Ballots:&lt;/b&gt; 1,551&lt;br/&gt;
&lt;br/&gt;
&lt;b&gt;Winner: Frey&lt;/b&gt;
]]&gt;</description>
      <Polygon>
        <outerBoundaryIs>
          <LinearRing>
            <coordinates>-93.2984625566446,44.9050995652451 -93.3035435720591,44.9051105644551 -93.3035585877948,44.9069115655105 -93.3086396021313,44.9069335644034 -93.3086245880358,44.9051255640812 -93.3145676058469,44.9051955626195 -93.3145986357944,44.9087955641411 -93.3124546294783,44.9087765643759 -93.3124926587534,44.9123885664896 -93.3086936482055,44.9123585665136 -93.3087386755483,44.9154365678956 -93.3067786688053,44.9152805683911 -93.3056566638648,44.9152275690079 -93.3050916629139,44.9152765694446 -93.3041306633539,44.9154715692177 -93.3031546604933,44.9155895700538 -93.3028486604164,44.9156615694464 -93.3022996613615,44.9158525698292 -93.300460662924,44.9167455707533 -93.3000416644282,44.9170005702775 -93.2995376582686,44.9165085713256 -93.2987216531692,44.9161315716107 -93.2983936499666,44.9159485709975 -93.2981336473538,44.9156355713201 -93.2980426455486,44.9154595709161 -93.2979586420333,44.9151015708865 -93.2979896167778,44.9121025685035 -93.297958613209,44.9116605684355 -93.2982256130412,44.91160656838 -93.2984166117972,44.9114655686576 -93.2984626116351,44.9113745680107 -93.2984625566446,44.9050995652451</coordinates>
          </LinearRing>
        </outerBoundaryIs>
      </Polygon>
      <Style>
        <PolyStyle>
          <color>ccc74040</color>
          <fill>1</fill>
          <outline>1</outline>
        </PolyStyle>
        <LineStyle>
          <color>ff000000</color>
          <width>1</width>
        </LineStyle>
      </Style>
    </Placemark>
    <Placemark>
      <name>Minneapolis W-13 P-11</name>
      <description>&lt;![CDATA[
&lt;h3&gt;Minneapolis W-13 P-11&lt;/h3&gt;
&lt;b&gt;RCV Final Round Results:&lt;/b&gt;&lt;br/&gt;
&lt;b style="color:blue;"&gt;Jacob Frey:&lt;/b&gt; 1,526 (77.4%)&lt;br/&gt;
&lt;b style="color:red;"&gt;Omar Fateh:&lt;/b&gt; 330 (16.7%)&lt;br/&gt;
&lt;b&gt;Exhausted:&lt;/b&gt; 115 (5.8%)&lt;br/&gt;
&lt;b&gt;Total Ballots:&lt;/b&gt; 1,971&lt;br/&gt;
&lt;br/&gt;
&lt;b&gt;Winner: Frey&lt;/b&gt;
]]&gt;</description>
      <Polygon>
        <outerBoundaryIs>
          <LinearRing>
            <coordinates>-93.2883076563836,44.919560575876 -93.2882465906598,44.9123015714838 -93.2882845268495,44.9050765671527 -93.2984625566446,44.9050995652451 -93.298469610738,44.9112755683221 -93.2984166117972,44.9114655686576 -93.2983326127826,44.9115455690091 -93.2980956126144,44.9116485685063 -93.297958613209,44.9116605684355 -93.2979896167778,44.9121025685035 -93.2979586420333,44.9151015708865 -93.2980426455486,44.9154595709161 -93.2981336473538,44.9156355713201 -93.2983936499666,44.9159485709975 -93.2987216531692,44.9161315716107 -93.2995376582686,44.9165085713256 -93.3000416644282,44.9170005702775 -93.2995836654409,44.9173705711201 -93.2993926672411,44.9175735716655 -93.2983786766928,44.9188775728292 -93.2979746806945,44.9195645721777 -93.2883076563836,44.919560575876</coordinates>
          </LinearRing>
        </outerBoundaryIs>
      </Polygon>
      <Style>
        <PolyStyle>
          <color>ccb94040</color>
          <fill>1</fill>
          <outline>1</outline>
        </PolyStyle>
        <LineStyle>
          <color>ff000000</color>
          <width>1</width>
        </LineStyle>
      </Style>
    </Placemark>
    <Placemark>
      <name>Minneapolis W-13 P-12</name>
      <description>&lt;![CDATA[
&lt;h3&gt;Minneapolis W-13 P-12&lt;/h3&gt;
&lt;b&gt;RCV Final Round Results:&lt;/b&gt;&lt;br/&gt;
&lt;b style="color:blue;"&gt;Jacob Frey:&lt;/b&gt; 606 (73.4%)&lt;br/&gt;
&lt;b style="color:red;"&gt;Omar Fateh:&lt;/b&gt; 184 (22.3%)&lt;br/&gt;
&lt;b&gt;Exhausted:&lt;/b&gt; 36 (4.4%)&lt;br/&gt;
&lt;b&gt;Total Ballots:&lt;/b&gt; 826&lt;br/&gt;
&lt;br/&gt;
&lt;b&gt;Winner: Frey&lt;/b&gt;
]]&gt;</description>
      <Polygon>
        <outerBoundaryIs>
          <LinearRing>
            <coordinates>-93.2882767205542,44.9268005803134 -93.2883076563836,44.919560575876 -93.2979746806945,44.9195645721777 -93.2983786766928,44.9188775728292 -93.2993926672411,44.9175735716655 -93.2998046653909,44.9171765709657 -93.300460662924,44.9167455707533 -93.3022996613615,44.9158525698292 -93.3028486604164,44.9156615694464 -93.3034596616951,44.915543569562 -93.3041306633539,44.9154715692177 -93.3053666642179,44.9152425690444 -93.3059386658996,44.9152305685892 -93.3087386755483,44.9154365678956 -93.3105626827397,44.9158065677236 -93.312103693859,44.9166385680638 -93.3130577017475,44.9172455673393 -93.3134917054204,44.9175885678399 -93.3138357103345,44.9179815675433 -93.3140947143301,44.9184355675271 -93.3142017184201,44.9187825681398 -93.3141787186061,44.9188965677956 -93.3140417195994,44.9191675681654 -93.3136447237238,44.9196825679244 -93.3133697294156,44.9205565684565 -93.3130877335724,44.9211395689193 -93.3125237381304,44.9217465696796 -93.3121657417686,44.922363570344 -93.3114247481123,44.923310570738 -93.3113257499702,44.9235465711502 -93.3111957566335,44.9243785710787 -93.3113837587565,44.9246185708735 -93.3103637672088,44.925908572514 -93.3102187688252,44.9261375726616 -93.3100207728879,44.9266105721028 -93.3098377787763,44.9273855734448 -93.3096397773977,44.9273695728706 -93.3092277924314,44.9292535742298 -93.3092657996909,44.93006657366 -93.3091438024804,44.9304705744994 -93.3087628090525,44.9313685750537 -93.3085028079061,44.931309575373 -93.3083318065121,44.9312315754594 -93.3081718054217,44.931082575309 -93.3080858041807,44.9309265751535 -93.3079617981437,44.9302835751371 -93.3078267953574,44.9299385748901 -93.3077497935076,44.9297845747474 -93.3075497910383,44.9295435743777 -93.30738978953,44.9294935748628 -93.3071157883067,44.9294935748745 -93.3068757879004,44.9293815748488 -93.3068067867704,44.929270575121 -93.3068417820771,44.9287735745302 -93.3068157812526,44.9286535742194 -93.3067387810297,44.9285855743935 -93.3066187801921,44.928550574461 -93.306455780394,44.9285505745369 -93.3047027760081,44.928589575293 -93.3035437725775,44.9285065755945 -93.3029327702272,44.9284255756127 -93.3017427649415,44.9281895762824 -93.300598759058,44.9278655762744 -93.3000417572855,44.9276665764428 -93.2989887492746,44.9272125773062 -93.2982787448096,44.9268315770616 -93.2975007389738,44.9264845765624 -93.2972797380426,44.9263465772898 -93.2969207335569,44.9260155769868 -93.2967917323032,44.9258285760881 -93.2966467281391,44.9254275766491 -93.2965777240914,44.9249085760789 -93.2961737357509,44.926415577694 -93.2959907366836,44.926610577486 -93.2957237382009,44.9267435777912 -93.2955707378076,44.9267815772902 -93.2933657314956,44.9267585785742 -93.2933497323165,44.9268085783498 -93.2882767205542,44.9268005803134</coordinates>
          </LinearRing>
        </outerBoundaryIs>
      </Polygon>
      <Style>
        <PolyStyle>
          <color>ccac4040</color>
          <fill>1</fill>
          <outline>1</outline>
        </PolyStyle>
        <LineStyle>
          <color>ff000000</color>
          <width>1</width>
        </LineStyle>
      </Style>
    </Placemark>
    <Placemark>
      <name>Minneapolis W-13 P-13</name>
      <description>&lt;![CDATA[
&lt;h3&gt;Minneapolis W-13 P-13&lt;/h3&gt;
&lt;b&gt;RCV Final Round Results:&lt;/b&gt;&lt;br/&gt;
&lt;b style="color:blue;"&gt;Jacob Frey:&lt;/b&gt; 545 (52.9%)&lt;br/&gt;
&lt;b style="color:red;"&gt;Omar Fateh:&lt;/b&gt; 394 (38.3%)&lt;br/&gt;
&lt;b&gt;Exhausted:&lt;/b&gt; 91 (8.8%)&lt;br/&gt;
&lt;b&gt;Total Ballots:&lt;/b&gt; 1,030&lt;br/&gt;
&lt;br/&gt;
&lt;b&gt;Winner: Frey&lt;/b&gt;
]]&gt;</description>
      <Polygon>
        <outerBoundaryIs>
          <LinearRing>
            <coordinates>-93.3040048516091,44.9377105795026 -93.2882008170586,44.9377105865595 -93.2882977196296,44.9267895799046 -93.2933497323165,44.9268085783498 -93.2933657314956,44.9267585785742 -93.2955707378076,44.9267815772902 -93.2957237382009,44.9267435777912 -93.2959907366836,44.926610577486 -93.2961737357509,44.926415577694 -93.2965777240914,44.9249085760789 -93.2966467281391,44.9254275766491 -93.2967917323032,44.9258285760881 -93.2969207335569,44.9260155769868 -93.2972797380426,44.9263465772898 -93.2975007389738,44.9264845765624 -93.2982787448096,44.9268315770616 -93.2989887492746,44.9272125773062 -93.3000417572855,44.9276665764428 -93.300598759058,44.9278655762744 -93.3017427649415,44.9281895762824 -93.3029327702272,44.9284255756127 -93.3035437725775,44.9285065755945 -93.3047027760081,44.928589575293 -93.3066187801921,44.928550574461 -93.3067387810297,44.9285855743935 -93.3068157812526,44.9286535742194 -93.3068417820771,44.9287735745302 -93.3068067867704,44.929270575121 -93.3068757879004,44.9293815748488 -93.3071157883067,44.9294935748745 -93.30738978953,44.9294935748628 -93.3075497910383,44.9295435743777 -93.3077497935076,44.9297845747474 -93.3078267953574,44.9299385748901 -93.3079617981437,44.9302835751371 -93.3080858041807,44.9309265751535 -93.3081718054217,44.931082575309 -93.3083318065121,44.9312315754594 -93.3085028079061,44.931309575373 -93.3087628090525,44.9313685750537 -93.3079838235522,44.93319057607 -93.3076708262589,44.9336105763374 -93.3072048285557,44.9340205765986 -93.3075098331998,44.9345965763745 -93.3071728342331,44.9347275772607 -93.3054858376181,44.9356855787734 -93.3049398400444,44.9361195787363 -93.3045018440352,44.9366095787082 -93.3043328453465,44.9368715788169 -93.3041878471577,44.9371445791265 -93.3040048516091,44.9377105795026</coordinates>
          </LinearRing>
        </outerBoundaryIs>
      </Polygon>
      <Style>
        <PolyStyle>
          <color>cc6d4040</color>
          <fill>1</fill>
          <outline>1</outline>
        </PolyStyle>
        <LineStyle>
          <color>ff000000</color>
          <width>1</width>
        </LineStyle>
      </Style>
    </Placemark>
    <Placemark>
      <name>Minneapolis W-1 P-1</name>
      <description>&lt;![CDATA[
&lt;h3&gt;Minneapolis W-1 P-1&lt;/h3&gt;
&lt;b&gt;RCV Final Round Results:&lt;/b&gt;&lt;br/&gt;
&lt;b style="color:blue;"&gt;Jacob Frey:&lt;/b&gt; 296 (50.2%)&lt;br/&gt;
&lt;b style="color:red;"&gt;Omar Fateh:&lt;/b&gt; 259 (43.9%)&lt;br/&gt;
&lt;b&gt;Exhausted:&lt;/b&gt; 35 (5.9%)&lt;br/&gt;
&lt;b&gt;Total Ballots:&lt;/b&gt; 590&lt;br/&gt;
&lt;br/&gt;
&lt;b&gt;Winner: Frey&lt;/b&gt;
]]&gt;</description>
      <Style>
        <PolyStyle>
          <color>cc644040</color>
          <fill>1</fill>
          <outline>1</outline>
        </PolyStyle>
        <LineStyle>
          <color>ff000000</color>
          <width>1</width>
        </LineStyle>
      </Style>
    </Placemark>
    <Placemark>
      <name>Minneapolis W-1 P-2</name>
      <description>&lt;![CDATA[
&lt;h3&gt;Minneapolis W-1 P-2&lt;/h3&gt;
&lt;b&gt;RCV Final Round Results:&lt;/b&gt;&lt;br/&gt;
&lt;b style="color:blue;"&gt;Jacob Frey:&lt;/b&gt; 265 (44.4%)&lt;br/&gt;
&lt;b style="color:red;"&gt;Omar Fateh:&lt;/b&gt; 285 (47.7%)&lt;br/&gt;
&lt;b&gt;Exhausted:&lt;/b&gt; 47 (7.9%)&lt;br/&gt;
&lt;b&gt;Total Ballots:&lt;/b&gt; 597&lt;br/&gt;
&lt;br/&gt;
&lt;b&gt;Winner: Fateh&lt;/b&gt;
]]&gt;</description>
      <Style>
        <PolyStyle>
          <color>cc40405c</color>
          <fill>1</fill>
          <outline>1</outline>
        </PolyStyle>
        <LineStyle>
          <color>ff000000</color>
          <width>1</width>
        </LineStyle>
      </Style>
    </Placemark>
    <Placemark>
      <name>Minneapolis W-1 P-3</name>
      <description>&lt;![CDATA[
&lt;h3&gt;Minneapolis W-1 P-3&lt;/h3&gt;
&lt;b&gt;RCV Final Round Results:&lt;/b&gt;&lt;br/&gt;
&lt;b style="color:blue;"&gt;Jacob Frey:&lt;/b&gt; 192 (30.1%)&lt;br/&gt;
&lt;b style="color:red;"&gt;Omar Fateh:&lt;/b&gt; 411 (64.5%)&lt;br/&gt;
&lt;b&gt;Exhausted:&lt;/b&gt; 34 (5.3%)&lt;br/&gt;
&lt;b&gt;Total Ballots:&lt;/b&gt; 637&lt;br/&gt;
&lt;br/&gt;
&lt;b&gt;Winner: Fateh&lt;/b&gt;
]]&gt;</description>
      <Style>
        <PolyStyle>
          <color>cc404091</color>
          <fill>1</fill>
          <outline>1</outline>
        </PolyStyle>
        <LineStyle>
          <color>ff000000</color>
          <width>1</width>
        </LineStyle>
      </Style>
    </Placemark>
    <Placemark>
      <name>Minneapolis W-1 P-4</name>
      <description>&lt;![CDATA[
&lt;h3&gt;Minneapolis W-1 P-4&lt;/h3&gt;
&lt;b&gt;RCV Final Round Results:&lt;/b&gt;&lt;br/&gt;
&lt;b style="color:blue;"&gt;Jacob Frey:&lt;/b&gt; 600 (37.7%)&lt;br/&gt;
&lt;b style="color:red;"&gt;Omar Fateh:&lt;/b&gt; 887 (55.8%)&lt;br/&gt;
&lt;b&gt;Exhausted:&lt;/b&gt; 103 (6.5%)&lt;br/&gt;
&lt;b&gt;Total Ballots:&lt;/b&gt; 1,590&lt;br/&gt;
&lt;br/&gt;
&lt;b&gt;Winner: Fateh&lt;/b&gt;
]]&gt;</description>
      <Style>
        <PolyStyle>
          <color>cc404075</color>
          <fill>1</fill>
          <outline>1</outline>
        </PolyStyle>
        <LineStyle>
          <color>ff000000</color>
          <width>1</width>
        </LineStyle>
      </Style>
    </Placemark>
    <Placemark>
      <name>Minneapolis W-1 P-5</name>
      <description>&lt;![CDATA[
&lt;h3&gt;Minneapolis W-1 P-5&lt;/h3&gt;
&lt;b&gt;RCV Final Round Results:&lt;/b&gt;&lt;br/&gt;
&lt;b style="color:blue;"&gt;Jacob Frey:&lt;/b&gt; 698 (51.2%)&lt;br/&gt;
&lt;b style="color:red;"&gt;Omar Fateh:&lt;/b&gt; 577 (42.4%)&lt;br/&gt;
&lt;b&gt;Exhausted:&lt;/b&gt; 87 (6.4%)&lt;br/&gt;
&lt;b&gt;Total Ballots:&lt;/b&gt; 1,362&lt;br/&gt;
&lt;br/&gt;
&lt;b&gt;Winner: Frey&lt;/b&gt;
]]&gt;</description>
      <Style>
        <PolyStyle>
          <color>cc674040</color>
          <fill>1</fill>
          <outline>1</outline>
        </PolyStyle>
        <LineStyle>
          <color>ff000000</color>
          <width>1</width>
        </LineStyle>
      </Style>
    </Placemark>
    <Placemark>
      <name>Minneapolis W-1 P-6</name>
      <description>&lt;![CDATA[
&lt;h3&gt;Minneapolis W-1 P-6&lt;/h3&gt;
&lt;b&gt;RCV Final Round Results:&lt;/b&gt;&lt;br/&gt;
&lt;b style="color:blue;"&gt;Jacob Frey:&lt;/b&gt; 955 (53.3%)&lt;br/&gt;
&lt;b style="color:red;"&gt;Omar Fateh:&lt;/b&gt; 738 (41.2%)&lt;br/&gt;
&lt;b&gt;Exhausted:&lt;/b&gt; 99 (5.5%)&lt;br/&gt;
&lt;b&gt;Total Ballots:&lt;/b&gt; 1,792&lt;br/&gt;
&lt;br/&gt;
&lt;b&gt;Winner: Frey&lt;/b&gt;
]]&gt;</description>
      <Style>
        <PolyStyle>
          <color>cc6e4040</color>
          <fill>1</fill>
          <outline>1</outline>
        </PolyStyle>
        <LineStyle>
          <color>ff000000</color>
          <width>1</width>
        </LineStyle>
      </Style>
    </Placemark>
    <Placemark>
      <name>Minneapolis W-1 P-7</name>
      <description>&lt;![CDATA[
&lt;h3&gt;Minneapolis W-1 P-7&lt;/h3&gt;
&lt;b&gt;RCV Final Round Results:&lt;/b&gt;&lt;br/&gt;
&lt;b style="color:blue;"&gt;Jacob Frey:&lt;/b&gt; 936 (51.1%)&lt;br/&gt;
&lt;b style="color:red;"&gt;Omar Fateh:&lt;/b&gt; 796 (43.5%)&lt;br/&gt;
&lt;b&gt;Exhausted:&lt;/b&gt; 98 (5.4%)&lt;br/&gt;
&lt;b&gt;Total Ballots:&lt;/b&gt; 1,830&lt;br/&gt;
&lt;br/&gt;
&lt;b&gt;Winner: Frey&lt;/b&gt;
]]&gt;</description>
      <Style>
        <PolyStyle>
          <color>cc674040</color>
          <fill>1</fill>
          <outline>1</outline>
        </PolyStyle>
        <LineStyle>
          <color>ff000000</color>
          <width>1</width>
        </LineStyle>
      </Style>
    </Placemark>
    <Placemark>
      <name>Minneapolis W-1 P-8</name>
      <description>&lt;![CDATA[
&lt;h3&gt;Minneapolis W-1 P-8&lt;/h3&gt;
&lt;b&gt;RCV Final Round Results:&lt;/b&gt;&lt;br/&gt;
&lt;b style="color:blue;"&gt;Jacob Frey:&lt;/b&gt; 383 (43.9%)&lt;br/&gt;
&lt;b style="color:red;"&gt;Omar Fateh:&lt;/b&gt; 451 (51.7%)&lt;br/&gt;
&lt;b&gt;Exhausted:&lt;/b&gt; 39 (4.5%)&lt;br/&gt;
&lt;b&gt;Total Ballots:&lt;/b&gt; 873&lt;br/&gt;
&lt;br/&gt;
&lt;b&gt;Winner: Fateh&lt;/b&gt;
]]&gt;</description>
      <Style>
        <PolyStyle>
          <color>cc404069</color>
          <fill>1</fill>
          <outline>1</outline>
        </PolyStyle>
        <LineStyle>
          <color>ff000000</color>
          <width>1</width>
        </LineStyle>
      </Style>
    </Placemark>
    <Placemark>
      <name>Minneapolis W-1 P-9</name>
      <description>&lt;![CDATA[
&lt;h3&gt;Minneapolis W-1 P-9&lt;/h3&gt;
&lt;b&gt;RCV Final Round Results:&lt;/b&gt;&lt;br/&gt;
&lt;b style="color:blue;"&gt;Jacob Frey:&lt;/b&gt; 572 (41.4%)&lt;br/&gt;
&lt;b style="color:red;"&gt;Omar Fateh:&lt;/b&gt; 735 (53.1%)&lt;br/&gt;
&lt;b&gt;Exhausted:&lt;/b&gt; 76 (5.5%)&lt;br/&gt;
&lt;b&gt;Total Ballots:&lt;/b&gt; 1,383&lt;br/&gt;
&lt;br/&gt;
&lt;b&gt;Winner: Fateh&lt;/b&gt;
]]&gt;</description>
      <Style>
        <PolyStyle>
          <color>cc40406d</color>
          <fill>1</fill>
          <outline>1</outline>
        </PolyStyle>
        <LineStyle>
          <color>ff000000</color>
          <width>1</width>
        </LineStyle>
      </Style>
    </Placemark>
    <Placemark>
      <name>Minneapolis W-1 P-10</name>
      <description>&lt;![CDATA[
&lt;h3&gt;Minneapolis W-1 P-10&lt;/h3&gt;
&lt;b&gt;RCV Final Round Results:&lt;/b&gt;&lt;br/&gt;
&lt;b style="color:blue;"&gt;Jacob Frey:&lt;/b&gt; 695 (56.2%)&lt;br/&gt;
&lt;b style="color:red;"&gt;Omar Fateh:&lt;/b&gt; 463 (37.5%)&lt;br/&gt;
&lt;b&gt;Exhausted:&lt;/b&gt; 78 (6.3%)&lt;br/&gt;
&lt;b&gt;Total Ballots:&lt;/b&gt; 1,236&lt;br/&gt;
&lt;br/&gt;
&lt;b&gt;Winner: Frey&lt;/b&gt;
]]&gt;</description>
      <Style>
        <PolyStyle>
          <color>cc774040</color>
          <fill>1</fill>
          <outline>1</outline>
        </PolyStyle>
        <LineStyle>
          <color>ff000000</color>
          <width>1</width>
        </LineStyle>
      </Style>
    </Placemark>
    <Placemark>
      <name>Minneapolis W-1 P-11</name>
      <description>&lt;![CDATA[
&lt;h3&gt;Minneapolis W-1 P-11&lt;/h3&gt;
&lt;b&gt;RCV Final Round Results:&lt;/b&gt;&lt;br/&gt;
&lt;b style="color:blue;"&gt;Jacob Frey:&lt;/b&gt; 322 (28.0%)&lt;br/&gt;
&lt;b style="color:red;"&gt;Omar Fateh:&lt;/b&gt; 774 (67.4%)&lt;br/&gt;
&lt;b&gt;Exhausted:&lt;/b&gt; 52 (4.5%)&lt;br/&gt;
&lt;b&gt;Total Ballots:&lt;/b&gt; 1,148&lt;br/&gt;
&lt;br/&gt;
&lt;b&gt;Winner: Fateh&lt;/b&gt;
]]&gt;</description>
      <Style>
        <PolyStyle>
          <color>cc40409a</color>
          <fill>1</fill>
          <outline>1</outline>
        </PolyStyle>
        <LineStyle>
          <color>ff000000</color>
          <width>1</width>
        </LineStyle>
      </Style>
    </Placemark>
    <Placemark>
      <name>Minneapolis W-2 P-1</name>
      <description>&lt;![CDATA[
&lt;h3&gt;Minneapolis W-2 P-1&lt;/h3&gt;
&lt;b&gt;RCV Final Round Results:&lt;/b&gt;&lt;br/&gt;
&lt;b style="color:blue;"&gt;Jacob Frey:&lt;/b&gt; 166 (29.1%)&lt;br/&gt;
&lt;b style="color:red;"&gt;Omar Fateh:&lt;/b&gt; 391 (68.5%)&lt;br/&gt;
&lt;b&gt;Exhausted:&lt;/b&gt; 14 (2.5%)&lt;br/&gt;
&lt;b&gt;Total Ballots:&lt;/b&gt; 571&lt;br/&gt;
&lt;br/&gt;
&lt;b&gt;Winner: Fateh&lt;/b&gt;
]]&gt;</description>
      <Style>
        <PolyStyle>
          <color>cc40409d</color>
          <fill>1</fill>
          <outline>1</outline>
        </PolyStyle>
        <LineStyle>
          <color>ff000000</color>
          <width>1</width>
        </LineStyle>
      </Style>
    </Placemark>
    <Placemark>
      <name>Minneapolis W-2 P-2</name>
      <description>&lt;![CDATA[
&lt;h3&gt;Minneapolis W-2 P-2&lt;/h3&gt;
&lt;b&gt;RCV Final Round Results:&lt;/b&gt;&lt;br/&gt;
&lt;b style="color:blue;"&gt;Jacob Frey:&lt;/b&gt; 104 (24.1%)&lt;br/&gt;
&lt;b style="color:red;"&gt;Omar Fateh:&lt;/b&gt; 317 (73.4%)&lt;br/&gt;
&lt;b&gt;Exhausted:&lt;/b&gt; 11 (2.5%)&lt;br/&gt;
&lt;b&gt;Total Ballots:&lt;/b&gt; 432&lt;br/&gt;
&lt;br/&gt;
&lt;b&gt;Winner: Fateh&lt;/b&gt;
]]&gt;</description>
      <Style>
        <PolyStyle>
          <color>cc4040ac</color>
          <fill>1</fill>
          <outline>1</outline>
        </PolyStyle>
        <LineStyle>
          <color>ff000000</color>
          <width>1</width>
        </LineStyle>
      </Style>
    </Placemark>
    <Placemark>
      <name>Minneapolis W-2 P-3</name>
      <description>&lt;![CDATA[
&lt;h3&gt;Minneapolis W-2 P-3&lt;/h3&gt;
&lt;b&gt;RCV Final Round Results:&lt;/b&gt;&lt;br/&gt;
&lt;b style="color:blue;"&gt;Jacob Frey:&lt;/b&gt; 202 (25.4%)&lt;br/&gt;
&lt;b style="color:red;"&gt;Omar Fateh:&lt;/b&gt; 561 (70.6%)&lt;br/&gt;
&lt;b&gt;Exhausted:&lt;/b&gt; 32 (4.0%)&lt;br/&gt;
&lt;b&gt;Total Ballots:&lt;/b&gt; 795&lt;br/&gt;
&lt;br/&gt;
&lt;b&gt;Winner: Fateh&lt;/b&gt;
]]&gt;</description>
      <Style>
        <PolyStyle>
          <color>cc4040a3</color>
          <fill>1</fill>
          <outline>1</outline>
        </PolyStyle>
        <LineStyle>
          <color>ff000000</color>
          <width>1</width>
        </LineStyle>
      </Style>
    </Placemark>
    <Placemark>
      <name>Minneapolis W-2 P-4</name>
      <description>&lt;![CDATA[
&lt;h3&gt;Minneapolis W-2 P-4&lt;/h3&gt;
&lt;b&gt;RCV Final Round Results:&lt;/b&gt;&lt;br/&gt;
&lt;b style="color:blue;"&gt;Jacob Frey:&lt;/b&gt; 63 (15.9%)&lt;br/&gt;
&lt;b style="color:red;"&gt;Omar Fateh:&lt;/b&gt; 328 (82.6%)&lt;br/&gt;
&lt;b&gt;Exhausted:&lt;/b&gt; 6 (1.5%)&lt;br/&gt;
&lt;b&gt;Total Ballots:&lt;/b&gt; 397&lt;br/&gt;
&lt;br/&gt;
&lt;b&gt;Winner: Fateh&lt;/b&gt;
]]&gt;</description>
      <Style>
        <PolyStyle>
          <color>cc4040c9</color>
          <fill>1</fill>
          <outline>1</outline>
        </PolyStyle>
        <LineStyle>
          <color>ff000000</color>
          <width>1</width>
        </LineStyle>
      </Style>
    </Placemark>
    <Placemark>
      <name>Minneapolis W-2 P-5</name>
      <description>&lt;![CDATA[
&lt;h3&gt;Minneapolis W-2 P-5&lt;/h3&gt;
&lt;b&gt;RCV Final Round Results:&lt;/b&gt;&lt;br/&gt;
&lt;b style="color:blue;"&gt;Jacob Frey:&lt;/b&gt; 732 (48.3%)&lt;br/&gt;
&lt;b style="color:red;"&gt;Omar Fateh:&lt;/b&gt; 711 (46.9%)&lt;br/&gt;
&lt;b&gt;Exhausted:&lt;/b&gt; 74 (4.9%)&lt;br/&gt;
&lt;b&gt;Total Ballots:&lt;/b&gt; 1,517&lt;br/&gt;
&lt;br/&gt;
&lt;b&gt;Winner: Frey&lt;/b&gt;
]]&gt;</description>
      <Style>
        <PolyStyle>
          <color>cc5e4040</color>
          <fill>1</fill>
          <outline>1</outline>
        </PolyStyle>
        <LineStyle>
          <color>ff000000</color>
          <width>1</width>
        </LineStyle>
      </Style>
    </Placemark>
    <Placemark>
      <name>Minneapolis W-2 P-6</name>
      <description>&lt;![CDATA[
&lt;h3&gt;Minneapolis W-2 P-6&lt;/h3&gt;
&lt;b&gt;RCV Final Round Results:&lt;/b&gt;&lt;br/&gt;
&lt;b style="color:blue;"&gt;Jacob Frey:&lt;/b&gt; 182 (19.0%)&lt;br/&gt;
&lt;b style="color:red;"&gt;Omar Fateh:&lt;/b&gt; 752 (78.5%)&lt;br/&gt;
&lt;b&gt;Exhausted:&lt;/b&gt; 24 (2.5%)&lt;br/&gt;
&lt;b&gt;Total Ballots:&lt;/b&gt; 958&lt;br/&gt;
&lt;br/&gt;
&lt;b&gt;Winner: Fateh&lt;/b&gt;
]]&gt;</description>
      <Style>
        <PolyStyle>
          <color>cc4040bc</color>
          <fill>1</fill>
          <outline>1</outline>
        </PolyStyle>
        <LineStyle>
          <color>ff000000</color>
          <width>1</width>
        </LineStyle>
      </Style>
    </Placemark>
    <Placemark>
      <name>Minneapolis W-2 P-7</name>
      <description>&lt;![CDATA[
&lt;h3&gt;Minneapolis W-2 P-7&lt;/h3&gt;
&lt;b&gt;RCV Final Round Results:&lt;/b&gt;&lt;br/&gt;
&lt;b style="color:blue;"&gt;Jacob Frey:&lt;/b&gt; 113 (24.7%)&lt;br/&gt;
&lt;b style="color:red;"&gt;Omar Fateh:&lt;/b&gt; 330 (72.1%)&lt;br/&gt;
&lt;b&gt;Exhausted:&lt;/b&gt; 15 (3.3%)&lt;br/&gt;
&lt;b&gt;Total Ballots:&lt;/b&gt; 458&lt;br/&gt;
&lt;br/&gt;
&lt;b&gt;Winner: Fateh&lt;/b&gt;
]]&gt;</description>
      <Style>
        <PolyStyle>
          <color>cc4040a8</color>
          <fill>1</fill>
          <outline>1</outline>
        </PolyStyle>
        <LineStyle>
          <color>ff000000</color>
          <width>1</width>
        </LineStyle>
      </Style>
    </Placemark>
    <Placemark>
      <name>Minneapolis W-2 P-8</name>
      <description>&lt;![CDATA[
&lt;h3&gt;Minneapolis W-2 P-8&lt;/h3&gt;
&lt;b&gt;RCV Final Round Results:&lt;/b&gt;&lt;br/&gt;
&lt;b style="color:blue;"&gt;Jacob Frey:&lt;/b&gt; 538 (39.4%)&lt;br/&gt;
&lt;b style="color:red;"&gt;Omar Fateh:&lt;/b&gt; 728 (53.4%)&lt;br/&gt;
&lt;b&gt;Exhausted:&lt;/b&gt; 98 (7.2%)&lt;br/&gt;
&lt;b&gt;Total Ballots:&lt;/b&gt; 1,364&lt;br/&gt;
&lt;br/&gt;
&lt;b&gt;Winner: Fateh&lt;/b&gt;
]]&gt;</description>
      <Style>
        <PolyStyle>
          <color>cc40406e</color>
          <fill>1</fill>
          <outline>1</outline>
        </PolyStyle>
        <LineStyle>
          <color>ff000000</color>
          <width>1</width>
        </LineStyle>
      </Style>
    </Placemark>
    <Placemark>
      <name>Minneapolis W-2 P-9</name>
      <description>&lt;![CDATA[
&lt;h3&gt;Minneapolis W-2 P-9&lt;/h3&gt;
&lt;b&gt;RCV Final Round Results:&lt;/b&gt;&lt;br/&gt;
&lt;b style="color:blue;"&gt;Jacob Frey:&lt;/b&gt; 232 (50.1%)&lt;br/&gt;
&lt;b style="color:red;"&gt;Omar Fateh:&lt;/b&gt; 200 (43.2%)&lt;br/&gt;
&lt;b&gt;Exhausted:&lt;/b&gt; 31 (6.7%)&lt;br/&gt;
&lt;b&gt;Total Ballots:&lt;/b&gt; 463&lt;br/&gt;
&lt;br/&gt;
&lt;b&gt;Winner: Frey&lt;/b&gt;
]]&gt;</description>
      <Style>
        <PolyStyle>
          <color>cc644040</color>
          <fill>1</fill>
          <outline>1</outline>
        </PolyStyle>
        <LineStyle>
          <color>ff000000</color>
          <width>1</width>
        </LineStyle>
      </Style>
    </Placemark>
    <Placemark>
      <name>Minneapolis W-3 P-1</name>
      <description>&lt;![CDATA[
&lt;h3&gt;Minneapolis W-3 P-1&lt;/h3&gt;
&lt;b&gt;RCV Final Round Results:&lt;/b&gt;&lt;br/&gt;
&lt;b style="color:blue;"&gt;Jacob Frey:&lt;/b&gt; 467 (38.3%)&lt;br/&gt;
&lt;b style="color:red;"&gt;Omar Fateh:&lt;/b&gt; 695 (57.0%)&lt;br/&gt;
&lt;b&gt;Exhausted:&lt;/b&gt; 58 (4.8%)&lt;br/&gt;
&lt;b&gt;Total Ballots:&lt;/b&gt; 1,220&lt;br/&gt;
&lt;br/&gt;
&lt;b&gt;Winner: Fateh&lt;/b&gt;
]]&gt;</description>
      <Style>
        <PolyStyle>
          <color>cc404079</color>
          <fill>1</fill>
          <outline>1</outline>
        </PolyStyle>
        <LineStyle>
          <color>ff000000</color>
          <width>1</width>
        </LineStyle>
      </Style>
    </Placemark>
    <Placemark>
      <name>Minneapolis W-3 P-2</name>
      <description>&lt;![CDATA[
&lt;h3&gt;Minneapolis W-3 P-2&lt;/h3&gt;
&lt;b&gt;RCV Final Round Results:&lt;/b&gt;&lt;br/&gt;
&lt;b style="color:blue;"&gt;Jacob Frey:&lt;/b&gt; 637 (49.6%)&lt;br/&gt;
&lt;b style="color:red;"&gt;Omar Fateh:&lt;/b&gt; 578 (45.1%)&lt;br/&gt;
&lt;b&gt;Exhausted:&lt;/b&gt; 68 (5.3%)&lt;br/&gt;
&lt;b&gt;Total Ballots:&lt;/b&gt; 1,283&lt;br/&gt;
&lt;br/&gt;
&lt;b&gt;Winner: Frey&lt;/b&gt;
]]&gt;</description>
      <Style>
        <PolyStyle>
          <color>cc624040</color>
          <fill>1</fill>
          <outline>1</outline>
        </PolyStyle>
        <LineStyle>
          <color>ff000000</color>
          <width>1</width>
        </LineStyle>
      </Style>
    </Placemark>
    <Placemark>
      <name>Minneapolis W-3 P-3</name>
      <description>&lt;![CDATA[
&lt;h3&gt;Minneapolis W-3 P-3&lt;/h3&gt;
&lt;b&gt;RCV Final Round Results:&lt;/b&gt;&lt;br/&gt;
&lt;b style="color:blue;"&gt;Jacob Frey:&lt;/b&gt; 229 (41.8%)&lt;br/&gt;
&lt;b style="color:red;"&gt;Omar Fateh:&lt;/b&gt; 287 (52.4%)&lt;br/&gt;
&lt;b&gt;Exhausted:&lt;/b&gt; 32 (5.8%)&lt;br/&gt;
&lt;b&gt;Total Ballots:&lt;/b&gt; 548&lt;br/&gt;
&lt;br/&gt;
&lt;b&gt;Winner: Fateh&lt;/b&gt;
]]&gt;</description>
      <Style>
        <PolyStyle>
          <color>cc40406b</color>
          <fill>1</fill>
          <outline>1</outline>
        </PolyStyle>
        <LineStyle>
          <color>ff000000</color>
          <width>1</width>
        </LineStyle>
      </Style>
    </Placemark>
    <Placemark>
      <name>Minneapolis W-3 P-4</name>
      <description>&lt;![CDATA[
&lt;h3&gt;Minneapolis W-3 P-4&lt;/h3&gt;
&lt;b&gt;RCV Final Round Results:&lt;/b&gt;&lt;br/&gt;
&lt;b style="color:blue;"&gt;Jacob Frey:&lt;/b&gt; 227 (40.0%)&lt;br/&gt;
&lt;b style="color:red;"&gt;Omar Fateh:&lt;/b&gt; 326 (57.4%)&lt;br/&gt;
&lt;b&gt;Exhausted:&lt;/b&gt; 15 (2.6%)&lt;br/&gt;
&lt;b&gt;Total Ballots:&lt;/b&gt; 568&lt;br/&gt;
&lt;br/&gt;
&lt;b&gt;Winner: Fateh&lt;/b&gt;
]]&gt;</description>
      <Style>
        <PolyStyle>
          <color>cc40407a</color>
          <fill>1</fill>
          <outline>1</outline>
        </PolyStyle>
        <LineStyle>
          <color>ff000000</color>
          <width>1</width>
        </LineStyle>
      </Style>
    </Placemark>
    <Placemark>
      <name>Minneapolis W-3 P-5</name>
      <description>&lt;![CDATA[
&lt;h3&gt;Minneapolis W-3 P-5&lt;/h3&gt;
&lt;b&gt;RCV Final Round Results:&lt;/b&gt;&lt;br/&gt;
&lt;b style="color:blue;"&gt;Jacob Frey:&lt;/b&gt; 700 (64.0%)&lt;br/&gt;
&lt;b style="color:red;"&gt;Omar Fateh:&lt;/b&gt; 347 (31.7%)&lt;br/&gt;
&lt;b&gt;Exhausted:&lt;/b&gt; 46 (4.2%)&lt;br/&gt;
&lt;b&gt;Total Ballots:&lt;/b&gt; 1,093&lt;br/&gt;
&lt;br/&gt;
&lt;b&gt;Winner: Frey&lt;/b&gt;
]]&gt;</description>
      <Style>
        <PolyStyle>
          <color>cc8f4040</color>
          <fill>1</fill>
          <outline>1</outline>
        </PolyStyle>
        <LineStyle>
          <color>ff000000</color>
          <width>1</width>
        </LineStyle>
      </Style>
    </Placemark>
    <Placemark>
      <name>Minneapolis W-3 P-6</name>
      <description>&lt;![CDATA[
&lt;h3&gt;Minneapolis W-3 P-6&lt;/h3&gt;
&lt;b&gt;RCV Final Round Results:&lt;/b&gt;&lt;br/&gt;
&lt;b style="color:blue;"&gt;Jacob Frey:&lt;/b&gt; 746 (72.5%)&lt;br/&gt;
&lt;b style="color:red;"&gt;Omar Fateh:&lt;/b&gt; 251 (24.4%)&lt;br/&gt;
&lt;b&gt;Exhausted:&lt;/b&gt; 32 (3.1%)&lt;br/&gt;
&lt;b&gt;Total Ballots:&lt;/b&gt; 1,029&lt;br/&gt;
&lt;br/&gt;
&lt;b&gt;Winner: Frey&lt;/b&gt;
]]&gt;</description>
      <Style>
        <PolyStyle>
          <color>cca94040</color>
          <fill>1</fill>
          <outline>1</outline>
        </PolyStyle>
        <LineStyle>
          <color>ff000000</color>
          <width>1</width>
        </LineStyle>
      </Style>
    </Placemark>
    <Placemark>
      <name>Minneapolis W-3 P-7</name>
      <description>&lt;![CDATA[
&lt;h3&gt;Minneapolis W-3 P-7&lt;/h3&gt;
&lt;b&gt;RCV Final Round Results:&lt;/b&gt;&lt;br/&gt;
&lt;b style="color:blue;"&gt;Jacob Frey:&lt;/b&gt; 1,639 (65.0%)&lt;br/&gt;
&lt;b style="color:red;"&gt;Omar Fateh:&lt;/b&gt; 801 (31.7%)&lt;br/&gt;
&lt;b&gt;Exhausted:&lt;/b&gt; 83 (3.3%)&lt;br/&gt;
&lt;b&gt;Total Ballots:&lt;/b&gt; 2,523&lt;br/&gt;
&lt;br/&gt;
&lt;b&gt;Winner: Frey&lt;/b&gt;
]]&gt;</description>
      <Style>
        <PolyStyle>
          <color>cc924040</color>
          <fill>1</fill>
          <outline>1</outline>
        </PolyStyle>
        <LineStyle>
          <color>ff000000</color>
          <width>1</width>
        </LineStyle>
      </Style>
    </Placemark>
    <Placemark>
      <name>Minneapolis W-3 P-8</name>
      <description>&lt;![CDATA[
&lt;h3&gt;Minneapolis W-3 P-8&lt;/h3&gt;
&lt;b&gt;RCV Final Round Results:&lt;/b&gt;&lt;br/&gt;
&lt;b style="color:blue;"&gt;Jacob Frey:&lt;/b&gt; 273 (34.3%)&lt;br/&gt;
&lt;b style="color:red;"&gt;Omar Fateh:&lt;/b&gt; 493 (61.9%)&lt;br/&gt;
&lt;b&gt;Exhausted:&lt;/b&gt; 30 (3.8%)&lt;br/&gt;
&lt;b&gt;Total Ballots:&lt;/b&gt; 796&lt;br/&gt;
&lt;br/&gt;
&lt;b&gt;Winner: Fateh&lt;/b&gt;
]]&gt;</description>
      <Style>
        <PolyStyle>
          <color>cc404088</color>
          <fill>1</fill>
          <outline>1</outline>
        </PolyStyle>
        <LineStyle>
          <color>ff000000</color>
          <width>1</width>
        </LineStyle>
      </Style>
    </Placemark>
    <Placemark>
      <name>Minneapolis W-3 P-9</name>
      <description>&lt;![CDATA[
&lt;h3&gt;Minneapolis W-3 P-9&lt;/h3&gt;
&lt;b&gt;RCV Final Round Results:&lt;/b&gt;&lt;br/&gt;
&lt;b style="color:blue;"&gt;Jacob Frey:&lt;/b&gt; 175 (24.6%)&lt;br/&gt;
&lt;b style="color:red;"&gt;Omar Fateh:&lt;/b&gt; 516 (72.7%)&lt;br/&gt;
&lt;b&gt;Exhausted:&lt;/b&gt; 19 (2.7%)&lt;br/&gt;
&lt;b&gt;Total Ballots:&lt;/b&gt; 710&lt;br/&gt;
&lt;br/&gt;
&lt;b&gt;Winner: Fateh&lt;/b&gt;
]]&gt;</description>
      <Style>
        <PolyStyle>
          <color>cc4040aa</color>
          <fill>1</fill>
          <outline>1</outline>
        </PolyStyle>
        <LineStyle>
          <color>ff000000</color>
          <width>1</width>
        </LineStyle>
      </Style>
    </Placemark>
    <Placemark>
      <name>Minneapolis W-3 P-10</name>
      <description>&lt;![CDATA[
&lt;h3&gt;Minneapolis W-3 P-10&lt;/h3&gt;
&lt;b&gt;RCV Final Round Results:&lt;/b&gt;&lt;br/&gt;
&lt;b style="color:blue;"&gt;Jacob Frey:&lt;/b&gt; 1,022 (68.0%)&lt;br/&gt;
&lt;b style="color:red;"&gt;Omar Fateh:&lt;/b&gt; 417 (27.7%)&lt;br/&gt;
&lt;b&gt;Exhausted:&lt;/b&gt; 65 (4.3%)&lt;br/&gt;
&lt;b&gt;Total Ballots:&lt;/b&gt; 1,504&lt;br/&gt;
&lt;br/&gt;
&lt;b&gt;Winner: Frey&lt;/b&gt;
]]&gt;</description>
      <Style>
        <PolyStyle>
          <color>cc9b4040</color>
          <fill>1</fill>
          <outline>1</outline>
        </PolyStyle>
        <LineStyle>
          <color>ff000000</color>
          <width>1</width>
        </LineStyle>
      </Style>
    </Placemark>
    <Placemark>
      <name>Minneapolis W-3 P-11</name>
      <description>&lt;![CDATA[
&lt;h3&gt;Minneapolis W-3 P-11&lt;/h3&gt;
&lt;b&gt;RCV Final Round Results:&lt;/b&gt;&lt;br/&gt;
&lt;b style="color:blue;"&gt;Jacob Frey:&lt;/b&gt; 1,021 (75.0%)&lt;br/&gt;
&lt;b style="color:red;"&gt;Omar Fateh:&lt;/b&gt; 287 (21.1%)&lt;br/&gt;
&lt;b&gt;Exhausted:&lt;/b&gt; 54 (4.0%)&lt;br/&gt;
&lt;b&gt;Total Ballots:&lt;/b&gt; 1,362&lt;br/&gt;
&lt;br/&gt;
&lt;b&gt;Winner: Frey&lt;/b&gt;
]]&gt;</description>
      <Style>
        <PolyStyle>
          <color>ccb14040</color>
          <fill>1</fill>
          <outline>1</outline>
        </PolyStyle>
        <LineStyle>
          <color>ff000000</color>
          <width>1</width>
        </LineStyle>
      </Style>
    </Placemark>
    <Placemark>
      <name>Minneapolis W-3 P-12</name>
      <description>&lt;![CDATA[
&lt;h3&gt;Minneapolis W-3 P-12&lt;/h3&gt;
&lt;b&gt;RCV Final Round Results:&lt;/b&gt;&lt;br/&gt;
&lt;b style="color:blue;"&gt;Jacob Frey:&lt;/b&gt; 750 (68.1%)&lt;br/&gt;
&lt;b style="color:red;"&gt;Omar Fateh:&lt;/b&gt; 314 (28.5%)&lt;br/&gt;
&lt;b&gt;Exhausted:&lt;/b&gt; 37 (3.4%)&lt;br/&gt;
&lt;b&gt;Total Ballots:&lt;/b&gt; 1,101&lt;br/&gt;
&lt;br/&gt;
&lt;b&gt;Winner: Frey&lt;/b&gt;
]]&gt;</description>
      <Style>
        <PolyStyle>
          <color>cc9c4040</color>
          <fill>1</fill>
          <outline>1</outline>
        </PolyStyle>
        <LineStyle>
          <color>ff000000</color>
          <width>1</width>
        </LineStyle>
      </Style>
    </Placemark>
    <Placemark>
      <name>Minneapolis W-4 P-1</name>
      <description>&lt;![CDATA[
&lt;h3&gt;Minneapolis W-4 P-1&lt;/h3&gt;
&lt;b&gt;RCV Final Round Results:&lt;/b&gt;&lt;br/&gt;
&lt;b style="color:blue;"&gt;Jacob Frey:&lt;/b&gt; 386 (59.8%)&lt;br/&gt;
&lt;b style="color:red;"&gt;Omar Fateh:&lt;/b&gt; 208 (32.2%)&lt;br/&gt;
&lt;b&gt;Exhausted:&lt;/b&gt; 52 (8.0%)&lt;br/&gt;
&lt;b&gt;Total Ballots:&lt;/b&gt; 646&lt;br/&gt;
&lt;br/&gt;
&lt;b&gt;Winner: Frey&lt;/b&gt;
]]&gt;</description>
      <Style>
        <PolyStyle>
          <color>cc824040</color>
          <fill>1</fill>
          <outline>1</outline>
        </PolyStyle>
        <LineStyle>
          <color>ff000000</color>
          <width>1</width>
        </LineStyle>
      </Style>
    </Placemark>
    <Placemark>
      <name>Minneapolis W-4 P-2</name>
      <description>&lt;![CDATA[
&lt;h3&gt;Minneapolis W-4 P-2&lt;/h3&gt;
&lt;b&gt;RCV Final Round Results:&lt;/b&gt;&lt;br/&gt;
&lt;b style="color:blue;"&gt;Jacob Frey:&lt;/b&gt; 553 (55.8%)&lt;br/&gt;
&lt;b style="color:red;"&gt;Omar Fateh:&lt;/b&gt; 315 (31.8%)&lt;br/&gt;
&lt;b&gt;Exhausted:&lt;/b&gt; 123 (12.4%)&lt;br/&gt;
&lt;b&gt;Total Ballots:&lt;/b&gt; 991&lt;br/&gt;
&lt;br/&gt;
&lt;b&gt;Winner: Frey&lt;/b&gt;
]]&gt;</description>
      <Style>
        <PolyStyle>
          <color>cc754040</color>
          <fill>1</fill>
          <outline>1</outline>
        </PolyStyle>
        <LineStyle>
          <color>ff000000</color>
          <width>1</width>
        </LineStyle>
      </Style>
    </Placemark>
    <Placemark>
      <name>Minneapolis W-4 P-3</name>
      <description>&lt;![CDATA[
&lt;h3&gt;Minneapolis W-4 P-3&lt;/h3&gt;
&lt;b&gt;RCV Final Round Results:&lt;/b&gt;&lt;br/&gt;
&lt;b style="color:blue;"&gt;Jacob Frey:&lt;/b&gt; 1,000 (54.6%)&lt;br/&gt;
&lt;b style="color:red;"&gt;Omar Fateh:&lt;/b&gt; 704 (38.4%)&lt;br/&gt;
&lt;b&gt;Exhausted:&lt;/b&gt; 128 (7.0%)&lt;br/&gt;
&lt;b&gt;Total Ballots:&lt;/b&gt; 1,832&lt;br/&gt;
&lt;br/&gt;
&lt;b&gt;Winner: Frey&lt;/b&gt;
]]&gt;</description>
      <Style>
        <PolyStyle>
          <color>cc724040</color>
          <fill>1</fill>
          <outline>1</outline>
        </PolyStyle>
        <LineStyle>
          <color>ff000000</color>
          <width>1</width>
        </LineStyle>
      </Style>
    </Placemark>
    <Placemark>
      <name>Minneapolis W-4 P-4</name>
      <description>&lt;![CDATA[
&lt;h3&gt;Minneapolis W-4 P-4&lt;/h3&gt;
&lt;b&gt;RCV Final Round Results:&lt;/b&gt;&lt;br/&gt;
&lt;b style="color:blue;"&gt;Jacob Frey:&lt;/b&gt; 294 (49.5%)&lt;br/&gt;
&lt;b style="color:red;"&gt;Omar Fateh:&lt;/b&gt; 254 (42.8%)&lt;br/&gt;
&lt;b&gt;Exhausted:&lt;/b&gt; 46 (7.7%)&lt;br/&gt;
&lt;b&gt;Total Ballots:&lt;/b&gt; 594&lt;br/&gt;
&lt;br/&gt;
&lt;b&gt;Winner: Frey&lt;/b&gt;
]]&gt;</description>
      <Style>
        <PolyStyle>
          <color>cc624040</color>
          <fill>1</fill>
          <outline>1</outline>
        </PolyStyle>
        <LineStyle>
          <color>ff000000</color>
          <width>1</width>
        </LineStyle>
      </Style>
    </Placemark>
    <Placemark>
      <name>Minneapolis W-4 P-5</name>
      <description>&lt;![CDATA[
&lt;h3&gt;Minneapolis W-4 P-5&lt;/h3&gt;
&lt;b&gt;RCV Final Round Results:&lt;/b&gt;&lt;br/&gt;
&lt;b style="color:blue;"&gt;Jacob Frey:&lt;/b&gt; 382 (56.4%)&lt;br/&gt;
&lt;b style="color:red;"&gt;Omar Fateh:&lt;/b&gt; 244 (36.0%)&lt;br/&gt;
&lt;b&gt;Exhausted:&lt;/b&gt; 51 (7.5%)&lt;br/&gt;
&lt;b&gt;Total Ballots:&lt;/b&gt; 677&lt;br/&gt;
&lt;br/&gt;
&lt;b&gt;Winner: Frey&lt;/b&gt;
]]&gt;</description>
      <Style>
        <PolyStyle>
          <color>cc774040</color>
          <fill>1</fill>
          <outline>1</outline>
        </PolyStyle>
        <LineStyle>
          <color>ff000000</color>
          <width>1</width>
        </LineStyle>
      </Style>
    </Placemark>
    <Placemark>
      <name>Minneapolis W-4 P-6</name>
      <description>&lt;![CDATA[
&lt;h3&gt;Minneapolis W-4 P-6&lt;/h3&gt;
&lt;b&gt;RCV Final Round Results:&lt;/b&gt;&lt;br/&gt;
&lt;b style="color:blue;"&gt;Jacob Frey:&lt;/b&gt; 330 (46.9%)&lt;br/&gt;
&lt;b style="color:red;"&gt;Omar Fateh:&lt;/b&gt; 326 (46.3%)&lt;br/&gt;
&lt;b&gt;Exhausted:&lt;/b&gt; 48 (6.8%)&lt;br/&gt;
&lt;b&gt;Total Ballots:&lt;/b&gt; 704&lt;br/&gt;
&lt;br/&gt;
&lt;b&gt;Winner: Frey&lt;/b&gt;
]]&gt;</description>
      <Style>
        <PolyStyle>
          <color>cc5a4040</color>
          <fill>1</fill>
          <outline>1</outline>
        </PolyStyle>
        <LineStyle>
          <color>ff000000</color>
          <width>1</width>
        </LineStyle>
      </Style>
    </Placemark>
    <Placemark>
      <name>Minneapolis W-4 P-7</name>
      <description>&lt;![CDATA[
&lt;h3&gt;Minneapolis W-4 P-7&lt;/h3&gt;
&lt;b&gt;RCV Final Round Results:&lt;/b&gt;&lt;br/&gt;
&lt;b style="color:blue;"&gt;Jacob Frey:&lt;/b&gt; 451 (47.2%)&lt;br/&gt;
&lt;b style="color:red;"&gt;Omar Fateh:&lt;/b&gt; 436 (45.6%)&lt;br/&gt;
&lt;b&gt;Exhausted:&lt;/b&gt; 69 (7.2%)&lt;br/&gt;
&lt;b&gt;Total Ballots:&lt;/b&gt; 956&lt;br/&gt;
&lt;br/&gt;
&lt;b&gt;Winner: Frey&lt;/b&gt;
]]&gt;</description>
      <Style>
        <PolyStyle>
          <color>cc5b4040</color>
          <fill>1</fill>
          <outline>1</outline>
        </PolyStyle>
        <LineStyle>
          <color>ff000000</color>
          <width>1</width>
        </LineStyle>
      </Style>
    </Placemark>
    <Placemark>
      <name>Minneapolis W-4 P-8</name>
      <description>&lt;![CDATA[
&lt;h3&gt;Minneapolis W-4 P-8&lt;/h3&gt;
&lt;b&gt;RCV Final Round Results:&lt;/b&gt;&lt;br/&gt;
&lt;b style="color:blue;"&gt;Jacob Frey:&lt;/b&gt; 249 (57.0%)&lt;br/&gt;
&lt;b style="color:red;"&gt;Omar Fateh:&lt;/b&gt; 152 (34.8%)&lt;br/&gt;
&lt;b&gt;Exhausted:&lt;/b&gt; 36 (8.2%)&lt;br/&gt;
&lt;b&gt;Total Ballots:&lt;/b&gt; 437&lt;br/&gt;
&lt;br/&gt;
&lt;b&gt;Winner: Frey&lt;/b&gt;
]]&gt;</description>
      <Style>
        <PolyStyle>
          <color>cc794040</color>
          <fill>1</fill>
          <outline>1</outline>
        </PolyStyle>
        <LineStyle>
          <color>ff000000</color>
          <width>1</width>
        </LineStyle>
      </Style>
    </Placemark>
    <Placemark>
      <name>Minneapolis W-4 P-9</name>
      <description>&lt;![CDATA[
&lt;h3&gt;Minneapolis W-4 P-9&lt;/h3&gt;
&lt;b&gt;RCV Final Round Results:&lt;/b&gt;&lt;br/&gt;
&lt;b style="color:blue;"&gt;Jacob Frey:&lt;/b&gt; 61 (62.2%)&lt;br/&gt;
&lt;b style="color:red;"&gt;Omar Fateh:&lt;/b&gt; 34 (34.7%)&lt;br/&gt;
&lt;b&gt;Exhausted:&lt;/b&gt; 3 (3.1%)&lt;br/&gt;
&lt;b&gt;Total Ballots:&lt;/b&gt; 98&lt;br/&gt;
&lt;br/&gt;
&lt;b&gt;Winner: Frey&lt;/b&gt;
]]&gt;</description>
      <Style>
        <PolyStyle>
          <color>cc894040</color>
          <fill>1</fill>
          <outline>1</outline>
        </PolyStyle>
        <LineStyle>
          <color>ff000000</color>
          <width>1</width>
        </LineStyle>
      </Style>
    </Placemark>
    <Placemark>
      <name>Minneapolis W-5 P-1</name>
      <description>&lt;![CDATA[
&lt;h3&gt;Minneapolis W-5 P-1&lt;/h3&gt;
&lt;b&gt;RCV Final Round Results:&lt;/b&gt;&lt;br/&gt;
&lt;b style="color:blue;"&gt;Jacob Frey:&lt;/b&gt; 233 (49.9%)&lt;br/&gt;
&lt;b style="color:red;"&gt;Omar Fateh:&lt;/b&gt; 189 (40.5%)&lt;br/&gt;
&lt;b&gt;Exhausted:&lt;/b&gt; 45 (9.6%)&lt;br/&gt;
&lt;b&gt;Total Ballots:&lt;/b&gt; 467&lt;br/&gt;
&lt;br/&gt;
&lt;b&gt;Winner: Frey&lt;/b&gt;
]]&gt;</description>
      <Style>
        <PolyStyle>
          <color>cc634040</color>
          <fill>1</fill>
          <outline>1</outline>
        </PolyStyle>
        <LineStyle>
          <color>ff000000</color>
          <width>1</width>
        </LineStyle>
      </Style>
    </Placemark>
    <Placemark>
      <name>Minneapolis W-5 P-2</name>
      <description>&lt;![CDATA[
&lt;h3&gt;Minneapolis W-5 P-2&lt;/h3&gt;
&lt;b&gt;RCV Final Round Results:&lt;/b&gt;&lt;br/&gt;
&lt;b style="color:blue;"&gt;Jacob Frey:&lt;/b&gt; 432 (51.0%)&lt;br/&gt;
&lt;b style="color:red;"&gt;Omar Fateh:&lt;/b&gt; 341 (40.3%)&lt;br/&gt;
&lt;b&gt;Exhausted:&lt;/b&gt; 74 (8.7%)&lt;br/&gt;
&lt;b&gt;Total Ballots:&lt;/b&gt; 847&lt;br/&gt;
&lt;br/&gt;
&lt;b&gt;Winner: Frey&lt;/b&gt;
]]&gt;</description>
      <Style>
        <PolyStyle>
          <color>cc674040</color>
          <fill>1</fill>
          <outline>1</outline>
        </PolyStyle>
        <LineStyle>
          <color>ff000000</color>
          <width>1</width>
        </LineStyle>
      </Style>
    </Placemark>
    <Placemark>
      <name>Minneapolis W-5 P-3</name>
      <description>&lt;![CDATA[
&lt;h3&gt;Minneapolis W-5 P-3&lt;/h3&gt;
&lt;b&gt;RCV Final Round Results:&lt;/b&gt;&lt;br/&gt;
&lt;b style="color:blue;"&gt;Jacob Frey:&lt;/b&gt; 287 (46.4%)&lt;br/&gt;
&lt;b style="color:red;"&gt;Omar Fateh:&lt;/b&gt; 257 (41.5%)&lt;br/&gt;
&lt;b&gt;Exhausted:&lt;/b&gt; 75 (12.1%)&lt;br/&gt;
&lt;b&gt;Total Ballots:&lt;/b&gt; 619&lt;br/&gt;
&lt;br/&gt;
&lt;b&gt;Winner: Frey&lt;/b&gt;
]]&gt;</description>
      <Style>
        <PolyStyle>
          <color>cc584040</color>
          <fill>1</fill>
          <outline>1</outline>
        </PolyStyle>
        <LineStyle>
          <color>ff000000</color>
          <width>1</width>
        </LineStyle>
      </Style>
    </Placemark>
    <Placemark>
      <name>Minneapolis W-5 P-4</name>
      <description>&lt;![CDATA[
&lt;h3&gt;Minneapolis W-5 P-4&lt;/h3&gt;
&lt;b&gt;RCV Final Round Results:&lt;/b&gt;&lt;br/&gt;
&lt;b style="color:blue;"&gt;Jacob Frey:&lt;/b&gt; 438 (51.4%)&lt;br/&gt;
&lt;b style="color:red;"&gt;Omar Fateh:&lt;/b&gt; 354 (41.5%)&lt;br/&gt;
&lt;b&gt;Exhausted:&lt;/b&gt; 60 (7.0%)&lt;br/&gt;
&lt;b&gt;Total Ballots:&lt;/b&gt; 852&lt;br/&gt;
&lt;br/&gt;
&lt;b&gt;Winner: Frey&lt;/b&gt;
]]&gt;</description>
      <Style>
        <PolyStyle>
          <color>cc684040</color>
          <fill>1</fill>
          <outline>1</outline>
        </PolyStyle>
        <LineStyle>
          <color>ff000000</color>
          <width>1</width>
        </LineStyle>
      </Style>
    </Placemark>
    <Placemark>
      <name>Minneapolis W-5 P-5</name>
      <description>&lt;![CDATA[
&lt;h3&gt;Minneapolis W-5 P-5&lt;/h3&gt;
&lt;b&gt;RCV Final Round Results:&lt;/b&gt;&lt;br/&gt;
&lt;b style="color:blue;"&gt;Jacob Frey:&lt;/b&gt; 310 (52.0%)&lt;br/&gt;
&lt;b style="color:red;"&gt;Omar Fateh:&lt;/b&gt; 236 (39.6%)&lt;br/&gt;
&lt;b&gt;Exhausted:&lt;/b&gt; 50 (8.4%)&lt;br/&gt;
&lt;b&gt;Total Ballots:&lt;/b&gt; 596&lt;br/&gt;
&lt;br/&gt;
&lt;b&gt;Winner: Frey&lt;/b&gt;
]]&gt;</description>
      <Style>
        <PolyStyle>
          <color>cc6a4040</color>
          <fill>1</fill>
          <outline>1</outline>
        </PolyStyle>
        <LineStyle>
          <color>ff000000</color>
          <width>1</width>
        </LineStyle>
      </Style>
    </Placemark>
    <Placemark>
      <name>Minneapolis W-5 P-6</name>
      <description>&lt;![CDATA[
&lt;h3&gt;Minneapolis W-5 P-6&lt;/h3&gt;
&lt;b&gt;RCV Final Round Results:&lt;/b&gt;&lt;br/&gt;
&lt;b style="color:blue;"&gt;Jacob Frey:&lt;/b&gt; 406 (59.6%)&lt;br/&gt;
&lt;b style="color:red;"&gt;Omar Fateh:&lt;/b&gt; 219 (32.2%)&lt;br/&gt;
&lt;b&gt;Exhausted:&lt;/b&gt; 56 (8.2%)&lt;br/&gt;
&lt;b&gt;Total Ballots:&lt;/b&gt; 681&lt;br/&gt;
&lt;br/&gt;
&lt;b&gt;Winner: Frey&lt;/b&gt;
]]&gt;</description>
      <Style>
        <PolyStyle>
          <color>cc814040</color>
          <fill>1</fill>
          <outline>1</outline>
        </PolyStyle>
        <LineStyle>
          <color>ff000000</color>
          <width>1</width>
        </LineStyle>
      </Style>
    </Placemark>
    <Placemark>
      <name>Minneapolis W-5 P-7</name>
      <description>&lt;![CDATA[
&lt;h3&gt;Minneapolis W-5 P-7&lt;/h3&gt;
&lt;b&gt;RCV Final Round Results:&lt;/b&gt;&lt;br/&gt;
&lt;b style="color:blue;"&gt;Jacob Frey:&lt;/b&gt; 182 (36.0%)&lt;br/&gt;
&lt;b style="color:red;"&gt;Omar Fateh:&lt;/b&gt; 307 (60.7%)&lt;br/&gt;
&lt;b&gt;Exhausted:&lt;/b&gt; 17 (3.4%)&lt;br/&gt;
&lt;b&gt;Total Ballots:&lt;/b&gt; 506&lt;br/&gt;
&lt;br/&gt;
&lt;b&gt;Winner: Fateh&lt;/b&gt;
]]&gt;</description>
      <Style>
        <PolyStyle>
          <color>cc404085</color>
          <fill>1</fill>
          <outline>1</outline>
        </PolyStyle>
        <LineStyle>
          <color>ff000000</color>
          <width>1</width>
        </LineStyle>
      </Style>
    </Placemark>
    <Placemark>
      <name>Minneapolis W-5 P-8</name>
      <description>&lt;![CDATA[
&lt;h3&gt;Minneapolis W-5 P-8&lt;/h3&gt;
&lt;b&gt;RCV Final Round Results:&lt;/b&gt;&lt;br/&gt;
&lt;b style="color:blue;"&gt;Jacob Frey:&lt;/b&gt; 252 (45.8%)&lt;br/&gt;
&lt;b style="color:red;"&gt;Omar Fateh:&lt;/b&gt; 271 (49.3%)&lt;br/&gt;
&lt;b&gt;Exhausted:&lt;/b&gt; 27 (4.9%)&lt;br/&gt;
&lt;b&gt;Total Ballots:&lt;/b&gt; 550&lt;br/&gt;
&lt;br/&gt;
&lt;b&gt;Winner: Fateh&lt;/b&gt;
]]&gt;</description>
      <Style>
        <PolyStyle>
          <color>cc404061</color>
          <fill>1</fill>
          <outline>1</outline>
        </PolyStyle>
        <LineStyle>
          <color>ff000000</color>
          <width>1</width>
        </LineStyle>
      </Style>
    </Placemark>
    <Placemark>
      <name>Minneapolis W-5 P-9</name>
      <description>&lt;![CDATA[
&lt;h3&gt;Minneapolis W-5 P-9&lt;/h3&gt;
&lt;b&gt;RCV Final Round Results:&lt;/b&gt;&lt;br/&gt;
&lt;b style="color:blue;"&gt;Jacob Frey:&lt;/b&gt; 153 (33.6%)&lt;br/&gt;
&lt;b style="color:red;"&gt;Omar Fateh:&lt;/b&gt; 270 (59.2%)&lt;br/&gt;
&lt;b&gt;Exhausted:&lt;/b&gt; 33 (7.2%)&lt;br/&gt;
&lt;b&gt;Total Ballots:&lt;/b&gt; 456&lt;br/&gt;
&lt;br/&gt;
&lt;b&gt;Winner: Fateh&lt;/b&gt;
]]&gt;</description>
      <Style>
        <PolyStyle>
          <color>cc404080</color>
          <fill>1</fill>
          <outline>1</outline>
        </PolyStyle>
        <LineStyle>
          <color>ff000000</color>
          <width>1</width>
        </LineStyle>
      </Style>
    </Placemark>
    <Placemark>
      <name>Minneapolis W-6 P-1</name>
      <description>&lt;![CDATA[
&lt;h3&gt;Minneapolis W-6 P-1&lt;/h3&gt;
&lt;b&gt;RCV Final Round Results:&lt;/b&gt;&lt;br/&gt;
&lt;b style="color:blue;"&gt;Jacob Frey:&lt;/b&gt; 274 (48.4%)&lt;br/&gt;
&lt;b style="color:red;"&gt;Omar Fateh:&lt;/b&gt; 274 (48.4%)&lt;br/&gt;
&lt;b&gt;Exhausted:&lt;/b&gt; 18 (3.2%)&lt;br/&gt;
&lt;b&gt;Total Ballots:&lt;/b&gt; 566&lt;br/&gt;
&lt;br/&gt;
&lt;b&gt;Winner: Fateh&lt;/b&gt;
]]&gt;</description>
      <Style>
        <PolyStyle>
          <color>cc40405f</color>
          <fill>1</fill>
          <outline>1</outline>
        </PolyStyle>
        <LineStyle>
          <color>ff000000</color>
          <width>1</width>
        </LineStyle>
      </Style>
    </Placemark>
    <Placemark>
      <name>Minneapolis W-6 P-2</name>
      <description>&lt;![CDATA[
&lt;h3&gt;Minneapolis W-6 P-2&lt;/h3&gt;
&lt;b&gt;RCV Final Round Results:&lt;/b&gt;&lt;br/&gt;
&lt;b style="color:blue;"&gt;Jacob Frey:&lt;/b&gt; 432 (45.4%)&lt;br/&gt;
&lt;b style="color:red;"&gt;Omar Fateh:&lt;/b&gt; 467 (49.1%)&lt;br/&gt;
&lt;b&gt;Exhausted:&lt;/b&gt; 52 (5.5%)&lt;br/&gt;
&lt;b&gt;Total Ballots:&lt;/b&gt; 951&lt;br/&gt;
&lt;br/&gt;
&lt;b&gt;Winner: Fateh&lt;/b&gt;
]]&gt;</description>
      <Style>
        <PolyStyle>
          <color>cc404061</color>
          <fill>1</fill>
          <outline>1</outline>
        </PolyStyle>
        <LineStyle>
          <color>ff000000</color>
          <width>1</width>
        </LineStyle>
      </Style>
    </Placemark>
    <Placemark>
      <name>Minneapolis W-6 P-3</name>
      <description>&lt;![CDATA[
&lt;h3&gt;Minneapolis W-6 P-3&lt;/h3&gt;
&lt;b&gt;RCV Final Round Results:&lt;/b&gt;&lt;br/&gt;
&lt;b style="color:blue;"&gt;Jacob Frey:&lt;/b&gt; 204 (11.9%)&lt;br/&gt;
&lt;b style="color:red;"&gt;Omar Fateh:&lt;/b&gt; 1,458 (85.0%)&lt;br/&gt;
&lt;b&gt;Exhausted:&lt;/b&gt; 54 (3.1%)&lt;br/&gt;
&lt;b&gt;Total Ballots:&lt;/b&gt; 1,716&lt;br/&gt;
&lt;br/&gt;
&lt;b&gt;Winner: Fateh&lt;/b&gt;
]]&gt;</description>
      <Style>
        <PolyStyle>
          <color>cc4040d0</color>
          <fill>1</fill>
          <outline>1</outline>
        </PolyStyle>
        <LineStyle>
          <color>ff000000</color>
          <width>1</width>
        </LineStyle>
      </Style>
    </Placemark>
    <Placemark>
      <name>Minneapolis W-6 P-4</name>
      <description>&lt;![CDATA[
&lt;h3&gt;Minneapolis W-6 P-4&lt;/h3&gt;
&lt;b&gt;RCV Final Round Results:&lt;/b&gt;&lt;br/&gt;
&lt;b style="color:blue;"&gt;Jacob Frey:&lt;/b&gt; 182 (26.6%)&lt;br/&gt;
&lt;b style="color:red;"&gt;Omar Fateh:&lt;/b&gt; 466 (68.1%)&lt;br/&gt;
&lt;b&gt;Exhausted:&lt;/b&gt; 36 (5.3%)&lt;br/&gt;
&lt;b&gt;Total Ballots:&lt;/b&gt; 684&lt;br/&gt;
&lt;br/&gt;
&lt;b&gt;Winner: Fateh&lt;/b&gt;
]]&gt;</description>
      <Style>
        <PolyStyle>
          <color>cc40409c</color>
          <fill>1</fill>
          <outline>1</outline>
        </PolyStyle>
        <LineStyle>
          <color>ff000000</color>
          <width>1</width>
        </LineStyle>
      </Style>
    </Placemark>
    <Placemark>
      <name>Minneapolis W-6 P-5</name>
      <description>&lt;![CDATA[
&lt;h3&gt;Minneapolis W-6 P-5&lt;/h3&gt;
&lt;b&gt;RCV Final Round Results:&lt;/b&gt;&lt;br/&gt;
&lt;b style="color:blue;"&gt;Jacob Frey:&lt;/b&gt; 154 (23.1%)&lt;br/&gt;
&lt;b style="color:red;"&gt;Omar Fateh:&lt;/b&gt; 485 (72.6%)&lt;br/&gt;
&lt;b&gt;Exhausted:&lt;/b&gt; 29 (4.3%)&lt;br/&gt;
&lt;b&gt;Total Ballots:&lt;/b&gt; 668&lt;br/&gt;
&lt;br/&gt;
&lt;b&gt;Winner: Fateh&lt;/b&gt;
]]&gt;</description>
      <Style>
        <PolyStyle>
          <color>cc4040aa</color>
          <fill>1</fill>
          <outline>1</outline>
        </PolyStyle>
        <LineStyle>
          <color>ff000000</color>
          <width>1</width>
        </LineStyle>
      </Style>
    </Placemark>
    <Placemark>
      <name>Minneapolis W-6 P-6</name>
      <description>&lt;![CDATA[
&lt;h3&gt;Minneapolis W-6 P-6&lt;/h3&gt;
&lt;b&gt;RCV Final Round Results:&lt;/b&gt;&lt;br/&gt;
&lt;b style="color:blue;"&gt;Jacob Frey:&lt;/b&gt; 175 (31.1%)&lt;br/&gt;
&lt;b style="color:red;"&gt;Omar Fateh:&lt;/b&gt; 362 (64.4%)&lt;br/&gt;
&lt;b&gt;Exhausted:&lt;/b&gt; 25 (4.4%)&lt;br/&gt;
&lt;b&gt;Total Ballots:&lt;/b&gt; 562&lt;br/&gt;
&lt;br/&gt;
&lt;b&gt;Winner: Fateh&lt;/b&gt;
]]&gt;</description>
      <Style>
        <PolyStyle>
          <color>cc404090</color>
          <fill>1</fill>
          <outline>1</outline>
        </PolyStyle>
        <LineStyle>
          <color>ff000000</color>
          <width>1</width>
        </LineStyle>
      </Style>
    </Placemark>
    <Placemark>
      <name>Minneapolis W-6 P-7</name>
      <description>&lt;![CDATA[
&lt;h3&gt;Minneapolis W-6 P-7&lt;/h3&gt;
&lt;b&gt;RCV Final Round Results:&lt;/b&gt;&lt;br/&gt;
&lt;b style="color:blue;"&gt;Jacob Frey:&lt;/b&gt; 186 (20.7%)&lt;br/&gt;
&lt;b style="color:red;"&gt;Omar Fateh:&lt;/b&gt; 696 (77.3%)&lt;br/&gt;
&lt;b&gt;Exhausted:&lt;/b&gt; 18 (2.0%)&lt;br/&gt;
&lt;b&gt;Total Ballots:&lt;/b&gt; 900&lt;br/&gt;
&lt;br/&gt;
&lt;b&gt;Winner: Fateh&lt;/b&gt;
]]&gt;</description>
      <Style>
        <PolyStyle>
          <color>cc4040b8</color>
          <fill>1</fill>
          <outline>1</outline>
        </PolyStyle>
        <LineStyle>
          <color>ff000000</color>
          <width>1</width>
        </LineStyle>
      </Style>
    </Placemark>
    <Placemark>
      <name>Minneapolis W-6 P-8</name>
      <description>&lt;![CDATA[
&lt;h3&gt;Minneapolis W-6 P-8&lt;/h3&gt;
&lt;b&gt;RCV Final Round Results:&lt;/b&gt;&lt;br/&gt;
&lt;b style="color:blue;"&gt;Jacob Frey:&lt;/b&gt; 157 (31.0%)&lt;br/&gt;
&lt;b style="color:red;"&gt;Omar Fateh:&lt;/b&gt; 330 (65.1%)&lt;br/&gt;
&lt;b&gt;Exhausted:&lt;/b&gt; 20 (3.9%)&lt;br/&gt;
&lt;b&gt;Total Ballots:&lt;/b&gt; 507&lt;br/&gt;
&lt;br/&gt;
&lt;b&gt;Winner: Fateh&lt;/b&gt;
]]&gt;</description>
      <Style>
        <PolyStyle>
          <color>cc404092</color>
          <fill>1</fill>
          <outline>1</outline>
        </PolyStyle>
        <LineStyle>
          <color>ff000000</color>
          <width>1</width>
        </LineStyle>
      </Style>
    </Placemark>
    <Placemark>
      <name>Minneapolis W-6 P-9</name>
      <description>&lt;![CDATA[
&lt;h3&gt;Minneapolis W-6 P-9&lt;/h3&gt;
&lt;b&gt;RCV Final Round Results:&lt;/b&gt;&lt;br/&gt;
&lt;b style="color:blue;"&gt;Jacob Frey:&lt;/b&gt; 332 (26.7%)&lt;br/&gt;
&lt;b style="color:red;"&gt;Omar Fateh:&lt;/b&gt; 858 (69.0%)&lt;br/&gt;
&lt;b&gt;Exhausted:&lt;/b&gt; 53 (4.3%)&lt;br/&gt;
&lt;b&gt;Total Ballots:&lt;/b&gt; 1,243&lt;br/&gt;
&lt;br/&gt;
&lt;b&gt;Winner: Fateh&lt;/b&gt;
]]&gt;</description>
      <Style>
        <PolyStyle>
          <color>cc40409e</color>
          <fill>1</fill>
          <outline>1</outline>
        </PolyStyle>
        <LineStyle>
          <color>ff000000</color>
          <width>1</width>
        </LineStyle>
      </Style>
    </Placemark>
    <Placemark>
      <name>Minneapolis W-7 P-1</name>
      <description>&lt;![CDATA[
&lt;h3&gt;Minneapolis W-7 P-1&lt;/h3&gt;
&lt;b&gt;RCV Final Round Results:&lt;/b&gt;&lt;br/&gt;
&lt;b style="color:blue;"&gt;Jacob Frey:&lt;/b&gt; 556 (59.1%)&lt;br/&gt;
&lt;b style="color:red;"&gt;Omar Fateh:&lt;/b&gt; 335 (35.6%)&lt;br/&gt;
&lt;b&gt;Exhausted:&lt;/b&gt; 49 (5.2%)&lt;br/&gt;
&lt;b&gt;Total Ballots:&lt;/b&gt; 940&lt;br/&gt;
&lt;br/&gt;
&lt;b&gt;Winner: Frey&lt;/b&gt;
]]&gt;</description>
      <Style>
        <PolyStyle>
          <color>cc804040</color>
          <fill>1</fill>
          <outline>1</outline>
        </PolyStyle>
        <LineStyle>
          <color>ff000000</color>
          <width>1</width>
        </LineStyle>
      </Style>
    </Placemark>
    <Placemark>
      <name>Minneapolis W-7 P-2</name>
      <description>&lt;![CDATA[
&lt;h3&gt;Minneapolis W-7 P-2&lt;/h3&gt;
&lt;b&gt;RCV Final Round Results:&lt;/b&gt;&lt;br/&gt;
&lt;b style="color:blue;"&gt;Jacob Frey:&lt;/b&gt; 1,027 (86.4%)&lt;br/&gt;
&lt;b style="color:red;"&gt;Omar Fateh:&lt;/b&gt; 130 (10.9%)&lt;br/&gt;
&lt;b&gt;Exhausted:&lt;/b&gt; 32 (2.7%)&lt;br/&gt;
&lt;b&gt;Total Ballots:&lt;/b&gt; 1,189&lt;br/&gt;
&lt;br/&gt;
&lt;b&gt;Winner: Frey&lt;/b&gt;
]]&gt;</description>
      <Style>
        <PolyStyle>
          <color>ccd44040</color>
          <fill>1</fill>
          <outline>1</outline>
        </PolyStyle>
        <LineStyle>
          <color>ff000000</color>
          <width>1</width>
        </LineStyle>
      </Style>
    </Placemark>
    <Placemark>
      <name>Minneapolis W-7 P-3</name>
      <description>&lt;![CDATA[
&lt;h3&gt;Minneapolis W-7 P-3&lt;/h3&gt;
&lt;b&gt;RCV Final Round Results:&lt;/b&gt;&lt;br/&gt;
&lt;b style="color:blue;"&gt;Jacob Frey:&lt;/b&gt; 959 (58.6%)&lt;br/&gt;
&lt;b style="color:red;"&gt;Omar Fateh:&lt;/b&gt; 616 (37.6%)&lt;br/&gt;
&lt;b&gt;Exhausted:&lt;/b&gt; 62 (3.8%)&lt;br/&gt;
&lt;b&gt;Total Ballots:&lt;/b&gt; 1,637&lt;br/&gt;
&lt;br/&gt;
&lt;b&gt;Winner: Frey&lt;/b&gt;
]]&gt;</description>
      <Style>
        <PolyStyle>
          <color>cc7e4040</color>
          <fill>1</fill>
          <outline>1</outline>
        </PolyStyle>
        <LineStyle>
          <color>ff000000</color>
          <width>1</width>
        </LineStyle>
      </Style>
    </Placemark>
    <Placemark>
      <name>Minneapolis W-7 P-4</name>
      <description>&lt;![CDATA[
&lt;h3&gt;Minneapolis W-7 P-4&lt;/h3&gt;
&lt;b&gt;RCV Final Round Results:&lt;/b&gt;&lt;br/&gt;
&lt;b style="color:blue;"&gt;Jacob Frey:&lt;/b&gt; 1,262 (73.7%)&lt;br/&gt;
&lt;b style="color:red;"&gt;Omar Fateh:&lt;/b&gt; 388 (22.7%)&lt;br/&gt;
&lt;b&gt;Exhausted:&lt;/b&gt; 62 (3.6%)&lt;br/&gt;
&lt;b&gt;Total Ballots:&lt;/b&gt; 1,712&lt;br/&gt;
&lt;br/&gt;
&lt;b&gt;Winner: Frey&lt;/b&gt;
]]&gt;</description>
      <Style>
        <PolyStyle>
          <color>ccad4040</color>
          <fill>1</fill>
          <outline>1</outline>
        </PolyStyle>
        <LineStyle>
          <color>ff000000</color>
          <width>1</width>
        </LineStyle>
      </Style>
    </Placemark>
    <Placemark>
      <name>Minneapolis W-7 P-5</name>
      <description>&lt;![CDATA[
&lt;h3&gt;Minneapolis W-7 P-5&lt;/h3&gt;
&lt;b&gt;RCV Final Round Results:&lt;/b&gt;&lt;br/&gt;
&lt;b style="color:blue;"&gt;Jacob Frey:&lt;/b&gt; 541 (49.2%)&lt;br/&gt;
&lt;b style="color:red;"&gt;Omar Fateh:&lt;/b&gt; 505 (45.9%)&lt;br/&gt;
&lt;b&gt;Exhausted:&lt;/b&gt; 54 (4.9%)&lt;br/&gt;
&lt;b&gt;Total Ballots:&lt;/b&gt; 1,100&lt;br/&gt;
&lt;br/&gt;
&lt;b&gt;Winner: Frey&lt;/b&gt;
]]&gt;</description>
      <Style>
        <PolyStyle>
          <color>cc614040</color>
          <fill>1</fill>
          <outline>1</outline>
        </PolyStyle>
        <LineStyle>
          <color>ff000000</color>
          <width>1</width>
        </LineStyle>
      </Style>
    </Placemark>
    <Placemark>
      <name>Minneapolis W-7 P-6</name>
      <description>&lt;![CDATA[
&lt;h3&gt;Minneapolis W-7 P-6&lt;/h3&gt;
&lt;b&gt;RCV Final Round Results:&lt;/b&gt;&lt;br/&gt;
&lt;b style="color:blue;"&gt;Jacob Frey:&lt;/b&gt; 335 (45.3%)&lt;br/&gt;
&lt;b style="color:red;"&gt;Omar Fateh:&lt;/b&gt; 358 (48.4%)&lt;br/&gt;
&lt;b&gt;Exhausted:&lt;/b&gt; 46 (6.2%)&lt;br/&gt;
&lt;b&gt;Total Ballots:&lt;/b&gt; 739&lt;br/&gt;
&lt;br/&gt;
&lt;b&gt;Winner: Fateh&lt;/b&gt;
]]&gt;</description>
      <Style>
        <PolyStyle>
          <color>cc40405f</color>
          <fill>1</fill>
          <outline>1</outline>
        </PolyStyle>
        <LineStyle>
          <color>ff000000</color>
          <width>1</width>
        </LineStyle>
      </Style>
    </Placemark>
    <Placemark>
      <name>Minneapolis W-7 P-7</name>
      <description>&lt;![CDATA[
&lt;h3&gt;Minneapolis W-7 P-7&lt;/h3&gt;
&lt;b&gt;RCV Final Round Results:&lt;/b&gt;&lt;br/&gt;
&lt;b style="color:blue;"&gt;Jacob Frey:&lt;/b&gt; 615 (74.0%)&lt;br/&gt;
&lt;b style="color:red;"&gt;Omar Fateh:&lt;/b&gt; 168 (20.2%)&lt;br/&gt;
&lt;b&gt;Exhausted:&lt;/b&gt; 48 (5.8%)&lt;br/&gt;
&lt;b&gt;Total Ballots:&lt;/b&gt; 831&lt;br/&gt;
&lt;br/&gt;
&lt;b&gt;Winner: Frey&lt;/b&gt;
]]&gt;</description>
      <Style>
        <PolyStyle>
          <color>ccae4040</color>
          <fill>1</fill>
          <outline>1</outline>
        </PolyStyle>
        <LineStyle>
          <color>ff000000</color>
          <width>1</width>
        </LineStyle>
      </Style>
    </Placemark>
    <Placemark>
      <name>Minneapolis W-7 P-8</name>
      <description>&lt;![CDATA[
&lt;h3&gt;Minneapolis W-7 P-8&lt;/h3&gt;
&lt;b&gt;RCV Final Round Results:&lt;/b&gt;&lt;br/&gt;
&lt;b style="color:blue;"&gt;Jacob Frey:&lt;/b&gt; 1,155 (56.6%)&lt;br/&gt;
&lt;b style="color:red;"&gt;Omar Fateh:&lt;/b&gt; 799 (39.1%)&lt;br/&gt;
&lt;b&gt;Exhausted:&lt;/b&gt; 88 (4.3%)&lt;br/&gt;
&lt;b&gt;Total Ballots:&lt;/b&gt; 2,042&lt;br/&gt;
&lt;br/&gt;
&lt;b&gt;Winner: Frey&lt;/b&gt;
]]&gt;</description>
      <Style>
        <PolyStyle>
          <color>cc784040</color>
          <fill>1</fill>
          <outline>1</outline>
        </PolyStyle>
        <LineStyle>
          <color>ff000000</color>
          <width>1</width>
        </LineStyle>
      </Style>
    </Placemark>
    <Placemark>
      <name>Minneapolis W-7 P-9</name>
      <description>&lt;![CDATA[
&lt;h3&gt;Minneapolis W-7 P-9&lt;/h3&gt;
&lt;b&gt;RCV Final Round Results:&lt;/b&gt;&lt;br/&gt;
&lt;b style="color:blue;"&gt;Jacob Frey:&lt;/b&gt; 873 (56.7%)&lt;br/&gt;
&lt;b style="color:red;"&gt;Omar Fateh:&lt;/b&gt; 617 (40.1%)&lt;br/&gt;
&lt;b&gt;Exhausted:&lt;/b&gt; 49 (3.2%)&lt;br/&gt;
&lt;b&gt;Total Ballots:&lt;/b&gt; 1,539&lt;br/&gt;
&lt;br/&gt;
&lt;b&gt;Winner: Frey&lt;/b&gt;
]]&gt;</description>
      <Style>
        <PolyStyle>
          <color>cc784040</color>
          <fill>1</fill>
          <outline>1</outline>
        </PolyStyle>
        <LineStyle>
          <color>ff000000</color>
          <width>1</width>
        </LineStyle>
      </Style>
    </Placemark>
    <Placemark>
      <name>Minneapolis W-7 P-10</name>
      <description>&lt;![CDATA[
&lt;h3&gt;Minneapolis W-7 P-10&lt;/h3&gt;
&lt;b&gt;RCV Final Round Results:&lt;/b&gt;&lt;br/&gt;
&lt;b style="color:blue;"&gt;Jacob Frey:&lt;/b&gt; 134 (33.7%)&lt;br/&gt;
&lt;b style="color:red;"&gt;Omar Fateh:&lt;/b&gt; 245 (61.6%)&lt;br/&gt;
&lt;b&gt;Exhausted:&lt;/b&gt; 19 (4.8%)&lt;br/&gt;
&lt;b&gt;Total Ballots:&lt;/b&gt; 398&lt;br/&gt;
&lt;br/&gt;
&lt;b&gt;Winner: Fateh&lt;/b&gt;
]]&gt;</description>
      <Style>
        <PolyStyle>
          <color>cc404087</color>
          <fill>1</fill>
          <outline>1</outline>
        </PolyStyle>
        <LineStyle>
          <color>ff000000</color>
          <width>1</width>
        </LineStyle>
      </Style>
    </Placemark>
    <Placemark>
      <name>Minneapolis W-7 P-11</name>
      <description>&lt;![CDATA[
&lt;h3&gt;Minneapolis W-7 P-11&lt;/h3&gt;
&lt;b&gt;RCV Final Round Results:&lt;/b&gt;&lt;br/&gt;
&lt;b style="color:blue;"&gt;Jacob Frey:&lt;/b&gt; 198 (70.7%)&lt;br/&gt;
&lt;b style="color:red;"&gt;Omar Fateh:&lt;/b&gt; 66 (23.6%)&lt;br/&gt;
&lt;b&gt;Exhausted:&lt;/b&gt; 16 (5.7%)&lt;br/&gt;
&lt;b&gt;Total Ballots:&lt;/b&gt; 280&lt;br/&gt;
&lt;br/&gt;
&lt;b&gt;Winner: Frey&lt;/b&gt;
]]&gt;</description>
      <Style>
        <PolyStyle>
          <color>cca44040</color>
          <fill>1</fill>
          <outline>1</outline>
        </PolyStyle>
        <LineStyle>
          <color>ff000000</color>
          <width>1</width>
        </LineStyle>
      </Style>
    </Placemark>
    <Placemark>
      <name>Minneapolis W-7 P-12</name>
      <description>&lt;![CDATA[
&lt;h3&gt;Minneapolis W-7 P-12&lt;/h3&gt;
&lt;b&gt;RCV Final Round Results:&lt;/b&gt;&lt;br/&gt;
&lt;b style="color:blue;"&gt;Jacob Frey:&lt;/b&gt; 459 (52.3%)&lt;br/&gt;
&lt;b style="color:red;"&gt;Omar Fateh:&lt;/b&gt; 375 (42.7%)&lt;br/&gt;
&lt;b&gt;Exhausted:&lt;/b&gt; 44 (5.0%)&lt;br/&gt;
&lt;b&gt;Total Ballots:&lt;/b&gt; 878&lt;br/&gt;
&lt;br/&gt;
&lt;b&gt;Winner: Frey&lt;/b&gt;
]]&gt;</description>
      <Style>
        <PolyStyle>
          <color>cc6b4040</color>
          <fill>1</fill>
          <outline>1</outline>
        </PolyStyle>
        <LineStyle>
          <color>ff000000</color>
          <width>1</width>
        </LineStyle>
      </Style>
    </Placemark>
    <Placemark>
      <name>Minneapolis W-8 P-1</name>
      <description>&lt;![CDATA[
&lt;h3&gt;Minneapolis W-8 P-1&lt;/h3&gt;
&lt;b&gt;RCV Final Round Results:&lt;/b&gt;&lt;br/&gt;
&lt;b style="color:blue;"&gt;Jacob Frey:&lt;/b&gt; 340 (45.5%)&lt;br/&gt;
&lt;b style="color:red;"&gt;Omar Fateh:&lt;/b&gt; 381 (51.0%)&lt;br/&gt;
&lt;b&gt;Exhausted:&lt;/b&gt; 26 (3.5%)&lt;br/&gt;
&lt;b&gt;Total Ballots:&lt;/b&gt; 747&lt;br/&gt;
&lt;br/&gt;
&lt;b&gt;Winner: Fateh&lt;/b&gt;
]]&gt;</description>
      <Style>
        <PolyStyle>
          <color>cc404067</color>
          <fill>1</fill>
          <outline>1</outline>
        </PolyStyle>
        <LineStyle>
          <color>ff000000</color>
          <width>1</width>
        </LineStyle>
      </Style>
    </Placemark>
    <Placemark>
      <name>Minneapolis W-8 P-2</name>
      <description>&lt;![CDATA[
&lt;h3&gt;Minneapolis W-8 P-2&lt;/h3&gt;
&lt;b&gt;RCV Final Round Results:&lt;/b&gt;&lt;br/&gt;
&lt;b style="color:blue;"&gt;Jacob Frey:&lt;/b&gt; 544 (32.1%)&lt;br/&gt;
&lt;b style="color:red;"&gt;Omar Fateh:&lt;/b&gt; 1,082 (63.9%)&lt;br/&gt;
&lt;b&gt;Exhausted:&lt;/b&gt; 67 (4.0%)&lt;br/&gt;
&lt;b&gt;Total Ballots:&lt;/b&gt; 1,693&lt;br/&gt;
&lt;br/&gt;
&lt;b&gt;Winner: Fateh&lt;/b&gt;
]]&gt;</description>
      <Style>
        <PolyStyle>
          <color>cc40408f</color>
          <fill>1</fill>
          <outline>1</outline>
        </PolyStyle>
        <LineStyle>
          <color>ff000000</color>
          <width>1</width>
        </LineStyle>
      </Style>
    </Placemark>
    <Placemark>
      <name>Minneapolis W-8 P-3</name>
      <description>&lt;![CDATA[
&lt;h3&gt;Minneapolis W-8 P-3&lt;/h3&gt;
&lt;b&gt;RCV Final Round Results:&lt;/b&gt;&lt;br/&gt;
&lt;b style="color:blue;"&gt;Jacob Frey:&lt;/b&gt; 650 (39.1%)&lt;br/&gt;
&lt;b style="color:red;"&gt;Omar Fateh:&lt;/b&gt; 915 (55.0%)&lt;br/&gt;
&lt;b&gt;Exhausted:&lt;/b&gt; 99 (5.9%)&lt;br/&gt;
&lt;b&gt;Total Ballots:&lt;/b&gt; 1,664&lt;br/&gt;
&lt;br/&gt;
&lt;b&gt;Winner: Fateh&lt;/b&gt;
]]&gt;</description>
      <Style>
        <PolyStyle>
          <color>cc404073</color>
          <fill>1</fill>
          <outline>1</outline>
        </PolyStyle>
        <LineStyle>
          <color>ff000000</color>
          <width>1</width>
        </LineStyle>
      </Style>
    </Placemark>
    <Placemark>
      <name>Minneapolis W-8 P-4</name>
      <description>&lt;![CDATA[
&lt;h3&gt;Minneapolis W-8 P-4&lt;/h3&gt;
&lt;b&gt;RCV Final Round Results:&lt;/b&gt;&lt;br/&gt;
&lt;b style="color:blue;"&gt;Jacob Frey:&lt;/b&gt; 1,136 (49.4%)&lt;br/&gt;
&lt;b style="color:red;"&gt;Omar Fateh:&lt;/b&gt; 1,004 (43.6%)&lt;br/&gt;
&lt;b&gt;Exhausted:&lt;/b&gt; 161 (7.0%)&lt;br/&gt;
&lt;b&gt;Total Ballots:&lt;/b&gt; 2,301&lt;br/&gt;
&lt;br/&gt;
&lt;b&gt;Winner: Frey&lt;/b&gt;
]]&gt;</description>
      <Style>
        <PolyStyle>
          <color>cc624040</color>
          <fill>1</fill>
          <outline>1</outline>
        </PolyStyle>
        <LineStyle>
          <color>ff000000</color>
          <width>1</width>
        </LineStyle>
      </Style>
    </Placemark>
    <Placemark>
      <name>Minneapolis W-8 P-5</name>
      <description>&lt;![CDATA[
&lt;h3&gt;Minneapolis W-8 P-5&lt;/h3&gt;
&lt;b&gt;RCV Final Round Results:&lt;/b&gt;&lt;br/&gt;
&lt;b style="color:blue;"&gt;Jacob Frey:&lt;/b&gt; 190 (33.3%)&lt;br/&gt;
&lt;b style="color:red;"&gt;Omar Fateh:&lt;/b&gt; 349 (61.1%)&lt;br/&gt;
&lt;b&gt;Exhausted:&lt;/b&gt; 32 (5.6%)&lt;br/&gt;
&lt;b&gt;Total Ballots:&lt;/b&gt; 571&lt;br/&gt;
&lt;br/&gt;
&lt;b&gt;Winner: Fateh&lt;/b&gt;
]]&gt;</description>
      <Style>
        <PolyStyle>
          <color>cc404086</color>
          <fill>1</fill>
          <outline>1</outline>
        </PolyStyle>
        <LineStyle>
          <color>ff000000</color>
          <width>1</width>
        </LineStyle>
      </Style>
    </Placemark>
    <Placemark>
      <name>Minneapolis W-8 P-6</name>
      <description>&lt;![CDATA[
&lt;h3&gt;Minneapolis W-8 P-6&lt;/h3&gt;
&lt;b&gt;RCV Final Round Results:&lt;/b&gt;&lt;br/&gt;
&lt;b style="color:blue;"&gt;Jacob Frey:&lt;/b&gt; 114 (28.9%)&lt;br/&gt;
&lt;b style="color:red;"&gt;Omar Fateh:&lt;/b&gt; 266 (67.3%)&lt;br/&gt;
&lt;b&gt;Exhausted:&lt;/b&gt; 15 (3.8%)&lt;br/&gt;
&lt;b&gt;Total Ballots:&lt;/b&gt; 395&lt;br/&gt;
&lt;br/&gt;
&lt;b&gt;Winner: Fateh&lt;/b&gt;
]]&gt;</description>
      <Style>
        <PolyStyle>
          <color>cc404099</color>
          <fill>1</fill>
          <outline>1</outline>
        </PolyStyle>
        <LineStyle>
          <color>ff000000</color>
          <width>1</width>
        </LineStyle>
      </Style>
    </Placemark>
    <Placemark>
      <name>Minneapolis W-8 P-7</name>
      <description>&lt;![CDATA[
&lt;h3&gt;Minneapolis W-8 P-7&lt;/h3&gt;
&lt;b&gt;RCV Final Round Results:&lt;/b&gt;&lt;br/&gt;
&lt;b style="color:blue;"&gt;Jacob Frey:&lt;/b&gt; 438 (40.6%)&lt;br/&gt;
&lt;b style="color:red;"&gt;Omar Fateh:&lt;/b&gt; 573 (53.2%)&lt;br/&gt;
&lt;b&gt;Exhausted:&lt;/b&gt; 67 (6.2%)&lt;br/&gt;
&lt;b&gt;Total Ballots:&lt;/b&gt; 1,078&lt;br/&gt;
&lt;br/&gt;
&lt;b&gt;Winner: Fateh&lt;/b&gt;
]]&gt;</description>
      <Style>
        <PolyStyle>
          <color>cc40406d</color>
          <fill>1</fill>
          <outline>1</outline>
        </PolyStyle>
        <LineStyle>
          <color>ff000000</color>
          <width>1</width>
        </LineStyle>
      </Style>
    </Placemark>
    <Placemark>
      <name>Minneapolis W-8 P-8</name>
      <description>&lt;![CDATA[
&lt;h3&gt;Minneapolis W-8 P-8&lt;/h3&gt;
&lt;b&gt;RCV Final Round Results:&lt;/b&gt;&lt;br/&gt;
&lt;b style="color:blue;"&gt;Jacob Frey:&lt;/b&gt; 570 (48.7%)&lt;br/&gt;
&lt;b style="color:red;"&gt;Omar Fateh:&lt;/b&gt; 507 (43.3%)&lt;br/&gt;
&lt;b&gt;Exhausted:&lt;/b&gt; 93 (7.9%)&lt;br/&gt;
&lt;b&gt;Total Ballots:&lt;/b&gt; 1,170&lt;br/&gt;
&lt;br/&gt;
&lt;b&gt;Winner: Frey&lt;/b&gt;
]]&gt;</description>
      <Style>
        <PolyStyle>
          <color>cc604040</color>
          <fill>1</fill>
          <outline>1</outline>
        </PolyStyle>
        <LineStyle>
          <color>ff000000</color>
          <width>1</width>
        </LineStyle>
      </Style>
    </Placemark>
    <Placemark>
      <name>Minneapolis W-8 P-9</name>
      <description>&lt;![CDATA[
&lt;h3&gt;Minneapolis W-8 P-9&lt;/h3&gt;
&lt;b&gt;RCV Final Round Results:&lt;/b&gt;&lt;br/&gt;
&lt;b style="color:blue;"&gt;Jacob Frey:&lt;/b&gt; 442 (57.3%)&lt;br/&gt;
&lt;b style="color:red;"&gt;Omar Fateh:&lt;/b&gt; 272 (35.2%)&lt;br/&gt;
&lt;b&gt;Exhausted:&lt;/b&gt; 58 (7.5%)&lt;br/&gt;
&lt;b&gt;Total Ballots:&lt;/b&gt; 772&lt;br/&gt;
&lt;br/&gt;
&lt;b&gt;Winner: Frey&lt;/b&gt;
]]&gt;</description>
      <Style>
        <PolyStyle>
          <color>cc7a4040</color>
          <fill>1</fill>
          <outline>1</outline>
        </PolyStyle>
        <LineStyle>
          <color>ff000000</color>
          <width>1</width>
        </LineStyle>
      </Style>
    </Placemark>
    <Placemark>
      <name>Minneapolis W-8 P-10</name>
      <description>&lt;![CDATA[
&lt;h3&gt;Minneapolis W-8 P-10&lt;/h3&gt;
&lt;b&gt;RCV Final Round Results:&lt;/b&gt;&lt;br/&gt;
&lt;b style="color:blue;"&gt;Jacob Frey:&lt;/b&gt; 301 (31.7%)&lt;br/&gt;
&lt;b style="color:red;"&gt;Omar Fateh:&lt;/b&gt; 577 (60.7%)&lt;br/&gt;
&lt;b&gt;Exhausted:&lt;/b&gt; 73 (7.7%)&lt;br/&gt;
&lt;b&gt;Total Ballots:&lt;/b&gt; 951&lt;br/&gt;
&lt;br/&gt;
&lt;b&gt;Winner: Fateh&lt;/b&gt;
]]&gt;</description>
      <Style>
        <PolyStyle>
          <color>cc404085</color>
          <fill>1</fill>
          <outline>1</outline>
        </PolyStyle>
        <LineStyle>
          <color>ff000000</color>
          <width>1</width>
        </LineStyle>
      </Style>
    </Placemark>
    <Placemark>
      <name>Minneapolis W-8 P-11</name>
      <description>&lt;![CDATA[
&lt;h3&gt;Minneapolis W-8 P-11&lt;/h3&gt;
&lt;b&gt;RCV Final Round Results:&lt;/b&gt;&lt;br/&gt;
&lt;b style="color:blue;"&gt;Jacob Frey:&lt;/b&gt; 420 (45.0%)&lt;br/&gt;
&lt;b style="color:red;"&gt;Omar Fateh:&lt;/b&gt; 456 (48.8%)&lt;br/&gt;
&lt;b&gt;Exhausted:&lt;/b&gt; 58 (6.2%)&lt;br/&gt;
&lt;b&gt;Total Ballots:&lt;/b&gt; 934&lt;br/&gt;
&lt;br/&gt;
&lt;b&gt;Winner: Fateh&lt;/b&gt;
]]&gt;</description>
      <Style>
        <PolyStyle>
          <color>cc404060</color>
          <fill>1</fill>
          <outline>1</outline>
        </PolyStyle>
        <LineStyle>
          <color>ff000000</color>
          <width>1</width>
        </LineStyle>
      </Style>
    </Placemark>
    <Placemark>
      <name>Minneapolis W-9 P-1</name>
      <description>&lt;![CDATA[
&lt;h3&gt;Minneapolis W-9 P-1&lt;/h3&gt;
&lt;b&gt;RCV Final Round Results:&lt;/b&gt;&lt;br/&gt;
&lt;b style="color:blue;"&gt;Jacob Frey:&lt;/b&gt; 87 (27.5%)&lt;br/&gt;
&lt;b style="color:red;"&gt;Omar Fateh:&lt;/b&gt; 220 (69.6%)&lt;br/&gt;
&lt;b&gt;Exhausted:&lt;/b&gt; 9 (2.8%)&lt;br/&gt;
&lt;b&gt;Total Ballots:&lt;/b&gt; 316&lt;br/&gt;
&lt;br/&gt;
&lt;b&gt;Winner: Fateh&lt;/b&gt;
]]&gt;</description>
      <Style>
        <PolyStyle>
          <color>cc4040a0</color>
          <fill>1</fill>
          <outline>1</outline>
        </PolyStyle>
        <LineStyle>
          <color>ff000000</color>
          <width>1</width>
        </LineStyle>
      </Style>
    </Placemark>
    <Placemark>
      <name>Minneapolis W-9 P-2</name>
      <description>&lt;![CDATA[
&lt;h3&gt;Minneapolis W-9 P-2&lt;/h3&gt;
&lt;b&gt;RCV Final Round Results:&lt;/b&gt;&lt;br/&gt;
&lt;b style="color:blue;"&gt;Jacob Frey:&lt;/b&gt; 422 (25.3%)&lt;br/&gt;
&lt;b style="color:red;"&gt;Omar Fateh:&lt;/b&gt; 1,165 (69.8%)&lt;br/&gt;
&lt;b&gt;Exhausted:&lt;/b&gt; 83 (5.0%)&lt;br/&gt;
&lt;b&gt;Total Ballots:&lt;/b&gt; 1,670&lt;br/&gt;
&lt;br/&gt;
&lt;b&gt;Winner: Fateh&lt;/b&gt;
]]&gt;</description>
      <Style>
        <PolyStyle>
          <color>cc4040a1</color>
          <fill>1</fill>
          <outline>1</outline>
        </PolyStyle>
        <LineStyle>
          <color>ff000000</color>
          <width>1</width>
        </LineStyle>
      </Style>
    </Placemark>
    <Placemark>
      <name>Minneapolis W-9 P-3</name>
      <description>&lt;![CDATA[
&lt;h3&gt;Minneapolis W-9 P-3&lt;/h3&gt;
&lt;b&gt;RCV Final Round Results:&lt;/b&gt;&lt;br/&gt;
&lt;b style="color:blue;"&gt;Jacob Frey:&lt;/b&gt; 294 (31.9%)&lt;br/&gt;
&lt;b style="color:red;"&gt;Omar Fateh:&lt;/b&gt; 581 (63.1%)&lt;br/&gt;
&lt;b&gt;Exhausted:&lt;/b&gt; 46 (5.0%)&lt;br/&gt;
&lt;b&gt;Total Ballots:&lt;/b&gt; 921&lt;br/&gt;
&lt;br/&gt;
&lt;b&gt;Winner: Fateh&lt;/b&gt;
]]&gt;</description>
      <Style>
        <PolyStyle>
          <color>cc40408c</color>
          <fill>1</fill>
          <outline>1</outline>
        </PolyStyle>
        <LineStyle>
          <color>ff000000</color>
          <width>1</width>
        </LineStyle>
      </Style>
    </Placemark>
    <Placemark>
      <name>Minneapolis W-9 P-4</name>
      <description>&lt;![CDATA[
&lt;h3&gt;Minneapolis W-9 P-4&lt;/h3&gt;
&lt;b&gt;RCV Final Round Results:&lt;/b&gt;&lt;br/&gt;
&lt;b style="color:blue;"&gt;Jacob Frey:&lt;/b&gt; 160 (31.4%)&lt;br/&gt;
&lt;b style="color:red;"&gt;Omar Fateh:&lt;/b&gt; 321 (63.1%)&lt;br/&gt;
&lt;b&gt;Exhausted:&lt;/b&gt; 28 (5.5%)&lt;br/&gt;
&lt;b&gt;Total Ballots:&lt;/b&gt; 509&lt;br/&gt;
&lt;br/&gt;
&lt;b&gt;Winner: Fateh&lt;/b&gt;
]]&gt;</description>
      <Style>
        <PolyStyle>
          <color>cc40408c</color>
          <fill>1</fill>
          <outline>1</outline>
        </PolyStyle>
        <LineStyle>
          <color>ff000000</color>
          <width>1</width>
        </LineStyle>
      </Style>
    </Placemark>
    <Placemark>
      <name>Minneapolis W-9 P-5</name>
      <description>&lt;![CDATA[
&lt;h3&gt;Minneapolis W-9 P-5&lt;/h3&gt;
&lt;b&gt;RCV Final Round Results:&lt;/b&gt;&lt;br/&gt;
&lt;b style="color:blue;"&gt;Jacob Frey:&lt;/b&gt; 125 (22.3%)&lt;br/&gt;
&lt;b style="color:red;"&gt;Omar Fateh:&lt;/b&gt; 399 (71.2%)&lt;br/&gt;
&lt;b&gt;Exhausted:&lt;/b&gt; 36 (6.4%)&lt;br/&gt;
&lt;b&gt;Total Ballots:&lt;/b&gt; 560&lt;br/&gt;
&lt;br/&gt;
&lt;b&gt;Winner: Fateh&lt;/b&gt;
]]&gt;</description>
      <Style>
        <PolyStyle>
          <color>cc4040a5</color>
          <fill>1</fill>
          <outline>1</outline>
        </PolyStyle>
        <LineStyle>
          <color>ff000000</color>
          <width>1</width>
        </LineStyle>
      </Style>
    </Placemark>
    <Placemark>
      <name>Minneapolis W-9 P-6</name>
      <description>&lt;![CDATA[
&lt;h3&gt;Minneapolis W-9 P-6&lt;/h3&gt;
&lt;b&gt;RCV Final Round Results:&lt;/b&gt;&lt;br/&gt;
&lt;b style="color:blue;"&gt;Jacob Frey:&lt;/b&gt; 484 (33.9%)&lt;br/&gt;
&lt;b style="color:red;"&gt;Omar Fateh:&lt;/b&gt; 867 (60.8%)&lt;br/&gt;
&lt;b&gt;Exhausted:&lt;/b&gt; 76 (5.3%)&lt;br/&gt;
&lt;b&gt;Total Ballots:&lt;/b&gt; 1,427&lt;br/&gt;
&lt;br/&gt;
&lt;b&gt;Winner: Fateh&lt;/b&gt;
]]&gt;</description>
      <Style>
        <PolyStyle>
          <color>cc404085</color>
          <fill>1</fill>
          <outline>1</outline>
        </PolyStyle>
        <LineStyle>
          <color>ff000000</color>
          <width>1</width>
        </LineStyle>
      </Style>
    </Placemark>
    <Placemark>
      <name>Minneapolis W-9 P-7</name>
      <description>&lt;![CDATA[
&lt;h3&gt;Minneapolis W-9 P-7&lt;/h3&gt;
&lt;b&gt;RCV Final Round Results:&lt;/b&gt;&lt;br/&gt;
&lt;b style="color:blue;"&gt;Jacob Frey:&lt;/b&gt; 283 (33.6%)&lt;br/&gt;
&lt;b style="color:red;"&gt;Omar Fateh:&lt;/b&gt; 498 (59.1%)&lt;br/&gt;
&lt;b&gt;Exhausted:&lt;/b&gt; 62 (7.4%)&lt;br/&gt;
&lt;b&gt;Total Ballots:&lt;/b&gt; 843&lt;br/&gt;
&lt;br/&gt;
&lt;b&gt;Winner: Fateh&lt;/b&gt;
]]&gt;</description>
      <Style>
        <PolyStyle>
          <color>cc404080</color>
          <fill>1</fill>
          <outline>1</outline>
        </PolyStyle>
        <LineStyle>
          <color>ff000000</color>
          <width>1</width>
        </LineStyle>
      </Style>
    </Placemark>
    <Placemark>
      <name>Minneapolis W-9 P-8</name>
      <description>&lt;![CDATA[
&lt;h3&gt;Minneapolis W-9 P-8&lt;/h3&gt;
&lt;b&gt;RCV Final Round Results:&lt;/b&gt;&lt;br/&gt;
&lt;b style="color:blue;"&gt;Jacob Frey:&lt;/b&gt; 320 (32.2%)&lt;br/&gt;
&lt;b style="color:red;"&gt;Omar Fateh:&lt;/b&gt; 602 (60.5%)&lt;br/&gt;
&lt;b&gt;Exhausted:&lt;/b&gt; 73 (7.3%)&lt;br/&gt;
&lt;b&gt;Total Ballots:&lt;/b&gt; 995&lt;br/&gt;
&lt;br/&gt;
&lt;b&gt;Winner: Fateh&lt;/b&gt;
]]&gt;</description>
      <Style>
        <PolyStyle>
          <color>cc404084</color>
          <fill>1</fill>
          <outline>1</outline>
        </PolyStyle>
        <LineStyle>
          <color>ff000000</color>
          <width>1</width>
        </LineStyle>
      </Style>
    </Placemark>
    <Placemark>
      <name>Minneapolis W-9 P-9</name>
      <description>&lt;![CDATA[
&lt;h3&gt;Minneapolis W-9 P-9&lt;/h3&gt;
&lt;b&gt;RCV Final Round Results:&lt;/b&gt;&lt;br/&gt;
&lt;b style="color:blue;"&gt;Jacob Frey:&lt;/b&gt; 475 (40.4%)&lt;br/&gt;
&lt;b style="color:red;"&gt;Omar Fateh:&lt;/b&gt; 577 (49.1%)&lt;br/&gt;
&lt;b&gt;Exhausted:&lt;/b&gt; 124 (10.5%)&lt;br/&gt;
&lt;b&gt;Total Ballots:&lt;/b&gt; 1,176&lt;br/&gt;
&lt;br/&gt;
&lt;b&gt;Winner: Fateh&lt;/b&gt;
]]&gt;</description>
      <Style>
        <PolyStyle>
          <color>cc404061</color>
          <fill>1</fill>
          <outline>1</outline>
        </PolyStyle>
        <LineStyle>
          <color>ff000000</color>
          <width>1</width>
        </LineStyle>
      </Style>
    </Placemark>
    <Placemark>
      <name>Minneapolis W-10 P-1</name>
      <description>&lt;![CDATA[
&lt;h3&gt;Minneapolis W-10 P-1&lt;/h3&gt;
&lt;b&gt;RCV Final Round Results:&lt;/b&gt;&lt;br/&gt;
&lt;b style="color:blue;"&gt;Jacob Frey:&lt;/b&gt; 614 (28.7%)&lt;br/&gt;
&lt;b style="color:red;"&gt;Omar Fateh:&lt;/b&gt; 1,435 (67.0%)&lt;br/&gt;
&lt;b&gt;Exhausted:&lt;/b&gt; 94 (4.4%)&lt;br/&gt;
&lt;b&gt;Total Ballots:&lt;/b&gt; 2,143&lt;br/&gt;
&lt;br/&gt;
&lt;b&gt;Winner: Fateh&lt;/b&gt;
]]&gt;</description>
      <Style>
        <PolyStyle>
          <color>cc404098</color>
          <fill>1</fill>
          <outline>1</outline>
        </PolyStyle>
        <LineStyle>
          <color>ff000000</color>
          <width>1</width>
        </LineStyle>
      </Style>
    </Placemark>
    <Placemark>
      <name>Minneapolis W-10 P-2</name>
      <description>&lt;![CDATA[
&lt;h3&gt;Minneapolis W-10 P-2&lt;/h3&gt;
&lt;b&gt;RCV Final Round Results:&lt;/b&gt;&lt;br/&gt;
&lt;b style="color:blue;"&gt;Jacob Frey:&lt;/b&gt; 293 (26.3%)&lt;br/&gt;
&lt;b style="color:red;"&gt;Omar Fateh:&lt;/b&gt; 776 (69.5%)&lt;br/&gt;
&lt;b&gt;Exhausted:&lt;/b&gt; 47 (4.2%)&lt;br/&gt;
&lt;b&gt;Total Ballots:&lt;/b&gt; 1,116&lt;br/&gt;
&lt;br/&gt;
&lt;b&gt;Winner: Fateh&lt;/b&gt;
]]&gt;</description>
      <Style>
        <PolyStyle>
          <color>cc4040a0</color>
          <fill>1</fill>
          <outline>1</outline>
        </PolyStyle>
        <LineStyle>
          <color>ff000000</color>
          <width>1</width>
        </LineStyle>
      </Style>
    </Placemark>
    <Placemark>
      <name>Minneapolis W-10 P-3</name>
      <description>&lt;![CDATA[
&lt;h3&gt;Minneapolis W-10 P-3&lt;/h3&gt;
&lt;b&gt;RCV Final Round Results:&lt;/b&gt;&lt;br/&gt;
&lt;b style="color:blue;"&gt;Jacob Frey:&lt;/b&gt; 830 (52.2%)&lt;br/&gt;
&lt;b style="color:red;"&gt;Omar Fateh:&lt;/b&gt; 703 (44.2%)&lt;br/&gt;
&lt;b&gt;Exhausted:&lt;/b&gt; 57 (3.6%)&lt;br/&gt;
&lt;b&gt;Total Ballots:&lt;/b&gt; 1,590&lt;br/&gt;
&lt;br/&gt;
&lt;b&gt;Winner: Frey&lt;/b&gt;
]]&gt;</description>
      <Style>
        <PolyStyle>
          <color>cc6a4040</color>
          <fill>1</fill>
          <outline>1</outline>
        </PolyStyle>
        <LineStyle>
          <color>ff000000</color>
          <width>1</width>
        </LineStyle>
      </Style>
    </Placemark>
    <Placemark>
      <name>Minneapolis W-10 P-4</name>
      <description>&lt;![CDATA[
&lt;h3&gt;Minneapolis W-10 P-4&lt;/h3&gt;
&lt;b&gt;RCV Final Round Results:&lt;/b&gt;&lt;br/&gt;
&lt;b style="color:blue;"&gt;Jacob Frey:&lt;/b&gt; 387 (31.7%)&lt;br/&gt;
&lt;b style="color:red;"&gt;Omar Fateh:&lt;/b&gt; 772 (63.3%)&lt;br/&gt;
&lt;b&gt;Exhausted:&lt;/b&gt; 61 (5.0%)&lt;br/&gt;
&lt;b&gt;Total Ballots:&lt;/b&gt; 1,220&lt;br/&gt;
&lt;br/&gt;
&lt;b&gt;Winner: Fateh&lt;/b&gt;
]]&gt;</description>
      <Style>
        <PolyStyle>
          <color>cc40408d</color>
          <fill>1</fill>
          <outline>1</outline>
        </PolyStyle>
        <LineStyle>
          <color>ff000000</color>
          <width>1</width>
        </LineStyle>
      </Style>
    </Placemark>
    <Placemark>
      <name>Minneapolis W-10 P-5</name>
      <description>&lt;![CDATA[
&lt;h3&gt;Minneapolis W-10 P-5&lt;/h3&gt;
&lt;b&gt;RCV Final Round Results:&lt;/b&gt;&lt;br/&gt;
&lt;b style="color:blue;"&gt;Jacob Frey:&lt;/b&gt; 497 (35.4%)&lt;br/&gt;
&lt;b style="color:red;"&gt;Omar Fateh:&lt;/b&gt; 852 (60.7%)&lt;br/&gt;
&lt;b&gt;Exhausted:&lt;/b&gt; 54 (3.8%)&lt;br/&gt;
&lt;b&gt;Total Ballots:&lt;/b&gt; 1,403&lt;br/&gt;
&lt;br/&gt;
&lt;b&gt;Winner: Fateh&lt;/b&gt;
]]&gt;</description>
      <Style>
        <PolyStyle>
          <color>cc404085</color>
          <fill>1</fill>
          <outline>1</outline>
        </PolyStyle>
        <LineStyle>
          <color>ff000000</color>
          <width>1</width>
        </LineStyle>
      </Style>
    </Placemark>
    <Placemark>
      <name>Minneapolis W-10 P-6</name>
      <description>&lt;![CDATA[
&lt;h3&gt;Minneapolis W-10 P-6&lt;/h3&gt;
&lt;b&gt;RCV Final Round Results:&lt;/b&gt;&lt;br/&gt;
&lt;b style="color:blue;"&gt;Jacob Frey:&lt;/b&gt; 327 (24.2%)&lt;br/&gt;
&lt;b style="color:red;"&gt;Omar Fateh:&lt;/b&gt; 968 (71.7%)&lt;br/&gt;
&lt;b&gt;Exhausted:&lt;/b&gt; 55 (4.1%)&lt;br/&gt;
&lt;b&gt;Total Ballots:&lt;/b&gt; 1,350&lt;br/&gt;
&lt;br/&gt;
&lt;b&gt;Winner: Fateh&lt;/b&gt;
]]&gt;</description>
      <Style>
        <PolyStyle>
          <color>cc4040a7</color>
          <fill>1</fill>
          <outline>1</outline>
        </PolyStyle>
        <LineStyle>
          <color>ff000000</color>
          <width>1</width>
        </LineStyle>
      </Style>
    </Placemark>
    <Placemark>
      <name>Minneapolis W-10 P-7</name>
      <description>&lt;![CDATA[
&lt;h3&gt;Minneapolis W-10 P-7&lt;/h3&gt;
&lt;b&gt;RCV Final Round Results:&lt;/b&gt;&lt;br/&gt;
&lt;b style="color:blue;"&gt;Jacob Frey:&lt;/b&gt; 228 (27.7%)&lt;br/&gt;
&lt;b style="color:red;"&gt;Omar Fateh:&lt;/b&gt; 566 (68.7%)&lt;br/&gt;
&lt;b&gt;Exhausted:&lt;/b&gt; 30 (3.6%)&lt;br/&gt;
&lt;b&gt;Total Ballots:&lt;/b&gt; 824&lt;br/&gt;
&lt;br/&gt;
&lt;b&gt;Winner: Fateh&lt;/b&gt;
]]&gt;</description>
      <Style>
        <PolyStyle>
          <color>cc40409d</color>
          <fill>1</fill>
          <outline>1</outline>
        </PolyStyle>
        <LineStyle>
          <color>ff000000</color>
          <width>1</width>
        </LineStyle>
      </Style>
    </Placemark>
    <Placemark>
      <name>Minneapolis W-10 P-8</name>
      <description>&lt;![CDATA[
&lt;h3&gt;Minneapolis W-10 P-8&lt;/h3&gt;
&lt;b&gt;RCV Final Round Results:&lt;/b&gt;&lt;br/&gt;
&lt;b style="color:blue;"&gt;Jacob Frey:&lt;/b&gt; 171 (26.9%)&lt;br/&gt;
&lt;b style="color:red;"&gt;Omar Fateh:&lt;/b&gt; 441 (69.3%)&lt;br/&gt;
&lt;b&gt;Exhausted:&lt;/b&gt; 24 (3.8%)&lt;br/&gt;
&lt;b&gt;Total Ballots:&lt;/b&gt; 636&lt;br/&gt;
&lt;br/&gt;
&lt;b&gt;Winner: Fateh&lt;/b&gt;
]]&gt;</description>
      <Style>
        <PolyStyle>
          <color>cc40409f</color>
          <fill>1</fill>
          <outline>1</outline>
        </PolyStyle>
        <LineStyle>
          <color>ff000000</color>
          <width>1</width>
        </LineStyle>
      </Style>
    </Placemark>
    <Placemark>
      <name>Minneapolis W-10 P-9</name>
      <description>&lt;![CDATA[
&lt;h3&gt;Minneapolis W-10 P-9&lt;/h3&gt;
&lt;b&gt;RCV Final Round Results:&lt;/b&gt;&lt;br/&gt;
&lt;b style="color:blue;"&gt;Jacob Frey:&lt;/b&gt; 254 (23.4%)&lt;br/&gt;
&lt;b style="color:red;"&gt;Omar Fateh:&lt;/b&gt; 783 (72.2%)&lt;br/&gt;
&lt;b&gt;Exhausted:&lt;/b&gt; 48 (4.4%)&lt;br/&gt;
&lt;b&gt;Total Ballots:&lt;/b&gt; 1,085&lt;br/&gt;
&lt;br/&gt;
&lt;b&gt;Winner: Fateh&lt;/b&gt;
]]&gt;</description>
      <Style>
        <PolyStyle>
          <color>cc4040a8</color>
          <fill>1</fill>
          <outline>1</outline>
        </PolyStyle>
        <LineStyle>
          <color>ff000000</color>
          <width>1</width>
        </LineStyle>
      </Style>
    </Placemark>
    <Placemark>
      <name>Minneapolis W-11 P-1</name>
      <description>&lt;![CDATA[
&lt;h3&gt;Minneapolis W-11 P-1&lt;/h3&gt;
&lt;b&gt;RCV Final Round Results:&lt;/b&gt;&lt;br/&gt;
&lt;b style="color:blue;"&gt;Jacob Frey:&lt;/b&gt; 807 (62.9%)&lt;br/&gt;
&lt;b style="color:red;"&gt;Omar Fateh:&lt;/b&gt; 396 (30.8%)&lt;br/&gt;
&lt;b&gt;Exhausted:&lt;/b&gt; 81 (6.3%)&lt;br/&gt;
&lt;b&gt;Total Ballots:&lt;/b&gt; 1,284&lt;br/&gt;
&lt;br/&gt;
&lt;b&gt;Winner: Frey&lt;/b&gt;
]]&gt;</description>
      <Style>
        <PolyStyle>
          <color>cc8b4040</color>
          <fill>1</fill>
          <outline>1</outline>
        </PolyStyle>
        <LineStyle>
          <color>ff000000</color>
          <width>1</width>
        </LineStyle>
      </Style>
    </Placemark>
    <Placemark>
      <name>Minneapolis W-11 P-2</name>
      <description>&lt;![CDATA[
&lt;h3&gt;Minneapolis W-11 P-2&lt;/h3&gt;
&lt;b&gt;RCV Final Round Results:&lt;/b&gt;&lt;br/&gt;
&lt;b style="color:blue;"&gt;Jacob Frey:&lt;/b&gt; 1,054 (67.6%)&lt;br/&gt;
&lt;b style="color:red;"&gt;Omar Fateh:&lt;/b&gt; 391 (25.1%)&lt;br/&gt;
&lt;b&gt;Exhausted:&lt;/b&gt; 115 (7.4%)&lt;br/&gt;
&lt;b&gt;Total Ballots:&lt;/b&gt; 1,560&lt;br/&gt;
&lt;br/&gt;
&lt;b&gt;Winner: Frey&lt;/b&gt;
]]&gt;</description>
      <Style>
        <PolyStyle>
          <color>cc9a4040</color>
          <fill>1</fill>
          <outline>1</outline>
        </PolyStyle>
        <LineStyle>
          <color>ff000000</color>
          <width>1</width>
        </LineStyle>
      </Style>
    </Placemark>
    <Placemark>
      <name>Minneapolis W-11 P-3</name>
      <description>&lt;![CDATA[
&lt;h3&gt;Minneapolis W-11 P-3&lt;/h3&gt;
&lt;b&gt;RCV Final Round Results:&lt;/b&gt;&lt;br/&gt;
&lt;b style="color:blue;"&gt;Jacob Frey:&lt;/b&gt; 660 (58.2%)&lt;br/&gt;
&lt;b style="color:red;"&gt;Omar Fateh:&lt;/b&gt; 392 (34.6%)&lt;br/&gt;
&lt;b&gt;Exhausted:&lt;/b&gt; 82 (7.2%)&lt;br/&gt;
&lt;b&gt;Total Ballots:&lt;/b&gt; 1,134&lt;br/&gt;
&lt;br/&gt;
&lt;b&gt;Winner: Frey&lt;/b&gt;
]]&gt;</description>
      <Style>
        <PolyStyle>
          <color>cc7d4040</color>
          <fill>1</fill>
          <outline>1</outline>
        </PolyStyle>
        <LineStyle>
          <color>ff000000</color>
          <width>1</width>
        </LineStyle>
      </Style>
    </Placemark>
    <Placemark>
      <name>Minneapolis W-11 P-4</name>
      <description>&lt;![CDATA[
&lt;h3&gt;Minneapolis W-11 P-4&lt;/h3&gt;
&lt;b&gt;RCV Final Round Results:&lt;/b&gt;&lt;br/&gt;
&lt;b style="color:blue;"&gt;Jacob Frey:&lt;/b&gt; 743 (65.6%)&lt;br/&gt;
&lt;b style="color:red;"&gt;Omar Fateh:&lt;/b&gt; 320 (28.2%)&lt;br/&gt;
&lt;b&gt;Exhausted:&lt;/b&gt; 70 (6.2%)&lt;br/&gt;
&lt;b&gt;Total Ballots:&lt;/b&gt; 1,133&lt;br/&gt;
&lt;br/&gt;
&lt;b&gt;Winner: Frey&lt;/b&gt;
]]&gt;</description>
      <Style>
        <PolyStyle>
          <color>cc944040</color>
          <fill>1</fill>
          <outline>1</outline>
        </PolyStyle>
        <LineStyle>
          <color>ff000000</color>
          <width>1</width>
        </LineStyle>
      </Style>
    </Placemark>
    <Placemark>
      <name>Minneapolis W-11 P-5</name>
      <description>&lt;![CDATA[
&lt;h3&gt;Minneapolis W-11 P-5&lt;/h3&gt;
&lt;b&gt;RCV Final Round Results:&lt;/b&gt;&lt;br/&gt;
&lt;b style="color:blue;"&gt;Jacob Frey:&lt;/b&gt; 689 (66.1%)&lt;br/&gt;
&lt;b style="color:red;"&gt;Omar Fateh:&lt;/b&gt; 292 (28.0%)&lt;br/&gt;
&lt;b&gt;Exhausted:&lt;/b&gt; 61 (5.9%)&lt;br/&gt;
&lt;b&gt;Total Ballots:&lt;/b&gt; 1,042&lt;br/&gt;
&lt;br/&gt;
&lt;b&gt;Winner: Frey&lt;/b&gt;
]]&gt;</description>
      <Style>
        <PolyStyle>
          <color>cc954040</color>
          <fill>1</fill>
          <outline>1</outline>
        </PolyStyle>
        <LineStyle>
          <color>ff000000</color>
          <width>1</width>
        </LineStyle>
      </Style>
    </Placemark>
    <Placemark>
      <name>Minneapolis W-11 P-6</name>
      <description>&lt;![CDATA[
&lt;h3&gt;Minneapolis W-11 P-6&lt;/h3&gt;
&lt;b&gt;RCV Final Round Results:&lt;/b&gt;&lt;br/&gt;
&lt;b style="color:blue;"&gt;Jacob Frey:&lt;/b&gt; 486 (48.1%)&lt;br/&gt;
&lt;b style="color:red;"&gt;Omar Fateh:&lt;/b&gt; 455 (45.0%)&lt;br/&gt;
&lt;b&gt;Exhausted:&lt;/b&gt; 69 (6.8%)&lt;br/&gt;
&lt;b&gt;Total Ballots:&lt;/b&gt; 1,010&lt;br/&gt;
&lt;br/&gt;
&lt;b&gt;Winner: Frey&lt;/b&gt;
]]&gt;</description>
      <Style>
        <PolyStyle>
          <color>cc5e4040</color>
          <fill>1</fill>
          <outline>1</outline>
        </PolyStyle>
        <LineStyle>
          <color>ff000000</color>
          <width>1</width>
        </LineStyle>
      </Style>
    </Placemark>
    <Placemark>
      <name>Minneapolis W-11 P-7</name>
      <description>&lt;![CDATA[
&lt;h3&gt;Minneapolis W-11 P-7&lt;/h3&gt;
&lt;b&gt;RCV Final Round Results:&lt;/b&gt;&lt;br/&gt;
&lt;b style="color:blue;"&gt;Jacob Frey:&lt;/b&gt; 711 (61.6%)&lt;br/&gt;
&lt;b style="color:red;"&gt;Omar Fateh:&lt;/b&gt; 352 (30.5%)&lt;br/&gt;
&lt;b&gt;Exhausted:&lt;/b&gt; 91 (7.9%)&lt;br/&gt;
&lt;b&gt;Total Ballots:&lt;/b&gt; 1,154&lt;br/&gt;
&lt;br/&gt;
&lt;b&gt;Winner: Frey&lt;/b&gt;
]]&gt;</description>
      <Style>
        <PolyStyle>
          <color>cc874040</color>
          <fill>1</fill>
          <outline>1</outline>
        </PolyStyle>
        <LineStyle>
          <color>ff000000</color>
          <width>1</width>
        </LineStyle>
      </Style>
    </Placemark>
    <Placemark>
      <name>Minneapolis W-11 P-8</name>
      <description>&lt;![CDATA[
&lt;h3&gt;Minneapolis W-11 P-8&lt;/h3&gt;
&lt;b&gt;RCV Final Round Results:&lt;/b&gt;&lt;br/&gt;
&lt;b style="color:blue;"&gt;Jacob Frey:&lt;/b&gt; 1,167 (64.7%)&lt;br/&gt;
&lt;b style="color:red;"&gt;Omar Fateh:&lt;/b&gt; 554 (30.7%)&lt;br/&gt;
&lt;b&gt;Exhausted:&lt;/b&gt; 83 (4.6%)&lt;br/&gt;
&lt;b&gt;Total Ballots:&lt;/b&gt; 1,804&lt;br/&gt;
&lt;br/&gt;
&lt;b&gt;Winner: Frey&lt;/b&gt;
]]&gt;</description>
      <Style>
        <PolyStyle>
          <color>cc914040</color>
          <fill>1</fill>
          <outline>1</outline>
        </PolyStyle>
        <LineStyle>
          <color>ff000000</color>
          <width>1</width>
        </LineStyle>
      </Style>
    </Placemark>
    <Placemark>
      <name>Minneapolis W-11 P-9</name>
      <description>&lt;![CDATA[
&lt;h3&gt;Minneapolis W-11 P-9&lt;/h3&gt;
&lt;b&gt;RCV Final Round Results:&lt;/b&gt;&lt;br/&gt;
&lt;b style="color:blue;"&gt;Jacob Frey:&lt;/b&gt; 849 (69.0%)&lt;br/&gt;
&lt;b style="color:red;"&gt;Omar Fateh:&lt;/b&gt; 320 (26.0%)&lt;br/&gt;
&lt;b&gt;Exhausted:&lt;/b&gt; 62 (5.0%)&lt;br/&gt;
&lt;b&gt;Total Ballots:&lt;/b&gt; 1,231&lt;br/&gt;
&lt;br/&gt;
&lt;b&gt;Winner: Frey&lt;/b&gt;
]]&gt;</description>
      <Style>
        <PolyStyle>
          <color>cc9e4040</color>
          <fill>1</fill>
          <outline>1</outline>
        </PolyStyle>
        <LineStyle>
          <color>ff000000</color>
          <width>1</width>
        </LineStyle>
      </Style>
    </Placemark>
    <Placemark>
      <name>Minneapolis W-11 P-10</name>
      <description>&lt;![CDATA[
&lt;h3&gt;Minneapolis W-11 P-10&lt;/h3&gt;
&lt;b&gt;RCV Final Round Results:&lt;/b&gt;&lt;br/&gt;
&lt;b style="color:blue;"&gt;Jacob Frey:&lt;/b&gt; 611 (59.0%)&lt;br/&gt;
&lt;b style="color:red;"&gt;Omar Fateh:&lt;/b&gt; 326 (31.5%)&lt;br/&gt;
&lt;b&gt;Exhausted:&lt;/b&gt; 99 (9.6%)&lt;br/&gt;
&lt;b&gt;Total Ballots:&lt;/b&gt; 1,036&lt;br/&gt;
&lt;br/&gt;
&lt;b&gt;Winner: Frey&lt;/b&gt;
]]&gt;</description>
      <Style>
        <PolyStyle>
          <color>cc7f4040</color>
          <fill>1</fill>
          <outline>1</outline>
        </PolyStyle>
        <LineStyle>
          <color>ff000000</color>
          <width>1</width>
        </LineStyle>
      </Style>
    </Placemark>
    <Placemark>
      <name>Minneapolis W-11 P-11</name>
      <description>&lt;![CDATA[
&lt;h3&gt;Minneapolis W-11 P-11&lt;/h3&gt;
&lt;b&gt;RCV Final Round Results:&lt;/b&gt;&lt;br/&gt;
&lt;b style="color:blue;"&gt;Jacob Frey:&lt;/b&gt; 423 (58.0%)&lt;br/&gt;
&lt;b style="color:red;"&gt;Omar Fateh:&lt;/b&gt; 259 (35.5%)&lt;br/&gt;
&lt;b&gt;Exhausted:&lt;/b&gt; 47 (6.4%)&lt;br/&gt;
&lt;b&gt;Total Ballots:&lt;/b&gt; 729&lt;br/&gt;
&lt;br/&gt;
&lt;b&gt;Winner: Frey&lt;/b&gt;
]]&gt;</description>
      <Style>
        <PolyStyle>
          <color>cc7c4040</color>
          <fill>1</fill>
          <outline>1</outline>
        </PolyStyle>
        <LineStyle>
          <color>ff000000</color>
          <width>1</width>
        </LineStyle>
      </Style>
    </Placemark>
    <Placemark>
      <name>Minneapolis W-11 P-12</name>
      <description>&lt;![CDATA[
&lt;h3&gt;Minneapolis W-11 P-12&lt;/h3&gt;
&lt;b&gt;RCV Final Round Results:&lt;/b&gt;&lt;br/&gt;
&lt;b style="color:blue;"&gt;Jacob Frey:&lt;/b&gt; 589 (54.3%)&lt;br/&gt;
&lt;b style="color:red;"&gt;Omar Fateh:&lt;/b&gt; 413 (38.1%)&lt;br/&gt;
&lt;b&gt;Exhausted:&lt;/b&gt; 83 (7.6%)&lt;br/&gt;
&lt;b&gt;Total Ballots:&lt;/b&gt; 1,085&lt;br/&gt;
&lt;br/&gt;
&lt;b&gt;Winner: Frey&lt;/b&gt;
]]&gt;</description>
      <Style>
        <PolyStyle>
          <color>cc714040</color>
          <fill>1</fill>
          <outline>1</outline>
        </PolyStyle>
        <LineStyle>
          <color>ff000000</color>
          <width>1</width>
        </LineStyle>
      </Style>
    </Placemark>
    <Placemark>
      <name>Minneapolis W-12 P-1</name>
      <description>&lt;![CDATA[
&lt;h3&gt;Minneapolis W-12 P-1&lt;/h3&gt;
&lt;b&gt;RCV Final Round Results:&lt;/b&gt;&lt;br/&gt;
&lt;b style="color:blue;"&gt;Jacob Frey:&lt;/b&gt; 1,077 (52.1%)&lt;br/&gt;
&lt;b style="color:red;"&gt;Omar Fateh:&lt;/b&gt; 869 (42.0%)&lt;br/&gt;
&lt;b&gt;Exhausted:&lt;/b&gt; 123 (5.9%)&lt;br/&gt;
&lt;b&gt;Total Ballots:&lt;/b&gt; 2,069&lt;br/&gt;
&lt;br/&gt;
&lt;b&gt;Winner: Frey&lt;/b&gt;
]]&gt;</description>
      <Style>
        <PolyStyle>
          <color>cc6a4040</color>
          <fill>1</fill>
          <outline>1</outline>
        </PolyStyle>
        <LineStyle>
          <color>ff000000</color>
          <width>1</width>
        </LineStyle>
      </Style>
    </Placemark>
    <Placemark>
      <name>Minneapolis W-12 P-2</name>
      <description>&lt;![CDATA[
&lt;h3&gt;Minneapolis W-12 P-2&lt;/h3&gt;
&lt;b&gt;RCV Final Round Results:&lt;/b&gt;&lt;br/&gt;
&lt;b style="color:blue;"&gt;Jacob Frey:&lt;/b&gt; 763 (47.5%)&lt;br/&gt;
&lt;b style="color:red;"&gt;Omar Fateh:&lt;/b&gt; 726 (45.1%)&lt;br/&gt;
&lt;b&gt;Exhausted:&lt;/b&gt; 119 (7.4%)&lt;br/&gt;
&lt;b&gt;Total Ballots:&lt;/b&gt; 1,608&lt;br/&gt;
&lt;br/&gt;
&lt;b&gt;Winner: Frey&lt;/b&gt;
]]&gt;</description>
      <Style>
        <PolyStyle>
          <color>cc5c4040</color>
          <fill>1</fill>
          <outline>1</outline>
        </PolyStyle>
        <LineStyle>
          <color>ff000000</color>
          <width>1</width>
        </LineStyle>
      </Style>
    </Placemark>
    <Placemark>
      <name>Minneapolis W-12 P-3</name>
      <description>&lt;![CDATA[
&lt;h3&gt;Minneapolis W-12 P-3&lt;/h3&gt;
&lt;b&gt;RCV Final Round Results:&lt;/b&gt;&lt;br/&gt;
&lt;b style="color:blue;"&gt;Jacob Frey:&lt;/b&gt; 490 (44.0%)&lt;br/&gt;
&lt;b style="color:red;"&gt;Omar Fateh:&lt;/b&gt; 557 (50.0%)&lt;br/&gt;
&lt;b&gt;Exhausted:&lt;/b&gt; 67 (6.0%)&lt;br/&gt;
&lt;b&gt;Total Ballots:&lt;/b&gt; 1,114&lt;br/&gt;
&lt;br/&gt;
&lt;b&gt;Winner: Fateh&lt;/b&gt;
]]&gt;</description>
      <Style>
        <PolyStyle>
          <color>cc404064</color>
          <fill>1</fill>
          <outline>1</outline>
        </PolyStyle>
        <LineStyle>
          <color>ff000000</color>
          <width>1</width>
        </LineStyle>
      </Style>
    </Placemark>
    <Placemark>
      <name>Minneapolis W-12 P-4</name>
      <description>&lt;![CDATA[
&lt;h3&gt;Minneapolis W-12 P-4&lt;/h3&gt;
&lt;b&gt;RCV Final Round Results:&lt;/b&gt;&lt;br/&gt;
&lt;b style="color:blue;"&gt;Jacob Frey:&lt;/b&gt; 721 (44.0%)&lt;br/&gt;
&lt;b style="color:red;"&gt;Omar Fateh:&lt;/b&gt; 789 (48.1%)&lt;br/&gt;
&lt;b&gt;Exhausted:&lt;/b&gt; 129 (7.9%)&lt;br/&gt;
&lt;b&gt;Total Ballots:&lt;/b&gt; 1,639&lt;br/&gt;
&lt;br/&gt;
&lt;b&gt;Winner: Fateh&lt;/b&gt;
]]&gt;</description>
      <Style>
        <PolyStyle>
          <color>cc40405e</color>
          <fill>1</fill>
          <outline>1</outline>
        </PolyStyle>
        <LineStyle>
          <color>ff000000</color>
          <width>1</width>
        </LineStyle>
      </Style>
    </Placemark>
    <Placemark>
      <name>Minneapolis W-12 P-5</name>
      <description>&lt;![CDATA[
&lt;h3&gt;Minneapolis W-12 P-5&lt;/h3&gt;
&lt;b&gt;RCV Final Round Results:&lt;/b&gt;&lt;br/&gt;
&lt;b style="color:blue;"&gt;Jacob Frey:&lt;/b&gt; 436 (46.9%)&lt;br/&gt;
&lt;b style="color:red;"&gt;Omar Fateh:&lt;/b&gt; 430 (46.3%)&lt;br/&gt;
&lt;b&gt;Exhausted:&lt;/b&gt; 63 (6.8%)&lt;br/&gt;
&lt;b&gt;Total Ballots:&lt;/b&gt; 929&lt;br/&gt;
&lt;br/&gt;
&lt;b&gt;Winner: Frey&lt;/b&gt;
]]&gt;</description>
      <Style>
        <PolyStyle>
          <color>cc5a4040</color>
          <fill>1</fill>
          <outline>1</outline>
        </PolyStyle>
        <LineStyle>
          <color>ff000000</color>
          <width>1</width>
        </LineStyle>
      </Style>
    </Placemark>
    <Placemark>
      <name>Minneapolis W-12 P-6</name>
      <description>&lt;![CDATA[
&lt;h3&gt;Minneapolis W-12 P-6&lt;/h3&gt;
&lt;b&gt;RCV Final Round Results:&lt;/b&gt;&lt;br/&gt;
&lt;b style="color:blue;"&gt;Jacob Frey:&lt;/b&gt; 827 (50.2%)&lt;br/&gt;
&lt;b style="color:red;"&gt;Omar Fateh:&lt;/b&gt; 708 (43.0%)&lt;br/&gt;
&lt;b&gt;Exhausted:&lt;/b&gt; 112 (6.8%)&lt;br/&gt;
&lt;b&gt;Total Ballots:&lt;/b&gt; 1,647&lt;br/&gt;
&lt;br/&gt;
&lt;b&gt;Winner: Frey&lt;/b&gt;
]]&gt;</description>
      <Style>
        <PolyStyle>
          <color>cc644040</color>
          <fill>1</fill>
          <outline>1</outline>
        </PolyStyle>
        <LineStyle>
          <color>ff000000</color>
          <width>1</width>
        </LineStyle>
      </Style>
    </Placemark>
    <Placemark>
      <name>Minneapolis W-12 P-7</name>
      <description>&lt;![CDATA[
&lt;h3&gt;Minneapolis W-12 P-7&lt;/h3&gt;
&lt;b&gt;RCV Final Round Results:&lt;/b&gt;&lt;br/&gt;
&lt;b style="color:blue;"&gt;Jacob Frey:&lt;/b&gt; 982 (50.5%)&lt;br/&gt;
&lt;b style="color:red;"&gt;Omar Fateh:&lt;/b&gt; 809 (41.6%)&lt;br/&gt;
&lt;b&gt;Exhausted:&lt;/b&gt; 152 (7.8%)&lt;br/&gt;
&lt;b&gt;Total Ballots:&lt;/b&gt; 1,943&lt;br/&gt;
&lt;br/&gt;
&lt;b&gt;Winner: Frey&lt;/b&gt;
]]&gt;</description>
      <Style>
        <PolyStyle>
          <color>cc654040</color>
          <fill>1</fill>
          <outline>1</outline>
        </PolyStyle>
        <LineStyle>
          <color>ff000000</color>
          <width>1</width>
        </LineStyle>
      </Style>
    </Placemark>
    <Placemark>
      <name>Minneapolis W-12 P-8</name>
      <description>&lt;![CDATA[
&lt;h3&gt;Minneapolis W-12 P-8&lt;/h3&gt;
&lt;b&gt;RCV Final Round Results:&lt;/b&gt;&lt;br/&gt;
&lt;b style="color:blue;"&gt;Jacob Frey:&lt;/b&gt; 709 (53.2%)&lt;br/&gt;
&lt;b style="color:red;"&gt;Omar Fateh:&lt;/b&gt; 523 (39.2%)&lt;br/&gt;
&lt;b&gt;Exhausted:&lt;/b&gt; 101 (7.6%)&lt;br/&gt;
&lt;b&gt;Total Ballots:&lt;/b&gt; 1,333&lt;br/&gt;
&lt;br/&gt;
&lt;b&gt;Winner: Frey&lt;/b&gt;
]]&gt;</description>
      <Style>
        <PolyStyle>
          <color>cc6d4040</color>
          <fill>1</fill>
          <outline>1</outline>
        </PolyStyle>
        <LineStyle>
          <color>ff000000</color>
          <width>1</width>
        </LineStyle>
      </Style>
    </Placemark>
    <Placemark>
      <name>Minneapolis W-12 P-9</name>
      <description>&lt;![CDATA[
&lt;h3&gt;Minneapolis W-12 P-9&lt;/h3&gt;
&lt;b&gt;RCV Final Round Results:&lt;/b&gt;&lt;br/&gt;
&lt;b style="color:blue;"&gt;Jacob Frey:&lt;/b&gt; 589 (52.6%)&lt;br/&gt;
&lt;b style="color:red;"&gt;Omar Fateh:&lt;/b&gt; 449 (40.1%)&lt;br/&gt;
&lt;b&gt;Exhausted:&lt;/b&gt; 81 (7.2%)&lt;br/&gt;
&lt;b&gt;Total Ballots:&lt;/b&gt; 1,119&lt;br/&gt;
&lt;br/&gt;
&lt;b&gt;Winner: Frey&lt;/b&gt;
]]&gt;</description>
      <Style>
        <PolyStyle>
          <color>cc6c4040</color>
          <fill>1</fill>
          <outline>1</outline>
        </PolyStyle>
        <LineStyle>
          <color>ff000000</color>
          <width>1</width>
        </LineStyle>
      </Style>
    </Placemark>
    <Placemark>
      <name>Minneapolis W-12 P-10</name>
      <description>&lt;![CDATA[
&lt;h3&gt;Minneapolis W-12 P-10&lt;/h3&gt;
&lt;b&gt;RCV Final Round Results:&lt;/b&gt;&lt;br/&gt;
&lt;b style="color:blue;"&gt;Jacob Frey:&lt;/b&gt; 958 (59.5%)&lt;br/&gt;
&lt;b style="color:red;"&gt;Omar Fateh:&lt;/b&gt; 496 (30.8%)&lt;br/&gt;
&lt;b&gt;Exhausted:&lt;/b&gt; 157 (9.7%)&lt;br/&gt;
&lt;b&gt;Total Ballots:&lt;/b&gt; 1,611&lt;br/&gt;
&lt;br/&gt;
&lt;b&gt;Winner: Frey&lt;/b&gt;
]]&gt;</description>
      <Style>
        <PolyStyle>
          <color>cc814040</color>
          <fill>1</fill>
          <outline>1</outline>
        </PolyStyle>
        <LineStyle>
          <color>ff000000</color>
          <width>1</width>
        </LineStyle>
      </Style>
    </Placemark>
    <Placemark>
      <name>Minneapolis W-12 P-11</name>
      <description>&lt;![CDATA[
&lt;h3&gt;Minneapolis W-12 P-11&lt;/h3&gt;
&lt;b&gt;RCV Final Round Results:&lt;/b&gt;&lt;br/&gt;
&lt;b style="color:blue;"&gt;Jacob Frey:&lt;/b&gt; 813 (51.3%)&lt;br/&gt;
&lt;b style="color:red;"&gt;Omar Fateh:&lt;/b&gt; 669 (42.2%)&lt;br/&gt;
&lt;b&gt;Exhausted:&lt;/b&gt; 103 (6.5%)&lt;br/&gt;
&lt;b&gt;Total Ballots:&lt;/b&gt; 1,585&lt;br/&gt;
&lt;br/&gt;
&lt;b&gt;Winner: Frey&lt;/b&gt;
]]&gt;</description>
      <Style>
        <PolyStyle>
          <color>cc684040</color>
          <fill>1</fill>
          <outline>1</outline>
        </PolyStyle>
        <LineStyle>
          <color>ff000000</color>
          <width>1</width>
        </LineStyle>
      </Style>
    </Placemark>
    <Placemark>
      <name>Minneapolis W-12 P-12</name>
      <description>&lt;![CDATA[
&lt;h3&gt;Minneapolis W-12 P-12&lt;/h3&gt;
&lt;b&gt;RCV Final Round Results:&lt;/b&gt;&lt;br/&gt;
&lt;b style="color:blue;"&gt;Jacob Frey:&lt;/b&gt; 329 (57.6%)&lt;br/&gt;
&lt;b style="color:red;"&gt;Omar Fateh:&lt;/b&gt; 199 (34.9%)&lt;br/&gt;
&lt;b&gt;Exhausted:&lt;/b&gt; 43 (7.5%)&lt;br/&gt;
&lt;b&gt;Total Ballots:&lt;/b&gt; 571&lt;br/&gt;
&lt;br/&gt;
&lt;b&gt;Winner: Frey&lt;/b&gt;
]]&gt;</description>
      <Style>
        <PolyStyle>
          <color>cc7b4040</color>
          <fill>1</fill>
          <outline>1</outline>
        </PolyStyle>
        <LineStyle>
          <color>ff000000</color>
          <width>1</width>
        </LineStyle>
      </Style>
    </Placemark>
    <Placemark>
      <name>Minneapolis W-13 P-1</name>
      <description>&lt;![CDATA[
&lt;h3&gt;Minneapolis W-13 P-1&lt;/h3&gt;
&lt;b&gt;RCV Final Round Results:&lt;/b&gt;&lt;br/&gt;
&lt;b style="color:blue;"&gt;Jacob Frey:&lt;/b&gt; 1,124 (75.7%)&lt;br/&gt;
&lt;b style="color:red;"&gt;Omar Fateh:&lt;/b&gt; 296 (19.9%)&lt;br/&gt;
&lt;b&gt;Exhausted:&lt;/b&gt; 65 (4.4%)&lt;br/&gt;
&lt;b&gt;Total Ballots:&lt;/b&gt; 1,485&lt;br/&gt;
&lt;br/&gt;
&lt;b&gt;Winner: Frey&lt;/b&gt;
]]&gt;</description>
      <Style>
        <PolyStyle>
          <color>ccb34040</color>
          <fill>1</fill>
          <outline>1</outline>
        </PolyStyle>
        <LineStyle>
          <color>ff000000</color>
          <width>1</width>
        </LineStyle>
      </Style>
    </Placemark>
    <Placemark>
      <name>Minneapolis W-13 P-2</name>
      <description>&lt;![CDATA[
&lt;h3&gt;Minneapolis W-13 P-2&lt;/h3&gt;
&lt;b&gt;RCV Final Round Results:&lt;/b&gt;&lt;br/&gt;
&lt;b style="color:blue;"&gt;Jacob Frey:&lt;/b&gt; 841 (74.9%)&lt;br/&gt;
&lt;b style="color:red;"&gt;Omar Fateh:&lt;/b&gt; 214 (19.1%)&lt;br/&gt;
&lt;b&gt;Exhausted:&lt;/b&gt; 68 (6.1%)&lt;br/&gt;
&lt;b&gt;Total Ballots:&lt;/b&gt; 1,123&lt;br/&gt;
&lt;br/&gt;
&lt;b&gt;Winner: Frey&lt;/b&gt;
]]&gt;</description>
      <Style>
        <PolyStyle>
          <color>ccb14040</color>
          <fill>1</fill>
          <outline>1</outline>
        </PolyStyle>
        <LineStyle>
          <color>ff000000</color>
          <width>1</width>
        </LineStyle>
      </Style>
    </Placemark>
    <Placemark>
      <name>Minneapolis W-13 P-3</name>
      <description>&lt;![CDATA[
&lt;h3&gt;Minneapolis W-13 P-3&lt;/h3&gt;
&lt;b&gt;RCV Final Round Results:&lt;/b&gt;&lt;br/&gt;
&lt;b style="color:blue;"&gt;Jacob Frey:&lt;/b&gt; 792 (66.7%)&lt;br/&gt;
&lt;b style="color:red;"&gt;Omar Fateh:&lt;/b&gt; 323 (27.2%)&lt;br/&gt;
&lt;b&gt;Exhausted:&lt;/b&gt; 72 (6.1%)&lt;br/&gt;
&lt;b&gt;Total Ballots:&lt;/b&gt; 1,187&lt;br/&gt;
&lt;br/&gt;
&lt;b&gt;Winner: Frey&lt;/b&gt;
]]&gt;</description>
      <Style>
        <PolyStyle>
          <color>cc974040</color>
          <fill>1</fill>
          <outline>1</outline>
        </PolyStyle>
        <LineStyle>
          <color>ff000000</color>
          <width>1</width>
        </LineStyle>
      </Style>
    </Placemark>
    <Placemark>
      <name>Minneapolis W-13 P-4</name>
      <description>&lt;![CDATA[
&lt;h3&gt;Minneapolis W-13 P-4&lt;/h3&gt;
&lt;b&gt;RCV Final Round Results:&lt;/b&gt;&lt;br/&gt;
&lt;b style="color:blue;"&gt;Jacob Frey:&lt;/b&gt; 939 (77.9%)&lt;br/&gt;
&lt;b style="color:red;"&gt;Omar Fateh:&lt;/b&gt; 217 (18.0%)&lt;br/&gt;
&lt;b&gt;Exhausted:&lt;/b&gt; 50 (4.1%)&lt;br/&gt;
&lt;b&gt;Total Ballots:&lt;/b&gt; 1,206&lt;br/&gt;
&lt;br/&gt;
&lt;b&gt;Winner: Frey&lt;/b&gt;
]]&gt;</description>
      <Style>
        <PolyStyle>
          <color>ccba4040</color>
          <fill>1</fill>
          <outline>1</outline>
        </PolyStyle>
        <LineStyle>
          <color>ff000000</color>
          <width>1</width>
        </LineStyle>
      </Style>
    </Placemark>
    <Placemark>
      <name>Minneapolis W-13 P-5</name>
      <description>&lt;![CDATA[
&lt;h3&gt;Minneapolis W-13 P-5&lt;/h3&gt;
&lt;b&gt;RCV Final Round Results:&lt;/b&gt;&lt;br/&gt;
&lt;b style="color:blue;"&gt;Jacob Frey:&lt;/b&gt; 982 (80.4%)&lt;br/&gt;
&lt;b style="color:red;"&gt;Omar Fateh:&lt;/b&gt; 179 (14.6%)&lt;br/&gt;
&lt;b&gt;Exhausted:&lt;/b&gt; 61 (5.0%)&lt;br/&gt;
&lt;b&gt;Total Ballots:&lt;/b&gt; 1,222&lt;br/&gt;
&lt;br/&gt;
&lt;b&gt;Winner: Frey&lt;/b&gt;
]]&gt;</description>
      <Style>
        <PolyStyle>
          <color>ccc24040</color>
          <fill>1</fill>
          <outline>1</outline>
        </PolyStyle>
        <LineStyle>
          <color>ff000000</color>
          <width>1</width>
        </LineStyle>
      </Style>
    </Placemark>
    <Placemark>
      <name>Minneapolis W-13 P-6</name>
      <description>&lt;![CDATA[
&lt;h3&gt;Minneapolis W-13 P-6&lt;/h3&gt;
&lt;b&gt;RCV Final Round Results:&lt;/b&gt;&lt;br/&gt;
&lt;b style="color:blue;"&gt;Jacob Frey:&lt;/b&gt; 621 (74.9%)&lt;br/&gt;
&lt;b style="color:red;"&gt;Omar Fateh:&lt;/b&gt; 166 (20.0%)&lt;br/&gt;
&lt;b&gt;Exhausted:&lt;/b&gt; 42 (5.1%)&lt;br/&gt;
&lt;b&gt;Total Ballots:&lt;/b&gt; 829&lt;br/&gt;
&lt;br/&gt;
&lt;b&gt;Winner: Frey&lt;/b&gt;
]]&gt;</description>
      <Style>
        <PolyStyle>
          <color>ccb14040</color>
          <fill>1</fill>
          <outline>1</outline>
        </PolyStyle>
        <LineStyle>
          <color>ff000000</color>
          <width>1</width>
        </LineStyle>
      </Style>
    </Placemark>
    <Placemark>
      <name>Minneapolis W-13 P-7</name>
      <description>&lt;![CDATA[
&lt;h3&gt;Minneapolis W-13 P-7&lt;/h3&gt;
&lt;b&gt;RCV Final Round Results:&lt;/b&gt;&lt;br/&gt;
&lt;b style="color:blue;"&gt;Jacob Frey:&lt;/b&gt; 1,212 (69.2%)&lt;br/&gt;
&lt;b style="color:red;"&gt;Omar Fateh:&lt;/b&gt; 445 (25.4%)&lt;br/&gt;
&lt;b&gt;Exhausted:&lt;/b&gt; 94 (5.4%)&lt;br/&gt;
&lt;b&gt;Total Ballots:&lt;/b&gt; 1,751&lt;br/&gt;
&lt;br/&gt;
&lt;b&gt;Winner: Frey&lt;/b&gt;
]]&gt;</description>
      <Style>
        <PolyStyle>
          <color>cc9f4040</color>
          <fill>1</fill>
          <outline>1</outline>
        </PolyStyle>
        <LineStyle>
          <color>ff000000</color>
          <width>1</width>
        </LineStyle>
      </Style>
    </Placemark>
    <Placemark>
      <name>Minneapolis W-13 P-8</name>
      <description>&lt;![CDATA[
&lt;h3&gt;Minneapolis W-13 P-8&lt;/h3&gt;
&lt;b&gt;RCV Final Round Results:&lt;/b&gt;&lt;br/&gt;
&lt;b style="color:blue;"&gt;Jacob Frey:&lt;/b&gt; 995 (69.2%)&lt;br/&gt;
&lt;b style="color:red;"&gt;Omar Fateh:&lt;/b&gt; 352 (24.5%)&lt;br/&gt;
&lt;b&gt;Exhausted:&lt;/b&gt; 90 (6.3%)&lt;br/&gt;
&lt;b&gt;Total Ballots:&lt;/b&gt; 1,437&lt;br/&gt;
&lt;br/&gt;
&lt;b&gt;Winner: Frey&lt;/b&gt;
]]&gt;</description>
      <Style>
        <PolyStyle>
          <color>cc9f4040</color>
          <fill>1</fill>
          <outline>1</outline>
        </PolyStyle>
        <LineStyle>
          <color>ff000000</color>
          <width>1</width>
        </LineStyle>
      </Style>
    </Placemark>
    <Placemark>
      <name>Minneapolis W-13 P-9</name>
      <description>&lt;![CDATA[
&lt;h3&gt;Minneapolis W-13 P-9&lt;/h3&gt;
&lt;b&gt;RCV Final Round Results:&lt;/b&gt;&lt;br/&gt;
&lt;b style="color:blue;"&gt;Jacob Frey:&lt;/b&gt; 959 (71.9%)&lt;br/&gt;
&lt;b style="color:red;"&gt;Omar Fateh:&lt;/b&gt; 307 (23.0%)&lt;br/&gt;
&lt;b&gt;Exhausted:&lt;/b&gt; 67 (5.0%)&lt;br/&gt;
&lt;b&gt;Total Ballots:&lt;/b&gt; 1,333&lt;br/&gt;
&lt;br/&gt;
&lt;b&gt;Winner: Frey&lt;/b&gt;
]]&gt;</description>
      <Style>
        <PolyStyle>
          <color>cca84040</color>
          <fill>1</fill>
          <outline>1</outline>
        </PolyStyle>
        <LineStyle>
          <color>ff000000</color>
          <width>1</width>
        </LineStyle>
      </Style>
    </Placemark>
    <Placemark>
      <name>Minneapolis W-13 P-10</name>
      <description>&lt;![CDATA[
&lt;h3&gt;Minneapolis W-13 P-10&lt;/h3&gt;
&lt;b&gt;RCV Final Round Results:&lt;/b&gt;&lt;br/&gt;
&lt;b style="color:blue;"&gt;Jacob Frey:&lt;/b&gt; 1,275 (82.2%)&lt;br/&gt;
&lt;b style="color:red;"&gt;Omar Fateh:&lt;/b&gt; 228 (14.7%)&lt;br/&gt;
&lt;b&gt;Exhausted:&lt;/b&gt; 48 (3.1%)&lt;br/&gt;
&lt;b&gt;Total Ballots:&lt;/b&gt; 1,551&lt;br/&gt;
&lt;br/&gt;
&lt;b&gt;Winner: Frey&lt;/b&gt;
]]&gt;</description>
      <Style>
        <PolyStyle>
          <color>ccc74040</color>
          <fill>1</fill>
          <outline>1</outline>
        </PolyStyle>
        <LineStyle>
          <color>ff000000</color>
          <width>1</width>
        </LineStyle>
      </Style>
    </Placemark>
    <Placemark>
      <name>Minneapolis W-13 P-11</name>
      <description>&lt;![CDATA[
&lt;h3&gt;Minneapolis W-13 P-11&lt;/h3&gt;
&lt;b&gt;RCV Final Round Results:&lt;/b&gt;&lt;br/&gt;
&lt;b style="color:blue;"&gt;Jacob Frey:&lt;/b&gt; 1,526 (77.4%)&lt;br/&gt;
&lt;b style="color:red;"&gt;Omar Fateh:&lt;/b&gt; 330 (16.7%)&lt;br/&gt;
&lt;b&gt;Exhausted:&lt;/b&gt; 115 (5.8%)&lt;br/&gt;
&lt;b&gt;Total Ballots:&lt;/b&gt; 1,971&lt;br/&gt;
&lt;br/&gt;
&lt;b&gt;Winner: Frey&lt;/b&gt;
]]&gt;</description>
      <Style>
        <PolyStyle>
          <color>ccb94040</color>
          <fill>1</fill>
          <outline>1</outline>
        </PolyStyle>
        <LineStyle>
          <color>ff000000</color>
          <width>1</width>
        </LineStyle>
      </Style>
    </Placemark>
    <Placemark>
      <name>Minneapolis W-13 P-12</name>
      <description>&lt;![CDATA[
&lt;h3&gt;Minneapolis W-13 P-12&lt;/h3&gt;
&lt;b&gt;RCV Final Round Results:&lt;/b&gt;&lt;br/&gt;
&lt;b style="color:blue;"&gt;Jacob Frey:&lt;/b&gt; 606 (73.4%)&lt;br/&gt;
&lt;b style="color:red;"&gt;Omar Fateh:&lt;/b&gt; 184 (22.3%)&lt;br/&gt;
&lt;b&gt;Exhausted:&lt;/b&gt; 36 (4.4%)&lt;br/&gt;
&lt;b&gt;Total Ballots:&lt;/b&gt; 826&lt;br/&gt;
&lt;br/&gt;
&lt;b&gt;Winner: Frey&lt;/b&gt;
]]&gt;</description>
      <Style>
        <PolyStyle>
          <color>ccac4040</color>
          <fill>1</fill>
          <outline>1</outline>
        </PolyStyle>
        <LineStyle>
          <color>ff000000</color>
          <width>1</width>
        </LineStyle>
      </Style>
    </Placemark>
    <Placemark>
      <name>Minneapolis W-13 P-13</name>
      <description>&lt;![CDATA[
&lt;h3&gt;Minneapolis W-13 P-13&lt;/h3&gt;
&lt;b&gt;RCV Final Round Results:&lt;/b&gt;&lt;br/&gt;
&lt;b style="color:blue;"&gt;Jacob Frey:&lt;/b&gt; 545 (52.9%)&lt;br/&gt;
&lt;b style="color:red;"&gt;Omar Fateh:&lt;/b&gt; 394 (38.3%)&lt;br/&gt;
&lt;b&gt;Exhausted:&lt;/b&gt; 91 (8.8%)&lt;br/&gt;
&lt;b&gt;Total Ballots:&lt;/b&gt; 1,030&lt;br/&gt;
&lt;br/&gt;
&lt;b&gt;Winner: Frey&lt;/b&gt;
]]&gt;</description>
      <Style>
        <PolyStyle>
          <color>cc6d4040</color>
          <fill>1</fill>
          <outline>1</outline>
        </PolyStyle>
        <LineStyle>
          <color>ff000000</color>
          <width>1</width>
        </LineStyle>
      </Style>
    </Placemark>
  </Document>
</kml>